arama,query,repository,repository_url,dosya,path,url,sha
MongoDB bağlantıları,"""mongodb://"" extension:js",moajs/moa-api,https://github.com/moajs/moa-api,db.js,db.js,https://github.com/moajs/moa-api/blob/a6122da093e99ef533962017638574a53f1bf3ff/db.js,4a0f4745d6a895207afb5b4c1b217b31b7606fa0
MongoDB bağlantıları,"""mongodb://"" extension:js",tutsplus/passport-mongo,https://github.com/tutsplus/passport-mongo,db.js,db.js,https://github.com/tutsplus/passport-mongo/blob/1d80d69a2437a9a358a076fc16d43ee0236a8e67/db.js,3c4bd80129030c559819183a120a7e78037e4c7d
MongoDB bağlantıları,"""mongodb://"" extension:js",i5ting/express-starter,https://github.com/i5ting/express-starter,db.js,db.js,https://github.com/i5ting/express-starter/blob/25d82b102eadcc18305a19424e7e2124ecea55f0/db.js,16b36a31db06aa145528bc6bd703d06395263d80
MongoDB bağlantıları,"""mongodb://"" extension:js",Azure-Samples/nodejs-appsvc-cosmosdb-bottleneck,https://github.com/Azure-Samples/nodejs-appsvc-cosmosdb-bottleneck,db.js,db.js,https://github.com/Azure-Samples/nodejs-appsvc-cosmosdb-bottleneck/blob/9c9f62a07d3fa0b980d8e43b7d5550cb905b8824/db.js,395e0dc907563b9d2dc2c876d39076ae1fd5edab
MongoDB bağlantıları,"""mongodb://"" extension:js",myzhibie/microblog,https://github.com/myzhibie/microblog,db.js,db.js,https://github.com/myzhibie/microblog/blob/71d08fb5406932bd6ef47538f764f3cee720a9b1/db.js,3c690afccadf1ec056a7645838e1854753158d9a
MongoDB bağlantıları,"""mongodb://"" extension:js",rsalesc/jude,https://github.com/rsalesc/jude,db.js,db.js,https://github.com/rsalesc/jude/blob/f977134d5de83f17796ab54a39f5c3c6d7c1f74f/db.js,e3a5a16210b0ffbb3b571fb718fee2570f55e67d
MongoDB bağlantıları,"""mongodb://"" extension:js",i5ting/koa2-api,https://github.com/i5ting/koa2-api,db.js,db.js,https://github.com/i5ting/koa2-api/blob/069ee023c67e6b2fbaec17f35d81fc5a4f43a294/db.js,a0b27b6ee3a73aba5f19b75350cd5191ad9a5ddd
MongoDB bağlantıları,"""mongodb://"" extension:js",katyhoward/node-mongo-docker-dev,https://github.com/katyhoward/node-mongo-docker-dev,db.js,db.js,https://github.com/katyhoward/node-mongo-docker-dev/blob/299e7273cef0ec7f321fd4bd379fda1083cf8be8/db.js,d2a592e2d1589457462e4cac4cd2358436457bbb
MongoDB bağlantıları,"""mongodb://"" extension:js",ignivalancy/hano,https://github.com/ignivalancy/hano,db.js,db.js,https://github.com/ignivalancy/hano/blob/94fc72d7fe7d264ba26154ad981a18b05d8d3d11/db.js,a41b6fa1f6a594d0921c374aa1512488c741d6c7
MongoDB bağlantıları,"""mongodb://"" extension:js",cameronembling/orbit-server,https://github.com/cameronembling/orbit-server,db.js,db.js,https://github.com/cameronembling/orbit-server/blob/772e4a33dc43fcd9965a16cc5b24ab775d7dc1e1/db.js,463329620f7b9bf680d74636eacfe09a5ea67285
MongoDB bağlantıları,"""mongodb://"" extension:js",moajs/moa-seed,https://github.com/moajs/moa-seed,db.js,db.js,https://github.com/moajs/moa-seed/blob/bc3e86ce1cb95763d6f430834aad27dbfcf82489/db.js,8d47b60893cc4cb9639b9959241bec3334edb0ab
MongoDB bağlantıları,"""mongodb://"" extension:js",serverless-benchmark/backend,https://github.com/serverless-benchmark/backend,db.js,db.js,https://github.com/serverless-benchmark/backend/blob/6dfa4742f41fc53dfbb3382bc2d4927e5f65a063/db.js,65601fc925a94d33d343d00f26048ecfc71b0ca2
MongoDB bağlantıları,"""mongodb://"" extension:js",manan-jadhav/gdg-trailblazer,https://github.com/manan-jadhav/gdg-trailblazer,db.js,db.js,https://github.com/manan-jadhav/gdg-trailblazer/blob/673aaa2d949b6cc911c798690c6e70aaec5b34f5/db.js,e59b74d13a75b53df6f08e1d55dc3300fb2a3825
MongoDB bağlantıları,"""mongodb://"" extension:js",VISCHub/vet-explorer,https://github.com/VISCHub/vet-explorer,db.js,db.js,https://github.com/VISCHub/vet-explorer/blob/c3434a89970a20e7ecbc8d3ce3c868b51c0ff810/db.js,bd65770d3452d5a02becdfa60e6877b062599b3a
MongoDB bağlantıları,"""mongodb://"" extension:js",spider-yamet/GamesAclowns-Server,https://github.com/spider-yamet/GamesAclowns-Server,db.js,db.js,https://github.com/spider-yamet/GamesAclowns-Server/blob/0346b1b05e758f340a606e1526012a9a0d5db26e/db.js,d58406c229a74c8cc33cb49e8c2e0a934bf08b48
MongoDB bağlantıları,"""mongodb://"" extension:js",SBU-BMI/cancer-data-bridge,https://github.com/SBU-BMI/cancer-data-bridge,db.js,db.js,https://github.com/SBU-BMI/cancer-data-bridge/blob/54ae6a8d2d61f716e81167de1d373dbe8271616d/db.js,f5219b3dbfb70abeba05e20646449f85f311aa3f
MongoDB bağlantıları,"""mongodb://"" extension:js",bocradu/VotingAppServer,https://github.com/bocradu/VotingAppServer,db.js,db.js,https://github.com/bocradu/VotingAppServer/blob/b2343d8ba087f556094929dc68d6db3ba1f1fd39/db.js,42fe937c81550c7b42d000b997e6323ecfab6180
MongoDB bağlantıları,"""mongodb://"" extension:js",prayansh/RLDiscordBot,https://github.com/prayansh/RLDiscordBot,db.js,db.js,https://github.com/prayansh/RLDiscordBot/blob/c035d5aa487712d92672da77d96d3339932ffb61/db.js,d6147b06f713954d23f2901289470b9d2f856d3f
MongoDB bağlantıları,"""mongodb://"" extension:js",lgss/skillzpicker,https://github.com/lgss/skillzpicker,db.js,db.js,https://github.com/lgss/skillzpicker/blob/d31c34fdbb6e6f00a83425469679c9f1bf843c4c/db.js,f076f1c2542b367a426df362bdad937cd75efaeb
MongoDB bağlantıları,"""mongodb://"" extension:js",alexf4/PrepIt,https://github.com/alexf4/PrepIt,db.js,db.js,https://github.com/alexf4/PrepIt/blob/c67aa45d553e27d239c11d964c7afde5d4254d8d/db.js,21d8b5d6e6b395bb3e0315bee08095f5f12fda07
MongoDB bağlantıları,"""mongodb://"" extension:js",adnanrahic/securing-restful-apis-with-jwt,https://github.com/adnanrahic/securing-restful-apis-with-jwt,db.js,db.js,https://github.com/adnanrahic/securing-restful-apis-with-jwt/blob/1115a8145569ab07db7debc3ecb978a63e61d8ff/db.js,4984ca1704a9b0054c438095af868e313d9ea8fa
MongoDB bağlantıları,"""mongodb://"" extension:js",jdavcs/ic4f-api,https://github.com/jdavcs/ic4f-api,db.js,db.js,https://github.com/jdavcs/ic4f-api/blob/8212b27c9d6374e599537e383cd58d9be585a790/db.js,0459ae2ea8bf5c178730258099e176f6387b1a61
MongoDB bağlantıları,"""mongodb://"" extension:js",junixapp/QingBlogBackend,https://github.com/junixapp/QingBlogBackend,db.js,db.js,https://github.com/junixapp/QingBlogBackend/blob/9d021d9e5f07e2ff75f4157218558dbfe5712d34/db.js,5b6f8cab32b54cf41c211cf064a54671f3432d6f
MongoDB bağlantıları,"""mongodb://"" extension:js",moldypenguins/FiremanSam,https://github.com/moldypenguins/FiremanSam,db.js,db.js,https://github.com/moldypenguins/FiremanSam/blob/a762821bcb49c24e8cf10f873ae9344c63d52b1c/db.js,a6abb04c508ca5097b18aa6d06c2554676516092
MongoDB bağlantıları,"""mongodb://"" extension:js",andku83/nodejs-Bulletin-board,https://github.com/andku83/nodejs-Bulletin-board,db.js,db.js,https://github.com/andku83/nodejs-Bulletin-board/blob/8fb81e47c52130740f1111b70de51445cff028cb/db.js,65c731e675e436a34a5d48696c859e4d0f210e98
MongoDB bağlantıları,"""mongodb://"" extension:js",ccns/105-club-fair-game-scoreboard,https://github.com/ccns/105-club-fair-game-scoreboard,db.js,db.js,https://github.com/ccns/105-club-fair-game-scoreboard/blob/5c36c88be43e58457bd654944277d8abdf5216bf/db.js,e46237e20f41d3ddd8080ae89de5d5b87ebba390
MongoDB bağlantıları,"""mongodb://"" extension:js",sambhav-gore/nodejs-docker-compose-demo,https://github.com/sambhav-gore/nodejs-docker-compose-demo,db.js,db.js,https://github.com/sambhav-gore/nodejs-docker-compose-demo/blob/cfe834226698eae2f841f5aa8665c295aeb46543/db.js,2f52f2db3e195a981a2b833456ee670c12e05f5b
MongoDB bağlantıları,"""mongodb://"" extension:js",LOA-SEAD/mplayer_api,https://github.com/LOA-SEAD/mplayer_api,db.js,db.js,https://github.com/LOA-SEAD/mplayer_api/blob/813dda54e9e071d3e80e6d3b0d29e98be2a816fd/db.js,117377793e47bf893a2c7d2f9238ca3a4d4043ba
MongoDB bağlantıları,"""mongodb://"" extension:js",i5ting/koa-mongo-lbs,https://github.com/i5ting/koa-mongo-lbs,db.js,db.js,https://github.com/i5ting/koa-mongo-lbs/blob/65abcce4fbf2dfd8e857402672f06003c2e52fae/db.js,ce0630177e67efb728c7bfac306c3815f5c2def8
MongoDB bağlantıları,"""mongodb://"" extension:js",i5ting/mongooseconfig,https://github.com/i5ting/mongooseconfig,db.js,db.js,https://github.com/i5ting/mongooseconfig/blob/1012bc6d18e6dd4cb367685b216f8655747ecd67/db.js,0030ae4097b4042c663e945967d93efc386526aa
MongoDB bağlantıları,"""mongodb://"" extension:js",BBarkworth/Hue,https://github.com/BBarkworth/Hue,db.js,db.js,https://github.com/BBarkworth/Hue/blob/5fc0f3d0f3ac37fd29314103c77d99fb860a0fdb/db.js,9e66e47e4fc4b80f5c24f92e281a14ca3cd023a5
MongoDB bağlantıları,"""mongodb://"" extension:js",ucn-eu/datauploadserver,https://github.com/ucn-eu/datauploadserver,db.js,db.js,https://github.com/ucn-eu/datauploadserver/blob/d8cda8738475bfd345f3518990bd5b280e731cae/db.js,0c99994214dfb401ccc4bf445664d91784db089b
MongoDB bağlantıları,"""mongodb://"" extension:js",NotSoToxic/MintHub,https://github.com/NotSoToxic/MintHub,j.js,j.js,https://github.com/NotSoToxic/MintHub/blob/3fde5076931b1d5ff53b300a3ecc970e9ee38fc8/j.js,99912fa75f0f03d5543eaf42ae5ddbf050a2b963
MongoDB bağlantıları,"""mongodb://"" extension:js",youjing2100/kube-node,https://github.com/youjing2100/kube-node,db.js,db.js,https://github.com/youjing2100/kube-node/blob/5ac158ac04b79a7dbe4eed1e3aed41b9a518ec64/db.js,88b7643a416ffa35a1b3d62f894e007548313bee
MongoDB bağlantıları,"""mongodb://"" extension:js",wtsi-hgi/gwas_display_app,https://github.com/wtsi-hgi/gwas_display_app,db.js,db.js,https://github.com/wtsi-hgi/gwas_display_app/blob/bb53555021c54630f970160e67a2030e0accafa4/db.js,51a56503643e5b27437f23ace66165e1647f61fd
MongoDB bağlantıları,"""mongodb://"" extension:js",cryptodeal/TN-Twitter,https://github.com/cryptodeal/TN-Twitter,db.js,db.js,https://github.com/cryptodeal/TN-Twitter/blob/7f59d44757f8c52296144d6415facd5bfd28a95b/db.js,88172865e5357bd4dbe1d638c6f0a3b2b153b90e
MongoDB bağlantıları,"""mongodb://"" extension:js",muralim-gwl/nodejs-mongo-mongoose,https://github.com/muralim-gwl/nodejs-mongo-mongoose,db.js,db.js,https://github.com/muralim-gwl/nodejs-mongo-mongoose/blob/e86bb1fa0405332f2cc8313bce1e2bca68b7a3e3/db.js,6ca5d2ca63b331bfe8ece7f3329648b4b0fa3248
MongoDB bağlantıları,"""mongodb://"" extension:js",Edoebzd/Airline-Club-Bot,https://github.com/Edoebzd/Airline-Club-Bot,db.js,db.js,https://github.com/Edoebzd/Airline-Club-Bot/blob/6d34a55a5bae7a49c9f1cfdc36fa108b7b9531e0/db.js,4b376ebbff388453aeab6b8e482f057cd7ff62be
MongoDB bağlantıları,"""mongodb://"" extension:js",Taranpreet26311/nodeapp,https://github.com/Taranpreet26311/nodeapp,db.js,db.js,https://github.com/Taranpreet26311/nodeapp/blob/80427a419a83b5a982c701bfa00001eb296a9a1d/db.js,080129c75cd586ef497b7829278b3ece91fe565b
MongoDB bağlantıları,"""mongodb://"" extension:js",lilsweetcaligula/intermediate-node-course,https://github.com/lilsweetcaligula/intermediate-node-course,db.js,db.js,https://github.com/lilsweetcaligula/intermediate-node-course/blob/83911eedb46562131ae4dd6f51f4e81ce880e9bc/db.js,e9cec815a62b3499e07baf920188e781654c8f09
MongoDB bağlantıları,"""mongodb://"" extension:js",nafiursan/mern_backend,https://github.com/nafiursan/mern_backend,db.js,db.js,https://github.com/nafiursan/mern_backend/blob/020b5898f9f32e3e66a5a6c95fd780c35e3ef232/db.js,13a3f364f14f6424ea2d588effff51fd6160a5e3
MongoDB bağlantıları,"""mongodb://"" extension:js",cbdavide/Orus,https://github.com/cbdavide/Orus,db.js,db.js,https://github.com/cbdavide/Orus/blob/c2e325992ed8d560138e1e94a39faaff5518d4b2/db.js,5b06053154531045f7f22211812eb4df813b1544
MongoDB bağlantıları,"""mongodb://"" extension:js",AdamLJohnson/SocialMapper,https://github.com/AdamLJohnson/SocialMapper,db.js,db.js,https://github.com/AdamLJohnson/SocialMapper/blob/7f1a95168349bf59764eb7a7501e72ef6f880900/db.js,c92012ed1e5fed07d2f3921386ab07a60019dafa
MongoDB bağlantıları,"""mongodb://"" extension:js",mustbebuilt/node-express-mongoose-ejs,https://github.com/mustbebuilt/node-express-mongoose-ejs,db.js,db.js,https://github.com/mustbebuilt/node-express-mongoose-ejs/blob/7271106f92ee57a2634dedee1066aca9c5ff8261/db.js,745569efb78925dc7b5e59a1b9e6f8b7f1e38931
MongoDB bağlantıları,"""mongodb://"" extension:js",tonmanna/BlankEJSMEAN,https://github.com/tonmanna/BlankEJSMEAN,CG.js,CG.js,https://github.com/tonmanna/BlankEJSMEAN/blob/29dbeedf3242bf1e692d6fbf75cdb2a773b1e23c/CG.js,97a7c39caa0bc7037be5963f1b8170cf80272a4a
MongoDB bağlantıları,"""mongodb://"" extension:js",sshailesh49/Node-To-MongoDB,https://github.com/sshailesh49/Node-To-MongoDB,db.js,db.js,https://github.com/sshailesh49/Node-To-MongoDB/blob/8ec2d48cd2a61f758a4568e5512d7bcbe05216b5/db.js,3a52e2b92026e877ce2f5b2e9e85bf8a561582e9
MongoDB bağlantıları,"""mongodb://"" extension:js",maikolrincon1102/broker-api,https://github.com/maikolrincon1102/broker-api,db.js,db.js,https://github.com/maikolrincon1102/broker-api/blob/c78444573ba3b9a1215485f017d4219e72c07c6f/db.js,9bd529717665ce52c72a539c7dba58d766d788a9
MongoDB bağlantıları,"""mongodb://"" extension:js",cmccormack/gamescraper,https://github.com/cmccormack/gamescraper,db.js,db.js,https://github.com/cmccormack/gamescraper/blob/9530aabdac0fdc2acbdfc259f4d7778982c1e1c7/db.js,fb3a386e4a9ccaabcc6a13f4dc074d8a4e8109d7
MongoDB bağlantıları,"""mongodb://"" extension:js",kldavis4/chess-api,https://github.com/kldavis4/chess-api,db.js,db.js,https://github.com/kldavis4/chess-api/blob/786f262453778a3b29a60d720095ed7c2f2f3594/db.js,b50b20843dd01eebfb72c805b9f4e554317e1087
MongoDB bağlantıları,"""mongodb://"" extension:js",lfender6445/shorty,https://github.com/lfender6445/shorty,db.js,db.js,https://github.com/lfender6445/shorty/blob/e6e4991887f069037cfb54b0c28e73d1c2133282/db.js,f6c1a57cc60a143e89715345ee8bd78383c4485f
MongoDB bağlantıları,"""mongodb://"" extension:js",richdurazo/herenow-api,https://github.com/richdurazo/herenow-api,db.js,db.js,https://github.com/richdurazo/herenow-api/blob/11494053ce47b52a79664ad729bb87a8ad00f84d/db.js,9b39966a8e8078156c516755c530b61821a03007
MongoDB bağlantıları,"""mongodb://"" extension:js",TeamThresh/Lantern-analyzer,https://github.com/TeamThresh/Lantern-analyzer,db.js,db.js,https://github.com/TeamThresh/Lantern-analyzer/blob/c579d54e1004d5acc8b15c26a4563aaed1e9fc9a/db.js,77d2951c1627f44dade8c2e38637bfcad9d65374
MongoDB bağlantıları,"""mongodb://"" extension:js",krunalbhongade/Ecommerce,https://github.com/krunalbhongade/Ecommerce,db.js,db.js,https://github.com/krunalbhongade/Ecommerce/blob/4e0c2565350d1f631516637bd21d6ac779451a30/db.js,6a60dc56321b88734c2bac652aa82dc006d95563
MongoDB bağlantıları,"""mongodb://"" extension:js",byodian/node-docker-deploy,https://github.com/byodian/node-docker-deploy,db.js,db.js,https://github.com/byodian/node-docker-deploy/blob/f90e946fb09f29f43d28477a3d7b40503965290c/db.js,e5b2933ae60f8b8f1506752483d410c96360875a
MongoDB bağlantıları,"""mongodb://"" extension:js",weirenren/pashanhu,https://github.com/weirenren/pashanhu,db.js,db.js,https://github.com/weirenren/pashanhu/blob/3836fd4c9c474a35cc74cf1782a3e64bd307b889/db.js,b7b977bdc463aed6ecfdbc29f10b31c709c3bf09
MongoDB bağlantıları,"""mongodb://"" extension:js",NuttJJ/shopping-backend,https://github.com/NuttJJ/shopping-backend,db.js,db.js,https://github.com/NuttJJ/shopping-backend/blob/c373be064936e1438185121277efa85f03fae5c9/db.js,04d42be3899839497a12f7d8b01f61b6fcdfd9da
MongoDB bağlantıları,"""mongodb://"" extension:js",MCheca/Twitter-Pokemon-Generator,https://github.com/MCheca/Twitter-Pokemon-Generator,db.js,db.js,https://github.com/MCheca/Twitter-Pokemon-Generator/blob/a98e52160c000d055c63056c3bd7507463720bec/db.js,377c58f32821e87cbdbf4561023d6b87c9e6d94e
MongoDB bağlantıları,"""mongodb://"" extension:js",menon123/blog_app,https://github.com/menon123/blog_app,db.js,db.js,https://github.com/menon123/blog_app/blob/b820fc58bc8f57ece32ab581945bf369e28c1e4c/db.js,bb41452fb4c5d2c046d2654f878e86e359bcb76b
MongoDB bağlantıları,"""mongodb://"" extension:js",SebastianGerS/instagram-clone-api,https://github.com/SebastianGerS/instagram-clone-api,db.js,db.js,https://github.com/SebastianGerS/instagram-clone-api/blob/1517da87ca2fafa61da2ec0d6136e53716eff5fd/db.js,28e27a1ddd3e325b0e9a4e8af36b73ba190056e1
MongoDB bağlantıları,"""mongodb://"" extension:js",prisamuel/identity,https://github.com/prisamuel/identity,db.js,db.js,https://github.com/prisamuel/identity/blob/e70e5462c7ada283bdceb282fb38a79f96b3ba41/db.js,c7e33bf967a7ab6d4aa256ba24253c21845c92fe
MongoDB bağlantıları,"""mongodb://"" extension:js",kittisak-suriyawong/workshop,https://github.com/kittisak-suriyawong/workshop,db.js,db.js,https://github.com/kittisak-suriyawong/workshop/blob/8265e82805e432551f236d5f6a75e166f1d08d8e/db.js,d0a26b7bfb738e9bef2e0e25773b176ec0d097bc
MongoDB bağlantıları,"""mongodb://"" extension:js",joshbaumann/oauth,https://github.com/joshbaumann/oauth,db.js,db.js,https://github.com/joshbaumann/oauth/blob/5d0736d6e99f37e77e966b4cd09dccd2bc9d9c10/db.js,1d95d7fc4bfd915d1a8b007805829ef1a55f9090
MongoDB bağlantıları,"""mongodb://"" extension:js",jakelime/my-express-app,https://github.com/jakelime/my-express-app,db.js,db.js,https://github.com/jakelime/my-express-app/blob/7a579550c04c8b5b8af84b0f56c4ec0eb80cd14b/db.js,15b481770965d3d3a10d590437e53a218c5b6f54
MongoDB bağlantıları,"""mongodb://"" extension:js",chayodom-khruesuk/workshop-commerce-with-Nodejs,https://github.com/chayodom-khruesuk/workshop-commerce-with-Nodejs,db.js,db.js,https://github.com/chayodom-khruesuk/workshop-commerce-with-Nodejs/blob/f6186455ae3a7e017235554096ddecd910d2caf2/db.js,e0ebd168d173f455bdc5769d330883a146244267
MongoDB bağlantıları,"""mongodb://"" extension:js",s224021028/sit737-2025-t1-prac7p,https://github.com/s224021028/sit737-2025-t1-prac7p,db.js,db.js,https://github.com/s224021028/sit737-2025-t1-prac7p/blob/c67bb32126087763d0a2ff19a2f48d7183dd9bcf/db.js,ec9b9502daec5219f3f1f33dcc4fd4f54317cd0c
MongoDB bağlantıları,"""mongodb://"" extension:js",vaibhavdesai137/njs-blog-app,https://github.com/vaibhavdesai137/njs-blog-app,db.js,db.js,https://github.com/vaibhavdesai137/njs-blog-app/blob/8d41bc2b652880a4d99de653acf22ca62998339b/db.js,6d60709f3e1b6044ed988846c1b866325c8ee9e0
MongoDB bağlantıları,"""mongodb://"" extension:js",NenyeIkpa/alx-files_manager,https://github.com/NenyeIkpa/alx-files_manager,db.js,db.js,https://github.com/NenyeIkpa/alx-files_manager/blob/6fc60dad52a7565b07319b0e4bbf67830da22461/db.js,bf5c4acd3d5fdc84df45de3bff2678dd733b2d05
MongoDB bağlantıları,"""mongodb://"" extension:js",DylanQL/PRAC01-DOCKER,https://github.com/DylanQL/PRAC01-DOCKER,db.js,db.js,https://github.com/DylanQL/PRAC01-DOCKER/blob/b14a66dec528536b60f2762e082fb8aab5839587/db.js,4cd09fc55b8976267dcd3b8950baa9df6e167db8
MongoDB bağlantıları,"""mongodb://"" extension:js",TPKapgate/Polling,https://github.com/TPKapgate/Polling,db.js,db.js,https://github.com/TPKapgate/Polling/blob/32d8db54a1cee6a2a71d41c519788146d43ba4c5/db.js,41467c3a84d3fffb3f27c9df489ba440c633cf67
MongoDB bağlantıları,"""mongodb://"" extension:js",jeffersonrojas150/delivery-app-aws,https://github.com/jeffersonrojas150/delivery-app-aws,db.js,db.js,https://github.com/jeffersonrojas150/delivery-app-aws/blob/d86adc471cae9529a0d7e4bb9b9db863eea2d1e9/db.js,0c22ad0ebe6628c50dbb83852ce68adede39f6e0
MongoDB bağlantıları,"""mongodb://"" extension:js",ox1g3n/finalweblab,https://github.com/ox1g3n/finalweblab,2b.js,2b.js,https://github.com/ox1g3n/finalweblab/blob/3ff186a632b17a6f1b157aa1dd4573a4287fd73e/2b.js,e813ba9766e4af878694eef06a228fee1d9efbcf
MongoDB bağlantıları,"""mongodb://"" extension:js",rachelf27/full_stack_app_containerization,https://github.com/rachelf27/full_stack_app_containerization,db.js,db.js,https://github.com/rachelf27/full_stack_app_containerization/blob/3499b847de784bb39d4a6cbc56885092c56843fb/db.js,0da8c75ed7822591b18329288114d59bfb9660b0
MongoDB bağlantıları,"""mongodb://"" extension:js",krutika12yeola/Resturent_Website,https://github.com/krutika12yeola/Resturent_Website,db.js,db.js,https://github.com/krutika12yeola/Resturent_Website/blob/1ff351ea357705bcdee3364e8925f4dc5d63f9b7/db.js,90ac67de9e2bc09d3ed4efc086bb9511dec1cf43
MongoDB bağlantıları,"""mongodb://"" extension:js",arshiyasul0/GoFood-WebApp,https://github.com/arshiyasul0/GoFood-WebApp,db.js,db.js,https://github.com/arshiyasul0/GoFood-WebApp/blob/7b05756dcef98f6a668094fef43e63b422bb398a/db.js,9cd1951742e77a2c225e5b0cbe112006a357a1b8
MongoDB bağlantıları,"""mongodb://"" extension:js",teampipatpol/back30-8,https://github.com/teampipatpol/back30-8,db.js,db.js,https://github.com/teampipatpol/back30-8/blob/ee37ab56a4922392930b492489e152bfbc4eaaf7/db.js,401419dbf2215dd130ecf250a12b3b100c68e190
MongoDB bağlantıları,"""mongodb://"" extension:js",Nditah/docker-node,https://github.com/Nditah/docker-node,db.js,db.js,https://github.com/Nditah/docker-node/blob/d9ff1a3f6ecb5f79229a38f85d6a7400bf348054/db.js,1def1389dd05f0c420b178ecaf78c854492da9e2
MongoDB bağlantıları,"""mongodb://"" extension:js",DraCod2002/app-node,https://github.com/DraCod2002/app-node,db.js,db.js,https://github.com/DraCod2002/app-node/blob/3a0515fb18e0cbbab1ee8d19dacf50a5b98b6d58/db.js,b9324806400185e486349af50ff2a3cf968c5b6a
MongoDB bağlantıları,"""mongodb://"" extension:js",ramanjaneya-karnati/securing-node-api-with-jwt-token,https://github.com/ramanjaneya-karnati/securing-node-api-with-jwt-token,db.js,db.js,https://github.com/ramanjaneya-karnati/securing-node-api-with-jwt-token/blob/7cba053b5c1974f3b08fd88c187ca50ea31a9ad4/db.js,0720ab5316472fb29363318ca5da9b21d5b61a74
MongoDB bağlantıları,"""mongodb://"" extension:js",slooker/technical-assessment,https://github.com/slooker/technical-assessment,db.js,db.js,https://github.com/slooker/technical-assessment/blob/23d2b40d4b4f3e8ceeb1ca7bf0e2e9699ce4691b/db.js,050fbf1b7712255b36597dccf25754a780c592f0
MongoDB bağlantıları,"""mongodb://"" extension:js",FreeFelix/alx-files_manager,https://github.com/FreeFelix/alx-files_manager,db.js,db.js,https://github.com/FreeFelix/alx-files_manager/blob/1b44679d83019a3c576e84a2986f6fb65f124f0e/db.js,ba9b6e6bce2fae9182bf5088a3915069e6a1f590
MongoDB bağlantıları,"""mongodb://"" extension:js",bclinkinbeard/egghead-getting-started-with-express,https://github.com/bclinkinbeard/egghead-getting-started-with-express,db.js,db.js,https://github.com/bclinkinbeard/egghead-getting-started-with-express/blob/f9243db89b4bc643f8d2c217656e10aac0c999ed/db.js,5652bacbb57c7e3f0cde8d2c2e0c8c102e8a0871
MongoDB bağlantıları,"""mongodb://"" extension:js",RentCar/car-git,https://github.com/RentCar/car-git,db.js,db.js,https://github.com/RentCar/car-git/blob/0493d31f94da915b6da8f91d2c264f34a7a74015/db.js,a81a273870c096b8e39de6e47b6949a3809015ed
MongoDB bağlantıları,"""mongodb://"" extension:js",retrojorgen/kode24-jul2018score,https://github.com/retrojorgen/kode24-jul2018score,db.js,db.js,https://github.com/retrojorgen/kode24-jul2018score/blob/a94a93dd57355a903b629529e3362e6fc65c1afb/db.js,157aa135f2666680fdaa625e34e2d37fa03ddcbc
MongoDB bağlantıları,"""mongodb://"" extension:js",jfix/revenues-api,https://github.com/jfix/revenues-api,db.js,db.js,https://github.com/jfix/revenues-api/blob/9f9d91c188f1390d442c99642d75f9404ad3b48d/db.js,facd2adaa3b9dfbc5038304d51733ef17992849d
MongoDB bağlantıları,"""mongodb://"" extension:js",Casper0513/GemoneyWeb,https://github.com/Casper0513/GemoneyWeb,db.js,db.js,https://github.com/Casper0513/GemoneyWeb/blob/d142ee40a44250a75c479b0ed1650e9be971ce73/db.js,7047578ace1775feb1f7d6b9976e34f8eca261fd
MongoDB bağlantıları,"""mongodb://"" extension:js",john3374/acidrain,https://github.com/john3374/acidrain,db.js,db.js,https://github.com/john3374/acidrain/blob/e6cf73a50a4bc94aad3b5a409e9dc85122692df2/db.js,cb718ba5bf366e9da29cea7be8907f5d89fa9261
MongoDB bağlantıları,"""mongodb://"" extension:js",ecojuntak/api-gateway,https://github.com/ecojuntak/api-gateway,db.js,db.js,https://github.com/ecojuntak/api-gateway/blob/820b314f2b29221bdd7963c1c8492024156fc722/db.js,82f18fd572614b4404885ec8c8c5b4bf1ebeb240
MongoDB bağlantıları,"""mongodb://"" extension:js",Keradion/alx-files_manager,https://github.com/Keradion/alx-files_manager,t.js,t.js,https://github.com/Keradion/alx-files_manager/blob/2840c832d8080babaece26b0cfd35af267d4efe8/t.js,5e91fe33c9379e2feb0ba45925df62fc52755669
MongoDB bağlantıları,"""mongodb://"" extension:js",opensource-place/backend,https://github.com/opensource-place/backend,db.js,db.js,https://github.com/opensource-place/backend/blob/29769866b1d9357a3e6e63be240e184f47579535/db.js,3524b486683d23159b72d9bdf49cb0a2f7dc13e3
MongoDB bağlantıları,"""mongodb://"" extension:js",ccjoe/jcmvc,https://github.com/ccjoe/jcmvc,jc.js,jc.js,https://github.com/ccjoe/jcmvc/blob/61ed9f73836f2511c4998a7857828c388c88b99f/jc.js,27e89d5cb3a66b97740933d4ba03fb26e5f3588d
MongoDB bağlantıları,"""mongodb://"" extension:js",CambridgeComputing/dhcp-client-counter,https://github.com/CambridgeComputing/dhcp-client-counter,db.js,db.js,https://github.com/CambridgeComputing/dhcp-client-counter/blob/284bf50865ed4dce45d0b2025823f31f2a6702c8/db.js,91322009d9d22eb42d928757f4c8f458b5b01525
MongoDB bağlantıları,"""mongodb://"" extension:js",daudayal1987/authentication_demo,https://github.com/daudayal1987/authentication_demo,db.js,db.js,https://github.com/daudayal1987/authentication_demo/blob/1b9dbfbb859cab21c7f3b4fdce8325ed022f7d28/db.js,1bb1061c6c9099e8d815b09beff3ec84fbae4351
MongoDB bağlantıları,"""mongodb://"" extension:js",balasan/clon3s,https://github.com/balasan/clon3s,db.js,db.js,https://github.com/balasan/clon3s/blob/360ad583a110e5fd37ff1c2e8c0038b93e3f558f/db.js,aa9a99631a2edd68e7f36821d34de230b3787420
MongoDB bağlantıları,"""mongodb://"" extension:js",billy-reilly/leaderboard-api,https://github.com/billy-reilly/leaderboard-api,db.js,db.js,https://github.com/billy-reilly/leaderboard-api/blob/bc90a2c4049fb9bfb1e14a2123bf9af0d2cdb44c/db.js,13e22faf7fc35aa404bb52b63616f53f305c9b84
MongoDB bağlantıları,"""mongodb://"" extension:js",DaniSoi/messenger.backend-server,https://github.com/DaniSoi/messenger.backend-server,db.js,db.js,https://github.com/DaniSoi/messenger.backend-server/blob/5e795e71d3308e7ea1cdddb0753e536a37fa9f48/db.js,ff06dec8d72cb385e5ea9c85b464e64510ae7012
MongoDB bağlantıları,"""mongodb://"" extension:js",sgcol/aut,https://github.com/sgcol/aut,db.js,db.js,https://github.com/sgcol/aut/blob/43b6c8cf9681799e3bce5a093aa1d08d45d1ccb1/db.js,bd0f72fd89695889c7703a1a6b0e22bfe1846a43
MongoDB bağlantıları,"""mongodb://"" extension:js",lanbau/mongdb-example,https://github.com/lanbau/mongdb-example,db.js,db.js,https://github.com/lanbau/mongdb-example/blob/0fc8603243140d5c9c2b8f01b3f7587a0cf89fd9/db.js,3d9a4ebd9c04ca45343ddb7c87e100633deda374
MongoDB bağlantıları,"""mongodb://"" extension:js",Kamonlak-Wongsanga/nodeJsTraining,https://github.com/Kamonlak-Wongsanga/nodeJsTraining,db.js,db.js,https://github.com/Kamonlak-Wongsanga/nodeJsTraining/blob/6d67e1d20958c520ccc6ed85ea3409f468ae3843/db.js,137fa815499c247c844a989e65dd7e82ddce8ea6
MongoDB bağlantıları,"""mongodb://"" extension:js",piryaphon2003/npx,https://github.com/piryaphon2003/npx,db.js,db.js,https://github.com/piryaphon2003/npx/blob/8bcdb63708d5638b2453dc888a0e4bac065f8c71/db.js,a52acdbecd531fffdf84a6e692d0fb59ddf4e6f7
MongoDB bağlantıları,"""mongodb://"" extension:js",justinrsmith/four-factors-spread-api,https://github.com/justinrsmith/four-factors-spread-api,db.js,db.js,https://github.com/justinrsmith/four-factors-spread-api/blob/7766f6688d99f21436a77048dfe86ff41af01aca/db.js,7f63af8b69b4e40a8235da6a64506c0ece58409b
MongoDB bağlantıları,"""mongodb://"" extension:js",richrliu/Shrine,https://github.com/richrliu/Shrine,db.js,db.js,https://github.com/richrliu/Shrine/blob/1048fd55b09e7ea3891bdc58fb04745505e66c56/db.js,d58406c229a74c8cc33cb49e8c2e0a934bf08b48
MongoDB bağlantıları,"""mongodb://"" extension:js",youralien/booltheweb,https://github.com/youralien/booltheweb,db.js,db.js,https://github.com/youralien/booltheweb/blob/277a7701dcfff91854033bd49bb0b8c11d42612e/db.js,d58406c229a74c8cc33cb49e8c2e0a934bf08b48
MongoDB bağlantıları,"""mongodb://"" extension:js",agrajm/passport-mongo,https://github.com/agrajm/passport-mongo,db.js,db.js,https://github.com/agrajm/passport-mongo/blob/90c14977b24bf12d0315dc91de5c182eff18e9ff/db.js,d58406c229a74c8cc33cb49e8c2e0a934bf08b48
MongoDB bağlantıları,"""mongodb://"" extension:js",cnlile/pocketjs,https://github.com/cnlile/pocketjs,mongo.js,models/mongo.js,https://github.com/cnlile/pocketjs/blob/84c5cd2fae03c5b7133a0a01747c0e4bd8132f20/models/mongo.js,379f3593f88dacfdf677887f884da6199ae29c2a
MongoDB bağlantıları,"""mongodb://"" extension:js",JaleelKessler/nodejs-appsvc-cosmosdb-bottleneck,https://github.com/JaleelKessler/nodejs-appsvc-cosmosdb-bottleneck,db.js,db.js,https://github.com/JaleelKessler/nodejs-appsvc-cosmosdb-bottleneck/blob/d2552391c70901cf60fc8410c6c742595e28141c/db.js,395e0dc907563b9d2dc2c876d39076ae1fd5edab
MongoDB bağlantıları,"""mongodb://"" extension:js",dakoujia/node-register-login-demo,https://github.com/dakoujia/node-register-login-demo,db.js,db.js,https://github.com/dakoujia/node-register-login-demo/blob/71d08fb5406932bd6ef47538f764f3cee720a9b1/db.js,3c690afccadf1ec056a7645838e1854753158d9a
MongoDB bağlantıları,"""mongodb://"" extension:js",damayantiazure/nodejs-appsvc-cosmosdb-loadtest,https://github.com/damayantiazure/nodejs-appsvc-cosmosdb-loadtest,db.js,db.js,https://github.com/damayantiazure/nodejs-appsvc-cosmosdb-loadtest/blob/6d9988b32cfb78b7bf17d7dd5e638dbdb21d63db/db.js,395e0dc907563b9d2dc2c876d39076ae1fd5edab
MongoDB bağlantıları,"""mongodb://"" extension:js",issacnitin/SampleApp,https://github.com/issacnitin/SampleApp,db.js,db.js,https://github.com/issacnitin/SampleApp/blob/0017398aba06cd6f413e7045de6af7166511985e/db.js,395e0dc907563b9d2dc2c876d39076ae1fd5edab
MongoDB bağlantıları,"""mongodb://"" extension:js",zerbusdetroy/artwebsite,https://github.com/zerbusdetroy/artwebsite,db.js,db.js,https://github.com/zerbusdetroy/artwebsite/blob/c68a9d8a98a17978670e61eb80ecfc43039a6d47/db.js,d58406c229a74c8cc33cb49e8c2e0a934bf08b48
MongoDB bağlantıları,"""mongodb://"" extension:js",katyhoward/node-mongo-kubernetes-helm,https://github.com/katyhoward/node-mongo-kubernetes-helm,db.js,db.js,https://github.com/katyhoward/node-mongo-kubernetes-helm/blob/660f5ec2600d3ab7f7bc6c9909509080c3564626/db.js,6ca5d2ca63b331bfe8ece7f3329648b4b0fa3248
MongoDB bağlantıları,"""mongodb://"" extension:js",atwin140/node_project,https://github.com/atwin140/node_project,db.js,db.js,https://github.com/atwin140/node_project/blob/3e301e8b9601011d06569f9fd93b85460f35cfaa/db.js,d2a592e2d1589457462e4cac4cd2358436457bbb
MongoDB bağlantıları,"""mongodb://"" extension:js",katyhoward/node-kubernetes,https://github.com/katyhoward/node-kubernetes,db.js,db.js,https://github.com/katyhoward/node-kubernetes/blob/b6fd521f8ce74aa2ce81f4404d45b4faa6a53d73/db.js,d2a592e2d1589457462e4cac4cd2358436457bbb
MongoDB bağlantıları,"""mongodb://"" extension:js",atwin140/nodejs,https://github.com/atwin140/nodejs,db.js,db.js,https://github.com/atwin140/nodejs/blob/2f93d4444e84d5ccf69edb8bf7c4b10a082de1e8/db.js,d2a592e2d1589457462e4cac4cd2358436457bbb
MongoDB bağlantıları,"""mongodb://"" extension:js",kittisak-suriyawong/NextJSNew1,https://github.com/kittisak-suriyawong/NextJSNew1,db.js,db.js,https://github.com/kittisak-suriyawong/NextJSNew1/blob/e7020276621f4cfc414aca78db719b355b0dbaf4/db.js,d0a26b7bfb738e9bef2e0e25773b176ec0d097bc
MongoDB bağlantıları,"""mongodb://"" extension:js",Lebroncorp/alx-files_manager,https://github.com/Lebroncorp/alx-files_manager,db.js,db.js,https://github.com/Lebroncorp/alx-files_manager/blob/d2bda1b98d365c057b3dbe0ab7a1516a1c6f781f/db.js,bf5c4acd3d5fdc84df45de3bff2678dd733b2d05
MongoDB bağlantıları,"""mongodb://"" extension:js",Henryn007/alx-files_manager,https://github.com/Henryn007/alx-files_manager,db.js,db.js,https://github.com/Henryn007/alx-files_manager/blob/f7c2861040b00abb362bf30af9470bce90c4ce5b/db.js,bf5c4acd3d5fdc84df45de3bff2678dd733b2d05
MongoDB bağlantıları,"""mongodb://"" extension:js",Pinerealm/alx-files_manager,https://github.com/Pinerealm/alx-files_manager,db.js,utils/db.js,https://github.com/Pinerealm/alx-files_manager/blob/5ec753837586c4546c403c224168d5fa70fccb7e/utils/db.js,0d88c90db88f4d26fcd65ba19565c1b073d3d292
MongoDB bağlantıları,"""mongodb://"" extension:js",DaniSoi/messenger.auth-server,https://github.com/DaniSoi/messenger.auth-server,db.js,db.js,https://github.com/DaniSoi/messenger.auth-server/blob/9d65405f0475449bc147bbb81fe00b8c1c1a5f6e/db.js,ff06dec8d72cb385e5ea9c85b464e64510ae7012
MongoDB bağlantıları,"""mongodb://"" extension:js",mustbebuilt/crud-node-api,https://github.com/mustbebuilt/crud-node-api,db.js,db.js,https://github.com/mustbebuilt/crud-node-api/blob/e3aafe4952e394eb3e6b4064dba27854deaacacd/db.js,745569efb78925dc7b5e59a1b9e6f8b7f1e38931
MongoDB bağlantıları,"""mongodb://"" extension:js",alfonsoh/shark-app,https://github.com/alfonsoh/shark-app,db.js,db.js,https://github.com/alfonsoh/shark-app/blob/f3589c3107aaa12498b3314c6ab8a69282ea3bb9/db.js,d2a592e2d1589457462e4cac4cd2358436457bbb
MongoDB bağlantıları,"""mongodb://"" extension:js",teampipatpol/workshop7-8,https://github.com/teampipatpol/workshop7-8,db.js,db.js,https://github.com/teampipatpol/workshop7-8/blob/4d828cb76ba775cc557ec6fc6317f1e45f8db39b/db.js,401419dbf2215dd130ecf250a12b3b100c68e190
MongoDB bağlantıları,"""mongodb://"" extension:js",react-fullstack/slush-react-fullstack,https://github.com/react-fullstack/slush-react-fullstack,production.js,templates/crud-app/server/config/environment/production.js,https://github.com/react-fullstack/slush-react-fullstack/blob/52dfc1e804416f7fa0f3f5abbb96cd6a7b78b64d/templates/crud-app/server/config/environment/production.js,43e2af26360dc01bafd032f2303e83e108421ca3
MongoDB bağlantıları,"""mongodb://"" extension:js",ericzhang98/studyspace,https://github.com/ericzhang98/studyspace,account.js,account.js,https://github.com/ericzhang98/studyspace/blob/fcf1b62e3d0fb49edd6c822f93956daccbb5c920/account.js,0e3720d928c38dce327bcb5c1fde1cddfed3c9e6
MongoDB bağlantıları,"""mongodb://"" extension:js",keylink/React-native-socket.io-Chat,https://github.com/keylink/React-native-socket.io-Chat,server.js,server/server.js,https://github.com/keylink/React-native-socket.io-Chat/blob/8324c7b23847134463f15972011529a994b77d1d/server/server.js,caed19d7f2654e9a90804091458362bbe31bbb66
MongoDB bağlantıları,"""mongodb://"" extension:js",ClinGen/Spindle-1,https://github.com/ClinGen/Spindle-1,app.js,v01-28-2015BAVA/app.js,https://github.com/ClinGen/Spindle-1/blob/3a19cb9827de5082558251d398bd74605da41175/v01-28-2015BAVA/app.js,e89d061d4eba1aba3bdbb8a0241c3e1ba806ce90
MongoDB bağlantıları,"""mongodb://"" extension:js",MoeidHeidari/PrestoApp,https://github.com/MoeidHeidari/PrestoApp,app.js,app.js,https://github.com/MoeidHeidari/PrestoApp/blob/27357409024adabbd0767a4530ea44acfb94e551/app.js,692e291feee624acf90fbd2edcc4a20bc51ae1e7
MongoDB bağlantıları,"""mongodb://"" extension:js",hisland/my-learn,https://github.com/hisland/my-learn,07.model.findOne.js,mongoose5/07.model.findOne.js,https://github.com/hisland/my-learn/blob/2efedcf3f5184328f2f86d0c11bce54ab44ee7ce/mongoose5/07.model.findOne.js,43131b250e0251b7938f03eee6f3b47524a5a9e3
MongoDB bağlantıları,"""mongodb://"" extension:js",Creeland/getting-started-with-express,https://github.com/Creeland/getting-started-with-express,db.js,db.js,https://github.com/Creeland/getting-started-with-express/blob/b9d230dbf7eb736d5f89ae1b237adf7cd5d60257/db.js,5652bacbb57c7e3f0cde8d2c2e0c8c102e8a0871
MongoDB bağlantıları,"""mongodb://"" extension:js",arupsarkar/OAuth2,https://github.com/arupsarkar/OAuth2,db.js,db.js,https://github.com/arupsarkar/OAuth2/blob/55f48ecbe2db8aa9f207e832790935ff49a11f20/db.js,4984ca1704a9b0054c438095af868e313d9ea8fa
MongoDB bağlantıları,"""mongodb://"" extension:js",benjaminlee712/shopping-website,https://github.com/benjaminlee712/shopping-website,config.js,server/config.js,https://github.com/benjaminlee712/shopping-website/blob/c7b6f2173665e58e33fe2bb21e5c5779054184a5/server/config.js,07f16e959ce22ce14bdee680d118d0678d5f1d65
MongoDB bağlantıları,"""mongodb://"" extension:js",telkomdev/mongodb-manual-field-encryption-example,https://github.com/telkomdev/mongodb-manual-field-encryption-example,index.js,index.js,https://github.com/telkomdev/mongodb-manual-field-encryption-example/blob/9a14cffe4fd89e9ef18825528629c0b5e4040106/index.js,9f68fd7932676f580cf57f72f5418cf516ec62e8
MongoDB bağlantıları,"""mongodb://"" extension:js",JoseRoberto26/chamada-app-back-nodejs,https://github.com/JoseRoberto26/chamada-app-back-nodejs,server.js,server.js,https://github.com/JoseRoberto26/chamada-app-back-nodejs/blob/36560dbccda0f6eafb71389d7d5ec222d19b69f8/server.js,ec3e2c066324287562d5fa74885421c73a3883c3
MongoDB bağlantıları,"""mongodb://"" extension:js",pulgari31/personal-budget-mongodb,https://github.com/pulgari31/personal-budget-mongodb,server.js,server.js,https://github.com/pulgari31/personal-budget-mongodb/blob/efc1c1a825865f87179e9cc89c718aef52f213d3/server.js,c94eed6ad51dbc4fe2a58edcc6e202a9b61e4d90
MongoDB bağlantıları,"""mongodb://"" extension:js",allenwhitedev/SGF_Node,https://github.com/allenwhitedev/SGF_Node,server.js,server.js,https://github.com/allenwhitedev/SGF_Node/blob/145dc71f4d403a0832e87525f9c33dcaa7144f6b/server.js,f4117d94c91f669d51cf6b0b1400c5a0708c3845
MongoDB bağlantıları,"""mongodb://"" extension:js",trjstewart/startup-bingo,https://github.com/trjstewart/startup-bingo,app.js,website/app.js,https://github.com/trjstewart/startup-bingo/blob/7d32bb9b130bb7d4630dbffe27f905460f95de00/website/app.js,6e7778d4f94485a090e9d235a8186c2d8546857c
MongoDB bağlantıları,"""mongodb://"" extension:js",jahncalabrese/Shop-MY-Closet,https://github.com/jahncalabrese/Shop-MY-Closet,configuration.js,server/config/configuration.js,https://github.com/jahncalabrese/Shop-MY-Closet/blob/5a3df525fb846e1cfc0d4f590d2b88b909969782/server/config/configuration.js,77dd414e53db02342686b54eb7d242d23cee436a
MongoDB bağlantıları,"""mongodb://"" extension:js",jarrodkrauszer/social_network_api,https://github.com/jarrodkrauszer/social_network_api,connection.js,config/connection.js,https://github.com/jarrodkrauszer/social_network_api/blob/d7b929474875d76b2739f431cb3937cd74f74b99/config/connection.js,3191947e67ce0deb205ebc774a426ecdc500a051
MongoDB bağlantıları,"""mongodb://"" extension:js",julianpoy/linkjay,https://github.com/julianpoy/linkjay,db.js,backend/models/db.js,https://github.com/julianpoy/linkjay/blob/50365303d6167f98b0ccd235ea185e24a7750d9e/backend/models/db.js,73e13cef030b6493764a8e0985312c4ce5ca144d
MongoDB bağlantıları,"""mongodb://"" extension:js",ThStranick15/social_network_api,https://github.com/ThStranick15/social_network_api,connection.js,config/connection.js,https://github.com/ThStranick15/social_network_api/blob/b3b5ed7aa02ef3b6e329cdbe41928506f0ddf3d4/config/connection.js,0beedeba210d7dc06047496f2c5da2d095e84517
MongoDB bağlantıları,"""mongodb://"" extension:js",ScottMSaller/social-network-api,https://github.com/ScottMSaller/social-network-api,connection.js,config/connection.js,https://github.com/ScottMSaller/social-network-api/blob/7448e229a0fb47802ab70a4ca3b7f8738d12bf10/config/connection.js,1ae4435eabf73b23b23599da44c3ff0b3c121f0a
MongoDB bağlantıları,"""mongodb://"" extension:js",shristigaur/bias-intractives,https://github.com/shristigaur/bias-intractives,app.js,backend/app.js,https://github.com/shristigaur/bias-intractives/blob/6df413d347c6bbb419c2ffe3dc30ef02c5dcdff0/backend/app.js,20047cade2b4d92f6c090fc2acf5dd91c7fa339d
MongoDB bağlantıları,"""mongodb://"" extension:js",Varunjoshi22/todo-summarizer,https://github.com/Varunjoshi22/todo-summarizer,index.js,server/index.js,https://github.com/Varunjoshi22/todo-summarizer/blob/33f9309337f5a5a66fcc83b5b5298f95aff5d2ef/server/index.js,7bc1ec55296487c81db611eb52a47d3298f41539
MongoDB bağlantıları,"""mongodb://"" extension:js",chrwiencke/tusenfryd,https://github.com/chrwiencke/tusenfryd,clean.js,scripts/clean.js,https://github.com/chrwiencke/tusenfryd/blob/d5f513655cfbfdd2256dc2ce4b929e2fe363c407/scripts/clean.js,98e1caaabc30c75565a243a25e7e90a84ea0c1e8
MongoDB bağlantıları,"""mongodb://"" extension:js",donghyeon23/hanghae_blog,https://github.com/donghyeon23/hanghae_blog,index.js,schemas/index.js,https://github.com/donghyeon23/hanghae_blog/blob/e81fce2abcf102f9bce14635a57c8601d8eafc97/schemas/index.js,0e81168f55d68221133fb3992c98827ed03fb603
MongoDB bağlantıları,"""mongodb://"" extension:js",jldeen/shorturl,https://github.com/jldeen/shorturl,server.js,server.js,https://github.com/jldeen/shorturl/blob/34ee1afeda78a1559678f21303fdc5d2ff0cbaeb/server.js,d99cb039d7c1c871c422a0c57b5dd45485332f23
MongoDB bağlantıları,"""mongodb://"" extension:js",minal0818/Hyperlocal-Service-Marketplace,https://github.com/minal0818/Hyperlocal-Service-Marketplace,server.js,backend/server.js,https://github.com/minal0818/Hyperlocal-Service-Marketplace/blob/386a63fc01a98acfbd110edbec4c05721546b937/backend/server.js,47662f6d5a2869bebd1f44a92e1e09fa9bcf3eb8
MongoDB bağlantıları,"""mongodb://"" extension:js",Saxquatchx/nodejs-backend-project,https://github.com/Saxquatchx/nodejs-backend-project,index.js,api/config/index.js,https://github.com/Saxquatchx/nodejs-backend-project/blob/48edfc329eae7947ca3a726ae1584b03f047749e/api/config/index.js,15f90f166b4256f0dc8edfcb46947d56a533e322
MongoDB bağlantıları,"""mongodb://"" extension:js",melike1313/mekanbul,https://github.com/melike1313/mekanbul,db.js,app_api/models/db.js,https://github.com/melike1313/mekanbul/blob/050f7cbe06feca613af5cecc49f3a506f3c7fbdb/app_api/models/db.js,e19745a0d3c36dd11afba2cb9c5527fe60ee0efa
MongoDB bağlantıları,"""mongodb://"" extension:js",drainr/clueless,https://github.com/drainr/clueless,db.js,backend/config/db.js,https://github.com/drainr/clueless/blob/458f9947a87a9d982c765dd25089199541de6168/backend/config/db.js,bb4c176b6802432d6b8b8e800a85d0a176cbe321
MongoDB bağlantıları,"""mongodb://"" extension:js",tweneboah/surf-shop,https://github.com/tweneboah/surf-shop,app.js,surf-shop-v10/app.js,https://github.com/tweneboah/surf-shop/blob/dd4ad69b42e411ce345bc5e4bf3b1caa3d857ef8/surf-shop-v10/app.js,c62b43267bfc64251182e7bf650a3b078f2adcdf
MongoDB bağlantıları,"""mongodb://"" extension:js",mscharan1810/Farm-to-home-mini-project-avishkarna-andhra-internship,https://github.com/mscharan1810/Farm-to-home-mini-project-avishkarna-andhra-internship,fix-ports.js,backend/fix-ports.js,https://github.com/mscharan1810/Farm-to-home-mini-project-avishkarna-andhra-internship/blob/8ca4322f5de9d075d822399aba772a3661ad0cf8/backend/fix-ports.js,6481cf3814637ce057ab80f070f6d536b42ccf60
MongoDB bağlantıları,"""mongodb://"" extension:js",pranjalkhare2004/Online_Judge,https://github.com/pranjalkhare2004/Online_Judge,migrate-mongo-config.js,Backend/migrate-mongo-config.js,https://github.com/pranjalkhare2004/Online_Judge/blob/ac2063f341a3c45ab725c278da3d9c84cde55bf1/Backend/migrate-mongo-config.js,bdfb89362de6ae43844ddb05273de61208caf849
MongoDB bağlantıları,"""mongodb://"" extension:js",Anshum25/skiply,https://github.com/Anshum25/skiply,server.js,src/backend/server.js,https://github.com/Anshum25/skiply/blob/321ba2351d9d2603bd535fe3c2a2b9b19f440058/src/backend/server.js,4b9ab834d9c167ad3a3bd4b977b325c81eca3603
MongoDB bağlantıları,"""mongodb://"" extension:js",jagadesh31/nfforms,https://github.com/jagadesh31/nfforms,drop-indexes.js,backend/drop-indexes.js,https://github.com/jagadesh31/nfforms/blob/16e7d4b75099bc5e64cb280cd3bbd344782f8c1f/backend/drop-indexes.js,04f70ee3d0d7e8273ccdb96a158ea46c0c9a0768
MongoDB bağlantıları,"""mongodb://"" extension:js",janel-developer/WishTender-backend,https://github.com/janel-developer/WishTender-backend,deseeder.js,server/seed/deseeder.js,https://github.com/janel-developer/WishTender-backend/blob/5fa9997662443d1da9f5477e81c5fda502c2903f/server/seed/deseeder.js,423aaecda32d51df9e3118c171f25d8ce51a6ec9
MongoDB bağlantıları,"""mongodb://"" extension:js",mongodb-labs/mongo-kafka-streaming-pipeline,https://github.com/mongodb-labs/mongo-kafka-streaming-pipeline,changeStream.js,ksqldb/src/changeStream.js,https://github.com/mongodb-labs/mongo-kafka-streaming-pipeline/blob/f5e5acfff60e9bfa412c1cc3dd57101beb81d25d/ksqldb/src/changeStream.js,e1e13ef2ed97883f2f0fe14ec6e18a5af369eace
MongoDB bağlantıları,"""mongodb://"" extension:js",fatamaker/blood-connect-Backend,https://github.com/fatamaker/blood-connect-Backend,app.js,app.js,https://github.com/fatamaker/blood-connect-Backend/blob/76abbf32a603aac5f4735068dc9c9670208bf5af/app.js,90635bbeb85a0e4de4141a7a498382991affe058
MongoDB bağlantıları,"""mongodb://"" extension:js",leeacker/refactoru-ajax-countries,https://github.com/leeacker/refactoru-ajax-countries,app.js,app.js,https://github.com/leeacker/refactoru-ajax-countries/blob/9e26f35d784338dff3b12325a77d3f7a1a168451/app.js,12015a00c939c57701c8cbe3232f2e1375b732b6
MongoDB bağlantıları,"""mongodb://"" extension:js",Umasankari0246/InternalPortalCompany,https://github.com/Umasankari0246/InternalPortalCompany,setup.js,internalportalhtml/setup.js,https://github.com/Umasankari0246/InternalPortalCompany/blob/20a4784eaca2d0044fa97a684941e2b509379728/internalportalhtml/setup.js,92b490a15abb5303469c14f42356079968cf1177
MongoDB bağlantıları,"""mongodb://"" extension:js",BobbyValet304/connectify,https://github.com/BobbyValet304/connectify,connection.js,Develop/config/connection.js,https://github.com/BobbyValet304/connectify/blob/c5cd8b5ad65b0f143a35d6703779b08b8f867146/Develop/config/connection.js,8d60f1939b7324cb2fd8301d87da87f77928e70a
MongoDB bağlantıları,"""mongodb://"" extension:js",Jyotish2002/hackitOn,https://github.com/Jyotish2002/hackitOn,index.js,index.js,https://github.com/Jyotish2002/hackitOn/blob/31dddc2407320023133c70cf8eb4377a327171ac/index.js,3cf55dd8ecec5d8ae599171f57e3dabf98aa4aee
MongoDB bağlantıları,"""mongodb://"" extension:js",Khushil-21/Attendance,https://github.com/Khushil-21/Attendance,MySchemas.js,Backend/Database/MySchemas.js,https://github.com/Khushil-21/Attendance/blob/b1f8aadb1c3e9a1fcd160e3b7ee4f741459437cd/Backend/Database/MySchemas.js,452649a8a31a4a8e483ac26b92c5013bdd01e3dd
MongoDB bağlantıları,"""mongodb://"" extension:js",Giash1/Fullstack-React-Ecommerce-Store,https://github.com/Giash1/Fullstack-React-Ecommerce-Store,resetPasswordFixed.js,backend/resetPasswordFixed.js,https://github.com/Giash1/Fullstack-React-Ecommerce-Store/blob/fb0369eab301221bdbd88d6bef1eb8c7f69bda1e/backend/resetPasswordFixed.js,7ce738eda916efeaa417b9ee3c5b7fd970f00f2a
MongoDB bağlantıları,"""mongodb://"" extension:js",mishingo/capitol-watch,https://github.com/mishingo/capitol-watch,development.js,server/config/environment/development.js,https://github.com/mishingo/capitol-watch/blob/772535794e9b4502540a685652f03766554d731a/server/config/environment/development.js,d08af943ba9fc12088624210ba8d88c7230d4fa3
MongoDB bağlantıları,"""mongodb://"" extension:js",kevorkian-mano/lucine-ecommerce_testdriven,https://github.com/kevorkian-mano/lucine-ecommerce_testdriven,create-admin.js,backend/scripts/create-admin.js,https://github.com/kevorkian-mano/lucine-ecommerce_testdriven/blob/11a41280cf0e2cf4b3f93c5ecb497cd755613977/backend/scripts/create-admin.js,7b124f5c330f8914b9c517cc4d205d84746cd076
MongoDB bağlantıları,"""mongodb://"" extension:js",Vaishnavi-S-K/Physical-Event-Experience,https://github.com/Vaishnavi-S-K/Physical-Event-Experience,validateData.js,backend/scripts/validateData.js,https://github.com/Vaishnavi-S-K/Physical-Event-Experience/blob/aa753c87cfd26502fdd9a02c4deedf29527f9a75/backend/scripts/validateData.js,a063c3b6fd71ab1b44ca887a661517d46122eb9c
MongoDB bağlantıları,"""mongodb://"" extension:js",Simonaognyanova05/Hotel-Management-System,https://github.com/Simonaognyanova05/Hotel-Management-System,twoRoomApartReq.js,requests/admin/twoRoomApartReq.js,https://github.com/Simonaognyanova05/Hotel-Management-System/blob/eaa018de70d883f22a07f8d1a651587d42b5a2c4/requests/admin/twoRoomApartReq.js,3c8058d0d898c42b7589b1c832a46287ff863b07
MongoDB bağlantıları,"""mongodb://"" extension:js",hritikkkkk/Wanderlust,https://github.com/hritikkkkk/Wanderlust,app.js,app.js,https://github.com/hritikkkkk/Wanderlust/blob/9cf77480af6046fd3a12c79c82deea6dc3fab261/app.js,77636fd5a971627847c9ffafbd09ab9f5c7d117b
MongoDB bağlantıları,"""mongodb://"" extension:js",Aditya-Tomar/V-CON,https://github.com/Aditya-Tomar/V-CON,dbEnvironmentSetup.js,src/config/db-connection/dbEnvironmentSetup.js,https://github.com/Aditya-Tomar/V-CON/blob/55dbbaa4799ef728084037218f1e471442682a2a/src/config/db-connection/dbEnvironmentSetup.js,0f43c0da91c7d1867c373866a23e78106fb3484d
MongoDB bağlantıları,"""mongodb://"" extension:js",spurgeion4/rms-nft-site,https://github.com/spurgeion4/rms-nft-site,connection.js,connection.js,https://github.com/spurgeion4/rms-nft-site/blob/08965cd2ab282a78360100a4b6bb10f5fc6689d0/connection.js,919213fdb094f764ceb5e73877b36ee99247a773
MongoDB bağlantıları,"""mongodb://"" extension:js",utsav-2323/MONGO-DB,https://github.com/utsav-2323/MONGO-DB,db.js,day13/config/db.js,https://github.com/utsav-2323/MONGO-DB/blob/24a2e9b1cb8142590eb48a9518b052327e5e2309/day13/config/db.js,e90361d86087ec722979f8fb1a15b6cd745143d5
MongoDB bağlantıları,"""mongodb://"" extension:js",priy-am/buzzn-backend,https://github.com/priy-am/buzzn-backend,database.js,config/database.js,https://github.com/priy-am/buzzn-backend/blob/2fb3ee925e3e955d4a002e1a7780af7816981097/config/database.js,bf8ebde0b3056d8df706277d3fdc849817453c09
MongoDB bağlantıları,"""mongodb://"" extension:js",tonyh881722/multi-tenant-cloud-pbx-api,https://github.com/tonyh881722/multi-tenant-cloud-pbx-api,production.js,configs/production.js,https://github.com/tonyh881722/multi-tenant-cloud-pbx-api/blob/596c980d73495c9bf16ab27c938477a0624bfc33/configs/production.js,5d0d8370f664a7883497bc113608a9a173c896b3
MongoDB bağlantıları,"""mongodb://"" extension:js",svill06/FullStackOpen,https://github.com/svill06/FullStackOpen,config.js,Osa 4/utils/config.js,https://github.com/svill06/FullStackOpen/blob/97daa7fd527e6bfb92cea10ef21c03723f01cdb0/Osa 4/utils/config.js,448804efd180ce97e41cea455b294afbacf5bc97
MongoDB bağlantıları,"""mongodb://"" extension:js",tweneboah/mern-complete-guide,https://github.com/tweneboah/mern-complete-guide,app_20190912140126.js,.history/v4-mern-crud/app_20190912140126.js,https://github.com/tweneboah/mern-complete-guide/blob/dbbbed703841deefac5c99177fdef31a00ab6b60/.history/v4-mern-crud/app_20190912140126.js,92ecc109de1ddd9364153d86c92a883b38ef3a76
MongoDB bağlantıları,"""mongodb://"" extension:js",gurjant887511/ui_componts,https://github.com/gurjant887511/ui_componts,listAllUsers.js,backend/listAllUsers.js,https://github.com/gurjant887511/ui_componts/blob/2dcbdfd0fa8c009633c097974351b186dedb1e1f/backend/listAllUsers.js,c33cf824b5635fd2a5ce073fe89359d7a98baddc
MongoDB bağlantıları,"""mongodb://"" extension:js",Adityagaur7078/Backend_Learning_Projects,https://github.com/Adityagaur7078/Backend_Learning_Projects,user.js,Project_05_JWT_Authentication/models/user.js,https://github.com/Adityagaur7078/Backend_Learning_Projects/blob/4c9cef483050b1b20e4f5933bd2cb8f844b44f58/Project_05_JWT_Authentication/models/user.js,b9606247f64319a75108841517855ea83e69296b
MongoDB bağlantıları,"""mongodb://"" extension:js",yashwaghmare123/College-Attendence-Notify,https://github.com/yashwaghmare123/College-Attendence-Notify,cleanDivisionIndex.js,backend/migrations/cleanDivisionIndex.js,https://github.com/yashwaghmare123/College-Attendence-Notify/blob/0b6d8abc2ee52b95ed012199d22bb783a58ddf22/backend/migrations/cleanDivisionIndex.js,a9a80036239c29c45129a98840553d42f428c3b1
MongoDB bağlantıları,"""mongodb://"" extension:js",Umikasaroha/Hostel-Management-System,https://github.com/Umikasaroha/Hostel-Management-System,app.js,app.js,https://github.com/Umikasaroha/Hostel-Management-System/blob/6beb1af880b9df44f4ef7adf3314bfc0cc31a5ea/app.js,06925421d34bcea4e793c11d051e148d75d9cc9c
MongoDB bağlantıları,"""mongodb://"" extension:js",dsins/cryptocurrency-nodes,https://github.com/dsins/cryptocurrency-nodes,config.js,pricepool/config.js,https://github.com/dsins/cryptocurrency-nodes/blob/a52d6c42d6f86f8f6d148ac5c314839c45372ff6/pricepool/config.js,ee2f4c0e8b3a24c1cd9f2d65d17352f429c220ce
MongoDB bağlantıları,"""mongodb://"" extension:js",ggaleanoguerra/express-crud,https://github.com/ggaleanoguerra/express-crud,ControllerUsers.js,bin/controllers/ControllerUsers.js,https://github.com/ggaleanoguerra/express-crud/blob/0daf30b4a87211c42e23128e1fa53daba1b12dea/bin/controllers/ControllerUsers.js,36d2b32a94f69747448e756fe2728fac587333e8
MongoDB bağlantıları,"""mongodb://"" extension:js",RajukrRaja/DreamPlace-,https://github.com/RajukrRaja/DreamPlace-,index.js,backend/index.js,https://github.com/RajukrRaja/DreamPlace-/blob/2f65f58679e3fc1bb81a0767244228e6591add70/backend/index.js,599e49338d305cac513d2826b760369d1bb631b6
MongoDB bağlantıları,"""mongodb://"" extension:js",StephanieEssis/backendManage,https://github.com/StephanieEssis/backendManage,fixRoomsWithNoPrice.js,scripts/fixRoomsWithNoPrice.js,https://github.com/StephanieEssis/backendManage/blob/ec116cb1121617c6f5eb28d317025e9bd0450bdb/scripts/fixRoomsWithNoPrice.js,85791b3903dab2a30bfd3541e35d724677445de8
MongoDB bağlantıları,"""mongodb://"" extension:js",AlejandroPerezMartin/m101js-course,https://github.com/AlejandroPerezMartin/m101js-course,update_multiple.js,Week 2/lesson_examples/update_multiple.js,https://github.com/AlejandroPerezMartin/m101js-course/blob/da99cfef6e8f6472d184e494734b263af541bf2a/Week 2/lesson_examples/update_multiple.js,bfa23b183dd74924d44d75a875df43774fa05e9e
MongoDB bağlantıları,"""mongodb://"" extension:js",KotE830/udemy_web,https://github.com/KotE830/udemy_web,database.js,basic/068_Ajax/data/database.js,https://github.com/KotE830/udemy_web/blob/0c1e36f7515e1e49f4ad33ea825215e76c2fb17a/basic/068_Ajax/data/database.js,2c93327418b61cd2b9361910cde68de803e7608b
MongoDB bağlantıları,"""mongodb://"" extension:js",Immauel/Captive-Record,https://github.com/Immauel/Captive-Record,server.js,microservices/Payments/server.js,https://github.com/Immauel/Captive-Record/blob/51cae30bf6a0df9c903c3c79dcd97c1885ffacc6/microservices/Payments/server.js,ed8748ce60e1944ea4a24394b6052e1be0f419f5
MongoDB bağlantıları,"""mongodb://"" extension:js",Tejasvi-hegde/Police_complaint_management,https://github.com/Tejasvi-hegde/Police_complaint_management,verify-system.js,backend/verify-system.js,https://github.com/Tejasvi-hegde/Police_complaint_management/blob/f7ebb645614675f3b68ef827c4bffbee24b8ef4a/backend/verify-system.js,a909b1af19448a5964857ff15dc5c37a0f4e2982
MongoDB bağlantıları,"""mongodb://"" extension:js",pavankumarnaga/Denteee,https://github.com/pavankumarnaga/Denteee,Reference.js,backend/Administator/Reference.js,https://github.com/pavankumarnaga/Denteee/blob/12a80129f705989ad54622cf71a3df8ca82cd269/backend/Administator/Reference.js,c9993e7a1155bdc1835f1d3ce9a80e6389da7a27
MongoDB bağlantıları,"""mongodb://"" extension:js",Hebrew3/flutter_application_500,https://github.com/Hebrew3/flutter_application_500,server.js,backend/server.js,https://github.com/Hebrew3/flutter_application_500/blob/84c51f81890b37dec94fd05d552a36ceae570ac7/backend/server.js,a64046e4e4cfd4565c4df2a32556f2ffa406aded
MongoDB bağlantıları,"""mongodb://"" extension:js",miroku0000/AI-Security-Benchmark,https://github.com/miroku0000/AI-Security-Benchmark,datastore_mongo_002_level1.js,output/qwen2.5-coder_level1/datastore_mongo_002_level1.js,https://github.com/miroku0000/AI-Security-Benchmark/blob/c21cd8b601c85f8a5a32dd77dceb1533a2227104/output/qwen2.5-coder_level1/datastore_mongo_002_level1.js,5e4c86ba6c7ca25717994381776fe0aca7dcd320
MongoDB bağlantıları,"""mongodb://"" extension:js",Krishnaraaju/Edu-Health,https://github.com/Krishnaraaju/Edu-Health,index.js,backend/src/index.js,https://github.com/Krishnaraaju/Edu-Health/blob/87088e1d12c5b6d86a5f9c48513022ee417b7f53/backend/src/index.js,3193c5172fc0c3057cb684b8352746bc162f4b71
MongoDB bağlantıları,"""mongodb://"" extension:js",Varshitha1215/Sentimental_Analysis,https://github.com/Varshitha1215/Sentimental_Analysis,server.js,backend/server.js,https://github.com/Varshitha1215/Sentimental_Analysis/blob/c2294494fd35794b2b69c6532cfa871e460e126d/backend/server.js,5203a7b248c7fbb7c40fba36c26c7c53726a6c23
MongoDB bağlantıları,"""mongodb://"" extension:js",ShivamKumarlnct/major-project,https://github.com/ShivamKumarlnct/major-project,app_20240902030627.js,.history/app_20240902030627.js,https://github.com/ShivamKumarlnct/major-project/blob/82d93ba1278a390cb109100a9b9a61df099ea729/.history/app_20240902030627.js,231f75335df7b58a2efdfd3e1600abaa40ac470b
MongoDB bağlantıları,"""mongodb://"" extension:js",pvharmo2/gha-lab-51c6b6d0a0,https://github.com/pvharmo2/gha-lab-51c6b6d0a0,ParseUser.spec.js,spec/ParseUser.spec.js,https://github.com/pvharmo2/gha-lab-51c6b6d0a0/blob/2a10ae76bd1d080c69cab4839baa31fc0175d53c/spec/ParseUser.spec.js,0380589057a8fe412949a1551d2caec17b2891fc
MongoDB bağlantıları,"""mongodb://"" extension:js",VishuThePlayer/AirBnb-Project,https://github.com/VishuThePlayer/AirBnb-Project,backfillListings.js,Backend/scripts/backfillListings.js,https://github.com/VishuThePlayer/AirBnb-Project/blob/e1efe9cb61b1afe6182a0a3b71816ef366e19612/Backend/scripts/backfillListings.js,b9a20dbd101ec31f6f4100160db255b87072d496
MongoDB bağlantıları,"""mongodb://"" extension:js",scintillating-Shruti-Pandey/Student-Portal,https://github.com/scintillating-Shruti-Pandey/Student-Portal,server.js,server/server.js,https://github.com/scintillating-Shruti-Pandey/Student-Portal/blob/ed723b8b6c11b526bb393398329597bb1aca6c0b/server/server.js,a2578ba6d7bfdbd7233ab48032cc6d970de3e998
MongoDB bağlantıları,"""mongodb://"" extension:js",stepandra/bb_live_bot,https://github.com/stepandra/bb_live_bot,eth3m-config.js,eth3m-config.js,https://github.com/stepandra/bb_live_bot/blob/684199c2057ee3ed10bcff4d008708e5220d3a61/eth3m-config.js,9b3903433def524833ee2e86e50200eb2deb26f0
MongoDB bağlantıları,"""mongodb://"" extension:js",lunixsom/Bootcamp-71241,https://github.com/lunixsom/Bootcamp-71241,conexion.js,Integradores 3/Bauti03/back/conexion/conexion.js,https://github.com/lunixsom/Bootcamp-71241/blob/92fb11c76c28acad671956b5057e9b84ccc06932/Integradores 3/Bauti03/back/conexion/conexion.js,5ed29c14b02bdd4fc395d28298b065a1a136070f
MongoDB bağlantıları,"""mongodb://"" extension:js",MJeffC/MERNcodingdojo2021,https://github.com/MJeffC/MERNcodingdojo2021,mongoose.config.js,Pet-Shelter/server-pet/config/mongoose.config.js,https://github.com/MJeffC/MERNcodingdojo2021/blob/bbb7d7359738f86c8b866c325d3a06a03d0e4229/Pet-Shelter/server-pet/config/mongoose.config.js,d63703177358582b547f9221c9561ef77819bb33
MongoDB bağlantıları,"""mongodb://"" extension:js",KVKcodes/NewHue,https://github.com/KVKcodes/NewHue,index.js,hue360/backend/index.js,https://github.com/KVKcodes/NewHue/blob/2a9c5c365c62211cc7c21949f7f35725fd60c387/hue360/backend/index.js,eae4ed8d90fbe5a829990e9b7bffe7803ca8c861
MongoDB bağlantıları,"""mongodb://"" extension:js",Apress/practical-node.js,https://github.com/Apress/practical-node.js,app.js,practicalnode-master/ch6/password/app.js,https://github.com/Apress/practical-node.js/blob/67666e448585d642ed14af2482d2468d6bad15cf/practicalnode-master/ch6/password/app.js,2c56206b3ac4b9535d4d73dba612a0c45d12f5f3
MongoDB bağlantıları,"""mongodb://"" extension:js",codemononoke/Gamify,https://github.com/codemononoke/Gamify,db.js,server/config/db.js,https://github.com/codemononoke/Gamify/blob/62cd4303fd39ace76397b362ba01cf2c50c3ecea/server/config/db.js,2ea493e77791502d7aedc90920263d18251fda4f
MongoDB bağlantıları,"""mongodb://"" extension:js",nodeexcel/habitica,https://github.com/nodeexcel/habitica,mongodb.js,website/server/libs/mongodb.js,https://github.com/nodeexcel/habitica/blob/5151ecce1efc3fff6abcef319020d9c364ff7969/website/server/libs/mongodb.js,b62a993a6bb92f7ed91daf708ba5a6a5abf28a36
MongoDB bağlantıları,"""mongodb://"" extension:js",OptiSmart-BTC/OptiSmart-Backend-,https://github.com/OptiSmart-BTC/OptiSmart-Backend-,CS00_limpiaTablasProcesos.js,ClasifABCD_PoliticaInvent_Sem/originales/CS00_limpiaTablasProcesos.js,https://github.com/OptiSmart-BTC/OptiSmart-Backend-/blob/431e506a62287b469e95de80f24f01ff022ebe1e/ClasifABCD_PoliticaInvent_Sem/originales/CS00_limpiaTablasProcesos.js,f1e43a68dd3d78203a23a2563289eaf33c95b284
MongoDB bağlantıları,"""mongodb://"" extension:js",alexfernandez/challenger-code,https://github.com/alexfernandez/challenger-code,run.js,bin/run.js,https://github.com/alexfernandez/challenger-code/blob/2eb078ca978ca7f479fef985e6bd1398c58b1f50/bin/run.js,cc9995d225a6eed65bf7686eb08a6d2dab134786
MongoDB bağlantıları,"""mongodb://"" extension:js",amazingandyyy/yeah-v2,https://github.com/amazingandyyy/yeah-v2,index.js,server/src/config/index.js,https://github.com/amazingandyyy/yeah-v2/blob/01d46e8cd9d4571ba206feb76a675769523b4a06/server/src/config/index.js,c2e33950f9762512806ee469377fe3515c4d72e2
MongoDB bağlantıları,"""mongodb://"" extension:js",trunderman/10man-discord-bot,https://github.com/trunderman/10man-discord-bot,totalGamesPlayedLeaderboard.js,commands/totalGamesPlayedLeaderboard.js,https://github.com/trunderman/10man-discord-bot/blob/957abdf1f027d74e2376b41dbd37ae3d60aee1d9/commands/totalGamesPlayedLeaderboard.js,4dd29017f5392b9cb5439065b29834c3f2879304
MongoDB bağlantıları,"""mongodb://"" extension:js",TheBigSadowski/city-bingo,https://github.com/TheBigSadowski/city-bingo,app.js,app.js,https://github.com/TheBigSadowski/city-bingo/blob/8471aca186ff5b486e338e6ff336c070ee7c4906/app.js,9184a456a9e41d3d69e1d5437c2364d796ce3205
MongoDB bağlantıları,"""mongodb://"" extension:js",mark-sun/backend,https://github.com/mark-sun/backend,app.js,app.js,https://github.com/mark-sun/backend/blob/ebd21ad3dfe597a43afdef12cff8e46e729ae999/app.js,c24db8557f6813b4d7b8fb6535f271e2f83879db
MongoDB bağlantıları,"""mongodb://"" extension:js",alperg/mern-food-lookup,https://github.com/alperg/mern-food-lookup,index.js,server/db/index.js,https://github.com/alperg/mern-food-lookup/blob/1f30a2b4b72510ee2a0fcf47dce89906a3bfc329/server/db/index.js,313a197119f3406ef01122c2cc5b1d38adccf65d
MongoDB bağlantıları,"""mongodb://"" extension:js",douglasmaringa/managementApi,https://github.com/douglasmaringa/managementApi,index.js,index.js,https://github.com/douglasmaringa/managementApi/blob/6ffac30b790897a54846d7567998890620036e3b/index.js,79124b11396ccecc6055722789292ce49ec94265
MongoDB bağlantıları,"""mongodb://"" extension:js",Henry-Kofi/eCommerceBackend,https://github.com/Henry-Kofi/eCommerceBackend,index.js,index.js,https://github.com/Henry-Kofi/eCommerceBackend/blob/9fc8848b829d461c5c2e06e6b40ab7d626357f87/index.js,b39f6cf766528ef25baf2936ea0f4bc2aaa4bbbc
MongoDB bağlantıları,"""mongodb://"" extension:js",diacoviello/fitness-tracker,https://github.com/diacoviello/fitness-tracker,server.js,server.js,https://github.com/diacoviello/fitness-tracker/blob/6bf9b629545418b6bf5bafc35cacbad92888e911/server.js,6bf62cc9658ce82306bef497cc67f6ba3014fdd8
MongoDB bağlantıları,"""mongodb://"" extension:js",Voobane/M18-NoSQL,https://github.com/Voobane/M18-NoSQL,connection.js,config/connection.js,https://github.com/Voobane/M18-NoSQL/blob/9233d0ddb9107e8c1941655f49701af8f032ba91/config/connection.js,a2d6bc500dce3d48b96025c827191b69e3ec917b
MongoDB bağlantıları,"""mongodb://"" extension:js",prajwal714/VaayuLink-Shopping-Website,https://github.com/prajwal714/VaayuLink-Shopping-Website,app.js,app.js,https://github.com/prajwal714/VaayuLink-Shopping-Website/blob/591863f5a69f237ce550d654ff203728e42a351b/app.js,e34feffc1487b389d9bd0f8ad8e792cea29dfc33
MongoDB bağlantıları,"""mongodb://"" extension:js",shristigaur/bias-intractive,https://github.com/shristigaur/bias-intractive,app.js,backend/app.js,https://github.com/shristigaur/bias-intractive/blob/712fa98b706496ec152839b578fd89516345711d/backend/app.js,20047cade2b4d92f6c090fc2acf5dd91c7fa339d
MongoDB bağlantıları,"""mongodb://"" extension:js",CodeBreakers2024/website_backend,https://github.com/CodeBreakers2024/website_backend,DB.js,database/DB.js,https://github.com/CodeBreakers2024/website_backend/blob/a16a8bbec23100d42cabdb87f5768959967f3ba2/database/DB.js,5126c07e249cde65ce3f40a9ab753bf3f6c88088
MongoDB bağlantıları,"""mongodb://"" extension:js",vinayakmishra-11/Inotebook,https://github.com/vinayakmishra-11/Inotebook,db.js,BackHend/db.js,https://github.com/vinayakmishra-11/Inotebook/blob/a359f19e1c517209aba88966ba399eeafce873a9/BackHend/db.js,82a5315ff0253a078cfb0faffcda562083fd2fa4
MongoDB bağlantıları,"""mongodb://"" extension:js",jaysitapara/HomeEase,https://github.com/jaysitapara/HomeEase,app.js,app.js,https://github.com/jaysitapara/HomeEase/blob/fc9440fc912206ef63cdea8d7d23e8565df5539c/app.js,bb110b17ed71c73c1e7c8cdaa193f40eef30ff50
MongoDB bağlantıları,"""mongodb://"" extension:js",anchals22/Authentication-system,https://github.com/anchals22/Authentication-system,server.js,server/server.js,https://github.com/anchals22/Authentication-system/blob/effb622fe38be275bc1adb196b05d777e0f8c931/server/server.js,22f2a9c4efa1c63db3384c17391d1c61debeea56
MongoDB bağlantıları,"""mongodb://"" extension:js",aescuderof/E-commerce,https://github.com/aescuderof/E-commerce,db.js,src/config/db.js,https://github.com/aescuderof/E-commerce/blob/f02129cb673e60329eb1fe26c5bcffb8cc04507f/src/config/db.js,ff3307e45cdfdc74734ea4fc81d58b8f1065efc8
MongoDB bağlantıları,"""mongodb://"" extension:js",dotm/codes,https://github.com/dotm/codes,find.js,learnyoumongo/find.js,https://github.com/dotm/codes/blob/4647cfc46ea045c2c9204dc2609821d9c4c5fa34/learnyoumongo/find.js,b69e21e4de1ed80c69c6b08f8dc10f33f005a701
MongoDB bağlantıları,"""mongodb://"" extension:js",nathanclark/express-mocha-starter-kit,https://github.com/nathanclark/express-mocha-starter-kit,session.js,config/session.js,https://github.com/nathanclark/express-mocha-starter-kit/blob/cb6e84076e720ea2e6e801676aa0eac371e8486a/config/session.js,9f51fc1cf66df8c164fa3b8a5010d742145bd2ac
MongoDB bağlantıları,"""mongodb://"" extension:js",AlexStormwood/simple-express-webhooks,https://github.com/AlexStormwood/simple-express-webhooks,setupEnv.js,src/utils/dev/setupEnv.js,https://github.com/AlexStormwood/simple-express-webhooks/blob/2b4e52fea9d66205bd69f08e597976da548e3bd5/src/utils/dev/setupEnv.js,c21f6c53590891656f3aa83ed23a89a2cd962e62
MongoDB bağlantıları,"""mongodb://"" extension:js",KyThuatPhanMemQuanlyChungCuBlueMoon/BE-Node.js,https://github.com/KyThuatPhanMemQuanlyChungCuBlueMoon/BE-Node.js,createAdminUser.js,createAdminUser.js,https://github.com/KyThuatPhanMemQuanlyChungCuBlueMoon/BE-Node.js/blob/ce019809194cef92a93785e3aa0a82b699eff90e/createAdminUser.js,f0dc7316eb1baf4f41b96e8fd0598290441672ec
MongoDB bağlantıları,"""mongodb://"" extension:js",aniskhan001/rudy-login,https://github.com/aniskhan001/rudy-login,database.js,config/database.js,https://github.com/aniskhan001/rudy-login/blob/8ae5c6b523cb3e505504bc6978d2de9324056bff/config/database.js,acc7be6f5d54e8f47a233c98d5f09f47d965a3ba
MongoDB bağlantıları,"""mongodb://"" extension:js",Joy-2612/AI-Counsellor,https://github.com/Joy-2612/AI-Counsellor,db.js,server/config/db.js,https://github.com/Joy-2612/AI-Counsellor/blob/9a6ef2dea19861c9647808bbdcd0c9a7228b34de/server/config/db.js,76011c0f4592da9755827b7de096efcc8c651a91
MongoDB bağlantıları,"""mongodb://"" extension:js",profpv-pilot/OpenFPV_Pilot,https://github.com/profpv-pilot/OpenFPV_Pilot,db.js,server/config/db.js,https://github.com/profpv-pilot/OpenFPV_Pilot/blob/5623f03138a022b1f5bcd045f2f9b9b3511e6b9f/server/config/db.js,927712b2abb69f1b87d45e991a09b02d2c29e521
MongoDB bağlantıları,"""mongodb://"" extension:js",nesaplay/FullstackAuthorization,https://github.com/nesaplay/FullstackAuthorization,index.js,server-side/index.js,https://github.com/nesaplay/FullstackAuthorization/blob/f33942f3d91af9eeabf8f782a71c4a79d6ccc288/server-side/index.js,f5cc07b9faad851fbbf6f44d443bbc8dde404bf5
MongoDB bağlantıları,"""mongodb://"" extension:js",netf/express-starter-kit,https://github.com/netf/express-starter-kit,config.js,src/config/config.js,https://github.com/netf/express-starter-kit/blob/d45a7998ad838ac263d4ef4bce16719d22fb2679/src/config/config.js,bc16f53f15bdc048c17c0b6e674cdb0e4def2118
MongoDB bağlantıları,"""mongodb://"" extension:js",watssupp/social-network-api,https://github.com/watssupp/social-network-api,connection.js,config/connection.js,https://github.com/watssupp/social-network-api/blob/1117214b87d33f34a71ab17810d70a50f438904b/config/connection.js,cc82fc2ed16b35ef750506ed6bfa4f775a5b339b
MongoDB bağlantıları,"""mongodb://"" extension:js",Azrubael/230706-mrn-todo,https://github.com/Azrubael/230706-mrn-todo,index.js,backend/src/index.js,https://github.com/Azrubael/230706-mrn-todo/blob/9476fa5385782958ba190c6c348753c4d2884ea9/backend/src/index.js,9536ec11bb1f29db3f03ab1ff0416418bee16c55
MongoDB bağlantıları,"""mongodb://"" extension:js",tjbush-123/Social-Network,https://github.com/tjbush-123/Social-Network,connection.js,config/connection.js,https://github.com/tjbush-123/Social-Network/blob/4645e9fcc423cafd3f2b433d6069eda07c38f7fc/config/connection.js,91713b2ddc92dc564aab4d81438d519eaa5e2b91
MongoDB bağlantıları,"""mongodb://"" extension:js",sreekar7586/secure-cloud-file-server,https://github.com/sreekar7586/secure-cloud-file-server,config.js,src/config/config.js,https://github.com/sreekar7586/secure-cloud-file-server/blob/29eb7222e7e709270ef0b5d98944d1de1ceaaf77/src/config/config.js,b2d23f3bdaf8869ae8307562be7fa9916d2f3f0b
MongoDB bağlantıları,"""mongodb://"" extension:js",aarushpuri04/Xebia_project_batch_6,https://github.com/aarushpuri04/Xebia_project_batch_6,db.js,Backend/config/db.js,https://github.com/aarushpuri04/Xebia_project_batch_6/blob/34d3c3e41f0b059cd18c95b68939c61c9c40ff2b/Backend/config/db.js,a497ef4c535d463bc5045dd779e8f2186f107e21
MongoDB bağlantıları,"""mongodb://"" extension:js",YotamGit/Recidex,https://github.com/YotamGit/Recidex,recipe-notes-v0.9.js,migrations/recipe-notes-v0.9.js,https://github.com/YotamGit/Recidex/blob/33a86d31707ec95928acf0ec1cb695b1645e0ae9/migrations/recipe-notes-v0.9.js,3e15c59b4d2d6993a1b5adba5b243f419786efe5
MongoDB bağlantıları,"""mongodb://"" extension:js",Tejasnp61/Resumeai,https://github.com/Tejasnp61/Resumeai,seed.js,backend/server/seed.js,https://github.com/Tejasnp61/Resumeai/blob/5b3921595b3e882c4ee1ed7a97334381c249753b/backend/server/seed.js,83fb17a811fbf352db702104c6920de7ab6df275
MongoDB bağlantıları,"""mongodb://"" extension:js",HasanovH93/Softuni-JS-Backend,https://github.com/HasanovH93/Softuni-JS-Backend,database.js,exam/config/database.js,https://github.com/HasanovH93/Softuni-JS-Backend/blob/155959a89651c56601638ea7e7f5627ac79ad2d1/exam/config/database.js,f242a9d75b621b89f63cf0ca90c5de8687249100
MongoDB bağlantıları,"""mongodb://"" extension:js",zymouneshop-bot/zymounefeedsupply,https://github.com/zymouneshop-bot/zymounefeedsupply,count-orders.js,scripts/count-orders.js,https://github.com/zymouneshop-bot/zymounefeedsupply/blob/0bd39e1fd7b2a4e5f372bd39de02caa83f7aa70f/scripts/count-orders.js,51abbac3cbe02eb3b47991ae014b169071b031dc
MongoDB bağlantıları,"""mongodb://"" extension:js",SrajanAgrawal/career_corps_restaurant_backend,https://github.com/SrajanAgrawal/career_corps_restaurant_backend,index.js,backend/src/db/index.js,https://github.com/SrajanAgrawal/career_corps_restaurant_backend/blob/cd06f6e9334e57ca8953c92bd22c717a09460035/backend/src/db/index.js,0cfd06cfc9a91e95a97efbdd253a1bb4b50d62d5
MongoDB bağlantıları,"""mongodb://"" extension:js",rahulkeshamoni129/-Development-of-Interactive-Cyber-Threat-Visualization-Dashboard-,https://github.com/rahulkeshamoni129/-Development-of-Interactive-Cyber-Threat-Visualization-Dashboard-,seed.js,CyberShield/server/scripts/seed.js,https://github.com/rahulkeshamoni129/-Development-of-Interactive-Cyber-Threat-Visualization-Dashboard-/blob/d2b4e5e983c0e2792bd238bd4d25b8ec27713626/CyberShield/server/scripts/seed.js,47131334ccd32e6a9fa2180f0fa7f39637c57cb8
MongoDB bağlantıları,"""mongodb://"" extension:js",Avishkar-Kabadi/AgentForge,https://github.com/Avishkar-Kabadi/AgentForge,config.js,backend/configs/config.js,https://github.com/Avishkar-Kabadi/AgentForge/blob/e24435837e94af16ffee8c6dc593eb4519492fbf/backend/configs/config.js,bc26f3a13a7fca6d2ffd21b0f4fb77cca3db6a04
MongoDB bağlantıları,"""mongodb://"" extension:js",ilb01/HOMEWORK2023,https://github.com/ilb01/HOMEWORK2023,app.js,UT5/COURSES-PROJECT/app.js,https://github.com/ilb01/HOMEWORK2023/blob/c77a5a8a6145d30732226740383120ab0ef002a6/UT5/COURSES-PROJECT/app.js,8ee18317efad6a953bbf45a9b848d41a884180c8
MongoDB bağlantıları,"""mongodb://"" extension:js",YvanThrimawithana/CYBIOT-Console,https://github.com/YvanThrimawithana/CYBIOT-Console,database.js,backend/config/database.js,https://github.com/YvanThrimawithana/CYBIOT-Console/blob/465e72e57d06f578efe33ed29be9a3fb936bf570/backend/config/database.js,5b9e5105a254f4b73b3c6b879d9149e82d09e2f3
MongoDB bağlantıları,"""mongodb://"" extension:js",danielsbarbara/b4f-finalproject,https://github.com/danielsbarbara/b4f-finalproject,mongoDbConnect.js,database/mongoDbConnect.js,https://github.com/danielsbarbara/b4f-finalproject/blob/58ead7a8c4778b3ffac7febbc1c53ce7020ec6e8/database/mongoDbConnect.js,d3efecf5a7a53104d33b8f607ad18ec58d73d5d0
MongoDB bağlantıları,"""mongodb://"" extension:js",Grellheist/web-developer-bootcamp-2023,https://github.com/Grellheist/web-developer-bootcamp-2023,person.js,Mongo/Section 37/person.js,https://github.com/Grellheist/web-developer-bootcamp-2023/blob/452b944529e31c452ca87d1732eda6672a9fcf03/Mongo/Section 37/person.js,d868b0d9a24651108dc0c9dec46da4c39e25c571
MongoDB bağlantıları,"""mongodb://"" extension:js",RayenMrad/Blood-connect-Backend,https://github.com/RayenMrad/Blood-connect-Backend,app.js,app.js,https://github.com/RayenMrad/Blood-connect-Backend/blob/cecc8e7459a3fe13f9d307a216a0b65b9a0b301d/app.js,90635bbeb85a0e4de4141a7a498382991affe058
MongoDB bağlantıları,"""mongodb://"" extension:js",Ayas786/updown,https://github.com/Ayas786/updown,app.js,app.js,https://github.com/Ayas786/updown/blob/3db101bc53473ef6d59de56068963d104618e376/app.js,db451d57951ccfc4be3abee4595edae1e0c59c8f
MongoDB bağlantıları,"""mongodb://"" extension:js",AndreasRahbek/feedback_facelink,https://github.com/AndreasRahbek/feedback_facelink,app.js,app.js,https://github.com/AndreasRahbek/feedback_facelink/blob/d4829ad6315e442e3c81d2e38ffa9791fb14be5d/app.js,88460bf847c2e5ccf9320497bd3c6d244afe6b8b
MongoDB bağlantıları,"""mongodb://"" extension:js",IronPTSolutions/lab-mongoose,https://github.com/IronPTSolutions/lab-mongoose,db.config.js,config/db.config.js,https://github.com/IronPTSolutions/lab-mongoose/blob/1d895a12bf124d12095396bfb6f92f5872b38c79/config/db.config.js,31487a5fa4d27da1aed293b5578a4dec5f46a6aa
MongoDB bağlantıları,"""mongodb://"" extension:js",trebeljahr/WD-PT-Berlin-2022,https://github.com/trebeljahr/WD-PT-Berlin-2022,consts.js,week19/day1/planned/server/consts.js,https://github.com/trebeljahr/WD-PT-Berlin-2022/blob/58a78c02d88db5d9211f13e7c2166c629a6a4a83/week19/day1/planned/server/consts.js,12ac4b12f951301e21ec889eaff7d6f870647c25
MongoDB bağlantıları,"""mongodb://"" extension:js",hanzenlim/mixtapes,https://github.com/hanzenlim/mixtapes,dev.js,config/dev.js,https://github.com/hanzenlim/mixtapes/blob/7e91861ffe1814c15f0123e2c8623d6a5f084472/config/dev.js,b0cc152d2242d29ea40755af2b793c585a6f430c
MongoDB bağlantıları,"""mongodb://"" extension:js",TaitoYoshimura/YelpCamp,https://github.com/TaitoYoshimura/YelpCamp,app.js,app.js,https://github.com/TaitoYoshimura/YelpCamp/blob/7508474536e30a5c5359f9c698f5cc17848bcf5d/app.js,acffaddd456ee15dd25be0da046bf65061343a7a
MongoDB bağlantıları,"""mongodb://"" extension:js",rushikesh-koli-11/Relationships-in-SQL-and-mongoDB,https://github.com/rushikesh-koli-11/Relationships-in-SQL-and-mongoDB,user.js,Models/user.js,https://github.com/rushikesh-koli-11/Relationships-in-SQL-and-mongoDB/blob/19bac26e4826b57c01874c89bbc672ceddcb1ced/Models/user.js,e61db49fb20807564546a55a15dfbe8b4e537a99
MongoDB bağlantıları,"""mongodb://"" extension:js",kelchy/news-scraper,https://github.com/kelchy/news-scraper,news2handles.js,scripts/news2handles.js,https://github.com/kelchy/news-scraper/blob/ffbbe1f038fbf12d8d36283d25c21743658811c2/scripts/news2handles.js,a4556df1d1332b6f36655a8a3a516062846493ce
MongoDB bağlantıları,"""mongodb://"" extension:js",Rajbanshiprashant/Futsalreservation_sysytem,https://github.com/Rajbanshiprashant/Futsalreservation_sysytem,env.js,Backend/src/config/env.js,https://github.com/Rajbanshiprashant/Futsalreservation_sysytem/blob/c9bc3e2494e185cf645f7616e67706aa4e8044d6/Backend/src/config/env.js,31d8367a211a7b2a761b7ce63df05a2ebd5f9385
MongoDB bağlantıları,"""mongodb://"" extension:js",Nitinverma9784/backend,https://github.com/Nitinverma9784/backend,check_groups.js,check_groups.js,https://github.com/Nitinverma9784/backend/blob/272547f995900e9b02fc81443d008b7d39bdfa7d/check_groups.js,8367dcf3b0ec7512bed2ac5c862f690f5f675446
MongoDB bağlantıları,"""mongodb://"" extension:js",tomaszlos/url-shortener,https://github.com/tomaszlos/url-shortener,index.js,api/db/index.js,https://github.com/tomaszlos/url-shortener/blob/0e3a189d684e1148784fd354f591c5ce8b2251df/api/db/index.js,ed2f8541d83b23c50c72b594f7b3007f9005341e
MongoDB bağlantıları,"""mongodb://"" extension:js",Debjit7-C/DC-DeepseekAi,https://github.com/Debjit7-C/DC-DeepseekAi,connection.js,connection.js,https://github.com/Debjit7-C/DC-DeepseekAi/blob/3c4ae2800cfd9e6e0e3642f215d27d2d2f7b5b65/connection.js,919213fdb094f764ceb5e73877b36ee99247a773
MongoDB bağlantıları,"""mongodb://"" extension:js",iamkunalrawat/Buisness-Card,https://github.com/iamkunalrawat/Buisness-Card,server.js,backend/server.js,https://github.com/iamkunalrawat/Buisness-Card/blob/3893245f1cab8141f176eafe9931b1b9805be464/backend/server.js,8c380c21f49587b1e880f5510b9ef07d8de489b6
MongoDB bağlantıları,"""mongodb://"" extension:js",LIIIIINN/jr-12-restful-test,https://github.com/LIIIIINN/jr-12-restful-test,index.js,src/model/index.js,https://github.com/LIIIIINN/jr-12-restful-test/blob/c79058f723efdc76eff186126ee0230f8daa5018/src/model/index.js,8721157872d58d2cd6cdf1d157d7eadafe1dce7e
MongoDB bağlantıları,"""mongodb://"" extension:js",rc2dcc/www.robocup2d.com,https://github.com/rc2dcc/www.robocup2d.com,config.default.js,config/config.default.js,https://github.com/rc2dcc/www.robocup2d.com/blob/eab140acc00c68ed48a7cf040c9ef7ee8326fb67/config/config.default.js,0f6244e6ec3ebfd994ee596bba3109f2ac100d7b
MongoDB bağlantıları,"""mongodb://"" extension:js",Flow-Fly/webdev-161,https://github.com/Flow-Fly/webdev-161,rubberduck.seed.js,_includes/code/w5/day-4/0-seeding-and-ajax/seeds/rubberduck.seed.js,https://github.com/Flow-Fly/webdev-161/blob/309c9c5fa8a08cbfc3f7803c6d310be2dd7bf4bd/_includes/code/w5/day-4/0-seeding-and-ajax/seeds/rubberduck.seed.js,c71dba6c2910f879dbe564bb56af89fcc50132d9
MongoDB bağlantıları,"""mongodb://"" extension:js",SundramJha88/HRMS-RealtimeTracking,https://github.com/SundramJha88/HRMS-RealtimeTracking,db.js,backend/config/db.js,https://github.com/SundramJha88/HRMS-RealtimeTracking/blob/567ec478d400a6ed38587b914588f3e04d4197fd/backend/config/db.js,d5d187850d65126943fdbca343b39150d8f0dc7b
MongoDB bağlantıları,"""mongodb://"" extension:js",akansh-agarwalalwar/localspot,https://github.com/akansh-agarwalalwar/localspot,updateTestSubadminForce.js,server/scripts/updateTestSubadminForce.js,https://github.com/akansh-agarwalalwar/localspot/blob/61e0e81ea548394a0d54ace56ae63b3835d6ac26/server/scripts/updateTestSubadminForce.js,fb6bef1755088d6cc7dde3978f7e8525b994bf62
MongoDB bağlantıları,"""mongodb://"" extension:js",bhargava71/mb-services,https://github.com/bhargava71/mb-services,inspect_db.js,scripts/inspect_db.js,https://github.com/bhargava71/mb-services/blob/f1dd234e2605eefade83a2fd67a63267d32f38b0/scripts/inspect_db.js,8bb576effe439badbad02dd6b8b2102fc59eb1db
MongoDB bağlantıları,"""mongodb://"" extension:js",wrodriguess/node_com_mongodb,https://github.com/wrodriguess/node_com_mongodb,demo_mongodb_query.js,demo_mongodb_query.js,https://github.com/wrodriguess/node_com_mongodb/blob/5d9b69af28b0bce5e9af1e883ea4f5d71748c6f7/demo_mongodb_query.js,c909eacb6f3e2f3f5cdc2f1efcd3cea4603c8a61
MongoDB bağlantıları,"""mongodb://"" extension:js",phnm11/cms-project,https://github.com/phnm11/cms-project,dev-database.js,config/dev-database.js,https://github.com/phnm11/cms-project/blob/2ab7dc1a6de00ed6dcd77b5baa8716d248af79ed/config/dev-database.js,9fa97fa92cf121e7a9caf38b45b7f2fcc9a8908f
MongoDB bağlantıları,"""mongodb://"" extension:js",nkartchner/ProductManagement,https://github.com/nkartchner/ProductManagement,models.js,server/models/models.js,https://github.com/nkartchner/ProductManagement/blob/6df9c5829eb76434016a06b6b41cf5d8d95372f5/server/models/models.js,09433560eafd0e0f31c36431e087e8c49929e255
MongoDB bağlantıları,"""mongodb://"" extension:js",lvcuong25/2TDATA-WEB,https://github.com/lvcuong25/2TDATA-WEB,mark-main-site.js,scripts/mark-main-site.js,https://github.com/lvcuong25/2TDATA-WEB/blob/4eaad1ffaa0b1159b0bbee8db7e4401767ef5895/scripts/mark-main-site.js,4bbe5027e6576c46f103706de2cc794c7d88feb2
MongoDB bağlantıları,"""mongodb://"" extension:js",MohamedEhab972/backEnd_task,https://github.com/MohamedEhab972/backEnd_task,connection.js,src/database/connection.js,https://github.com/MohamedEhab972/backEnd_task/blob/bb54bfb8097bd8d354921a1481a10e6b5be553a0/src/database/connection.js,b9526dddc0fb4c587aaae32b0ed052e5ac64bbed
MongoDB bağlantıları,"""mongodb://"" extension:js",sangramsingghhhh/Travel,https://github.com/sangramsingghhhh/Travel,database.js,backend/config/database.js,https://github.com/sangramsingghhhh/Travel/blob/a7f052a7b4c28da58c8ca6b29b1f8a9f714456ea/backend/config/database.js,428e94a09f8e9776ac16dd318971dde89a82f32a
MongoDB bağlantıları,"""mongodb://"" extension:js",mussu18/Hostel-Services,https://github.com/mussu18/Hostel-Services,app.js,app.js,https://github.com/mussu18/Hostel-Services/blob/d81ff8b553782384799dd5052274f6d47e0df39d/app.js,06925421d34bcea4e793c11d051e148d75d9cc9c
MongoDB bağlantıları,"""mongodb://"" extension:js",KUraII99O/auth-api,https://github.com/KUraII99O/auth-api,index_20240715235841.js,.history/index_20240715235841.js,https://github.com/KUraII99O/auth-api/blob/e0ad208c83d416adcd537864dc6e50f3010f4756/.history/index_20240715235841.js,e5bd9da5e6da4f7b27b457c5138d34bd5de36090
MongoDB bağlantıları,"""mongodb://"" extension:js",lmn0/CMPE283_Project,https://github.com/lmn0/CMPE283_Project,dashboard.js,modules/editor/dashboard.js,https://github.com/lmn0/CMPE283_Project/blob/b01dc14a4a32f73e4f399d9fd2e3de58044b8935/modules/editor/dashboard.js,61b659b2a06617f9b9f778ead8195f9ef6a0b692
MongoDB bağlantıları,"""mongodb://"" extension:js",Sagar18nayaka/RELM,https://github.com/Sagar18nayaka/RELM,db-status.js,Real-Estate-Listing-Management/scratch/db-status.js,https://github.com/Sagar18nayaka/RELM/blob/e2a92e91c250a5719913078273384113dad405d3/Real-Estate-Listing-Management/scratch/db-status.js,b0f119a343e5e9c0a31088c7a02927bd56a08be2
MongoDB bağlantıları,"""mongodb://"" extension:js",luizcarraro/testeEmber,https://github.com/luizcarraro/testeEmber,session.js,Sails/config/session.js,https://github.com/luizcarraro/testeEmber/blob/9bea4dbf4d7e250a7164169536c4feac0345efa4/Sails/config/session.js,0a470639a0be9694178cb9f5f4f9748b5bcf330a
MongoDB bağlantıları,"""mongodb://"" extension:js",AhmadJilani12/Login_Project-codezone,https://github.com/AhmadJilani12/Login_Project-codezone,index.js,Backend/Src/index.js,https://github.com/AhmadJilani12/Login_Project-codezone/blob/40253775a4da0e1642b7db6b802830450fcf88a6/Backend/Src/index.js,a0ce7a334fc5461bb39d70cd86a3d5105c27a18d
MongoDB bağlantıları,"""mongodb://"" extension:js",tkabir3066/sigma-web-development-course,https://github.com/tkabir3066/sigma-web-development-course,main.js,3.Javascript/97.Exercise-16(dummy data generator)/main.js,https://github.com/tkabir3066/sigma-web-development-course/blob/f540cdadfe8e58fc3fcc0d99d394c06d3bc32ffd/3.Javascript/97.Exercise-16(dummy data generator)/main.js,30da0960579c87e2256f99acbe61eb3306d23500
MongoDB bağlantıları,"""mongodb://"" extension:js",srikiran1905s/HACK-N-GO,https://github.com/srikiran1905s/HACK-N-GO,server-realtime.js,server-realtime.js,https://github.com/srikiran1905s/HACK-N-GO/blob/db90fa60c60856fff6d6ea0dc96bfd39cc088acd/server-realtime.js,1110683082c3dc3009c4c7e93b9e63f37c4f79db
MongoDB bağlantıları,"""mongodb://"" extension:js",Vinay-Jhalani/NextStep,https://github.com/Vinay-Jhalani/NextStep,add20Colleges.js,server/seed/add20Colleges.js,https://github.com/Vinay-Jhalani/NextStep/blob/c8a9799699e973c08581530d569447e4d3a6caf6/server/seed/add20Colleges.js,81bc2a6e7c739b85928d547ac92eee937ea0673e
MongoDB bağlantıları,"""mongodb://"" extension:js",Taimoor-Raza-Asif/ILM-ORA,https://github.com/Taimoor-Raza-Asif/ILM-ORA,generate_reviews.js,backend/services/university-service/scripts/generate_reviews.js,https://github.com/Taimoor-Raza-Asif/ILM-ORA/blob/240b211d64d80362e5f5323b5f9153c13d2056c0/backend/services/university-service/scripts/generate_reviews.js,baba370dba60d0c3f7497cd88dd49f669c30008b
MongoDB bağlantıları,"""mongodb://"" extension:js",AnisulMahmud/Javascript_TAU,https://github.com/AnisulMahmud/Javascript_TAU,setup.test.js,project/3rd_part/test/setup.test.js,https://github.com/AnisulMahmud/Javascript_TAU/blob/8d0b882e6aedc6867fc4f2b8f2bbbbf7ae162108/project/3rd_part/test/setup.test.js,542f29d0edf59cc00c8178412524e0744fd7162c
MongoDB bağlantıları,"""mongodb://"" extension:js",Gaubee/GQC-mongodb,https://github.com/Gaubee/GQC-mongodb,client.js,test/client.js,https://github.com/Gaubee/GQC-mongodb/blob/d0b7dc7540cecec0749a3d74ae28cbfa12f0c3d0/test/client.js,464a2cac3b763100d469802c69c92e1016f441b5
MongoDB bağlantıları,"""mongodb://"" extension:js",oneWalker/egg-pluginDemo,https://github.com/oneWalker/egg-pluginDemo,config.test.js,config/config.test.js,https://github.com/oneWalker/egg-pluginDemo/blob/54f2d8e9fd8b33e6196eb01217e975be5a41dade/config/config.test.js,62d1fca7a176902731104dc3e0951a08ca18fc85
MongoDB bağlantıları,"""mongodb://"" extension:js",msdhatchanamoorthy/MEC,https://github.com/msdhatchanamoorthy/MEC,test_aggregation.js,backend/test_aggregation.js,https://github.com/msdhatchanamoorthy/MEC/blob/44e31d22acb4563754ca1df7779a84c10f0cc5f2/backend/test_aggregation.js,9d85a8a55dc414fd75add04d1745f55ea22f70c4
MongoDB bağlantıları,"""mongodb://"" extension:js",msdhatchanamoorthy/MEC-ATT-SYS,https://github.com/msdhatchanamoorthy/MEC-ATT-SYS,test_aggregation.js,backend/test_aggregation.js,https://github.com/msdhatchanamoorthy/MEC-ATT-SYS/blob/44e31d22acb4563754ca1df7779a84c10f0cc5f2/backend/test_aggregation.js,9d85a8a55dc414fd75add04d1745f55ea22f70c4
MongoDB bağlantıları,"""mongodb://"" extension:js",msdhatchanamoorthy/MEC-Portal,https://github.com/msdhatchanamoorthy/MEC-Portal,test_aggregation.js,backend/test_aggregation.js,https://github.com/msdhatchanamoorthy/MEC-Portal/blob/3af10f2886f8c241e92b289b1b3976e29b5d3cbe/backend/test_aggregation.js,9d85a8a55dc414fd75add04d1745f55ea22f70c4
MongoDB bağlantıları,"""mongodb://"" extension:js",mohanrao49/civic-connect,https://github.com/mohanrao49/civic-connect,test-escalation.js,api/test-escalation.js,https://github.com/mohanrao49/civic-connect/blob/b6f9acd7b6cce423521f8443c30effa74ad01338/api/test-escalation.js,6ab952e1e6379a3d093668fe5a5484e78bd30aef
MongoDB bağlantıları,"""mongodb://"" extension:js",Omkarop0808/HackDay,https://github.com/Omkarop0808/HackDay,test_offline.js,backend/test_offline.js,https://github.com/Omkarop0808/HackDay/blob/a65aeccf582d567206e37b7e091f43cef7e5daa1/backend/test_offline.js,4f6937381ac8c182a7a2f4fdf98c521e7ab73e66
MongoDB bağlantıları,"""mongodb://"" extension:js",ivwilina/loop_v1,https://github.com/ivwilina/loop_v1,test_login_api.js,backend/test_login_api.js,https://github.com/ivwilina/loop_v1/blob/25c18163cfc68fbeb87bba2540149323235487e0/backend/test_login_api.js,971179d91588e2f90639e1bf12433012d0c8b26e
MongoDB bağlantıları,"""mongodb://"" extension:js",kdkocev/nodenecessities,https://github.com/kdkocev/nodenecessities,test_unit.js,test/test_unit.js,https://github.com/kdkocev/nodenecessities/blob/dfd80edd13a04cc388b1c57097ddbe85ffbd79e5/test/test_unit.js,eda79dca090c95cf1b0049b8f04ce321374abbfb
MongoDB bağlantıları,"""mongodb://"" extension:js",mohebifar/chat-on-google,https://github.com/mohebifar/chat-on-google,test.js,server/config/environment/test.js,https://github.com/mohebifar/chat-on-google/blob/6cb600878c9c03a92210ca81015819d1fcaba6b1/server/config/environment/test.js,6cf4cd85ce2a1aff0b5ffa8b289b870da693d391
MongoDB bağlantıları,"""mongodb://"" extension:js",kapiilgupta/Smart-helper-auto-assignment-system-with-AI-chatbot,https://github.com/kapiilgupta/Smart-helper-auto-assignment-system-with-AI-chatbot,booking.test.js,tests/booking.test.js,https://github.com/kapiilgupta/Smart-helper-auto-assignment-system-with-AI-chatbot/blob/2ece60f89522c1b77438783055f3184f23135ef8/tests/booking.test.js,a50af4d0f661b0d9382663528178e9be13585b73
MongoDB bağlantıları,"""mongodb://"" extension:js",danielsoo/Hangukgwan,https://github.com/danielsoo/Hangukgwan,menu-category-keeps.test.js,Qr/app/test/menu-category-keeps.test.js,https://github.com/danielsoo/Hangukgwan/blob/82e5383cd39e5527dd73eea0dd1a60078089f946/Qr/app/test/menu-category-keeps.test.js,e14bc5baa56f1b2edf328507e0df5c0102e99034
MongoDB bağlantıları,"""mongodb://"" extension:js",DungVu187/DATN,https://github.com/DungVu187/DATN,order_admin_create_http.test.js,be/tests/order_admin_create_http.test.js,https://github.com/DungVu187/DATN/blob/30c5972955bd1ce16ce1a33d131dc7c7109517dc/be/tests/order_admin_create_http.test.js,e6d539c2337968823e26c97f95c12381aab48dfd
MongoDB bağlantıları,"""mongodb://"" extension:js",mukeshmoni/gamify,https://github.com/mukeshmoni/gamify,db.js,server/config/db.js,https://github.com/mukeshmoni/gamify/blob/4e6ad8dca47c1f85cf8d0b271b410407c1a2355e/server/config/db.js,2ea493e77791502d7aedc90920263d18251fda4f
MongoDB bağlantıları,"""mongodb://"" extension:js",syndrobox/syndromica,https://github.com/syndrobox/syndromica,mongodb.js,website/server/libs/mongodb.js,https://github.com/syndrobox/syndromica/blob/fcdc0019089720af5d326d7d1f8a2c3396de8f2a/website/server/libs/mongodb.js,b62a993a6bb92f7ed91daf708ba5a6a5abf28a36
MongoDB bağlantıları,"""mongodb://"" extension:js",juztmsd777777/YUWA-IMPACT,https://github.com/juztmsd777777/YUWA-IMPACT,db.js,backend/config/db.js,https://github.com/juztmsd777777/YUWA-IMPACT/blob/9623e93bb57b93c8ec457c189e605a8ff99758fe/backend/config/db.js,1812d8a4ed71311cd8646cb38d78d6de6c873535
MongoDB bağlantıları,"""mongodb://"" extension:js",pris54/meanjs-booking-exercise,https://github.com/pris54/meanjs-booking-exercise,server.js,server.js,https://github.com/pris54/meanjs-booking-exercise/blob/ec3df1732c07f76352a6114e0ea4f2ec469571e6/server.js,b8a79d1ba4eacf272c3c5f3a3bb36c65b02c3e3c
MongoDB bağlantıları,"""mongodb://"" extension:js",dinero-s/library-mongoDB,https://github.com/dinero-s/library-mongoDB,index.js,book-service/src/index.js,https://github.com/dinero-s/library-mongoDB/blob/349fe9696a9f394316107e69f14e64267835bfd8/book-service/src/index.js,cc9532843d4548502ebdec62f11eeeacfd379cab
MongoDB bağlantıları,"""mongodb://"" extension:js",Anjii-08/CampusCache,https://github.com/Anjii-08/CampusCache,database.js,server/config/database.js,https://github.com/Anjii-08/CampusCache/blob/4e536f797d06dd7e4808a588dea9d8a949475a4a/server/config/database.js,2d3e54552edb326238339896532fda20ea29bfae
MongoDB bağlantıları,"""mongodb://"" extension:js",VincentAgunda/RENTIFy,https://github.com/VincentAgunda/RENTIFy,uploadMiddleware.js,backend/middleware/uploadMiddleware.js,https://github.com/VincentAgunda/RENTIFy/blob/6e6a5ea61ae0f2b6b6ead9a48d518427ed3a4228/backend/middleware/uploadMiddleware.js,c3728d5795851d70a77d78d8a43c1d4db91b2303
MongoDB bağlantıları,"""mongodb://"" extension:js",achrafash/web-tutorials,https://github.com/achrafash/web-tutorials,index.js,docker-tut/index.js,https://github.com/achrafash/web-tutorials/blob/2d5d0ebf1e79b169eab3557a04cd18c013478d2e/docker-tut/index.js,682f4567b044dc2b33cc03b845e907433f483968
MongoDB bağlantıları,"""mongodb://"" extension:js",JoaoNunoAbreu/uminho-miei,https://github.com/JoaoNunoAbreu/uminho-miei,connect.js,4-Ano/1Semestre/DAW/aula07/pratica/connect.js,https://github.com/JoaoNunoAbreu/uminho-miei/blob/8b7a603b54571ec4c09e33923db2aa7f6748f43f/4-Ano/1Semestre/DAW/aula07/pratica/connect.js,2891c036133b4a7ac46588f6923798f985153171
MongoDB bağlantıları,"""mongodb://"" extension:js",lassbon/mem_b,https://github.com/lassbon/mem_b,session.js,config/session.js,https://github.com/lassbon/mem_b/blob/951f624ab424862c540debbd55dca8cfb5868ff5/config/session.js,4a45adabfffb0bb846f9a5a2a8fd9a95d9f2da63
MongoDB bağlantıları,"""mongodb://"" extension:js",VanCantus/node-todo-api,https://github.com/VanCantus/node-todo-api,mongodb-update.js,playground/mongodb-update.js,https://github.com/VanCantus/node-todo-api/blob/d0bc7dc500763bc6701fe9c8dfa7c5a73b14b5b3/playground/mongodb-update.js,f6892a4533b904b151e0ea8943a266ce0f67f7ce
MongoDB bağlantıları,"""mongodb://"" extension:js",vinnilla/wdi-lessons,https://github.com/vinnilla/wdi-lessons,server.js,w7/d5/embedded-docs/server.js,https://github.com/vinnilla/wdi-lessons/blob/f55ba1abd065422eceded4262eb6939fcf1f0efc/w7/d5/embedded-docs/server.js,b71b0589aed258b61eb6ab320ff412874d19cb89
MongoDB bağlantıları,"""mongodb://"" extension:js",tinavngo/movie_api,https://github.com/tinavngo/movie_api,index.js,index.js,https://github.com/tinavngo/movie_api/blob/d5fbfa2100f74f0ebbbd8b79572b3368fd253c78/index.js,590b4290a718817262d614d5e346fba2d0bc38d0
MongoDB bağlantıları,"""mongodb://"" extension:js",C-MANIKUMAR/TODO,https://github.com/C-MANIKUMAR/TODO,api.js,server/api.js,https://github.com/C-MANIKUMAR/TODO/blob/69d6fc193a9cb736d2f1d52c0989776ebe04c2fa/server/api.js,2d121267d216be299259d88dc9a6fd9d8f1010c3
MongoDB bağlantıları,"""mongodb://"" extension:js",saurabhshukla01/node-react-ecommerce,https://github.com/saurabhshukla01/node-react-ecommerce,config.js,node-e-dashboard-backend/db/config.js,https://github.com/saurabhshukla01/node-react-ecommerce/blob/35ec58cd6ac312537436af7a628bfa69929cd92d/node-e-dashboard-backend/db/config.js,d7bf21173fb156b93f0a1aa0c27d774c629d83c5
MongoDB bağlantıları,"""mongodb://"" extension:js",Akashsgh/ecomm-backend,https://github.com/Akashsgh/ecomm-backend,init-db.js,mongodb/scripts/init-db.js,https://github.com/Akashsgh/ecomm-backend/blob/5e30246181aa28d7f05840678e77148e45bef994/mongodb/scripts/init-db.js,c3b81da45122776d5c894767ce1beb9443413fa3
MongoDB bağlantıları,"""mongodb://"" extension:js",sgtest/megarepo,https://github.com/sgtest/megarepo,tlsCATrusts.js,mongo/jstests/ssl/tlsCATrusts.js,https://github.com/sgtest/megarepo/blob/3f98332e6d69aa2e4c1835e0575efcf01a1b4650/mongo/jstests/ssl/tlsCATrusts.js,f159f16e8b80f951daba07f387dd6553d778bb1e
MongoDB bağlantıları,"""mongodb://"" extension:js",Zivi793150/energy2,https://github.com/Zivi793150/energy2,authController.js,src/controllers/authController.js,https://github.com/Zivi793150/energy2/blob/e25eaa94addff6755b5eb8079d87ed2d91202698/src/controllers/authController.js,2ba1ee2cd18778afd27fe39caa444dd8b1849609
MongoDB bağlantıları,"""mongodb://"" extension:js",Thanhdhxd/logbook-app,https://github.com/Thanhdhxd/logbook-app,seedData.js,logbook-backend/scripts/seedData.js,https://github.com/Thanhdhxd/logbook-app/blob/2685d76c9337fe0fc913f238165e8f0a7c93e0ea/logbook-backend/scripts/seedData.js,dcf529e7461cf2c60c7496acef6dc046a40beb53
MongoDB bağlantıları,"""mongodb://"" extension:js",Education-Repositories/WORKING_FBC_ClassPlanFiles,https://github.com/Education-Repositories/WORKING_FBC_ClassPlanFiles,connection.js,19-MERN/22-Stu_Sign-JWT/Unsolved/config/connection.js,https://github.com/Education-Repositories/WORKING_FBC_ClassPlanFiles/blob/5a878a34cde54d14ddd92cd3f09fd8a90cb3c1eb/19-MERN/22-Stu_Sign-JWT/Unsolved/config/connection.js,c92a03a1315d33a3e60339ac89317448f25d2662
MongoDB bağlantıları,"""mongodb://"" extension:js",Prakashsahu2/finence_em_update,https://github.com/Prakashsahu2/finence_em_update,db.js,finence_em_app/finence_em_own/finence_em/server/db.js,https://github.com/Prakashsahu2/finence_em_update/blob/b8e342a932609621df58b9c4df66ba904f2b40ac/finence_em_app/finence_em_own/finence_em/server/db.js,1cad07071f232b3d2192f060883446fca2ce6806
MongoDB bağlantıları,"""mongodb://"" extension:js",Prakashsahu2/finence-app,https://github.com/Prakashsahu2/finence-app,db.js,finence_em_app/finence_em_own/finence_em/server/db.js,https://github.com/Prakashsahu2/finence-app/blob/65282a8fad9adb011a51f6f5a6cc3a44a445dcc0/finence_em_app/finence_em_own/finence_em/server/db.js,1cad07071f232b3d2192f060883446fca2ce6806
MongoDB bağlantıları,"""mongodb://"" extension:js",rootmentsdev/rootfin-testenv,https://github.com/rootmentsdev/rootfin-testenv,check-tvm-opening-stock.js,backend/check-tvm-opening-stock.js,https://github.com/rootmentsdev/rootfin-testenv/blob/1a61738a156b2aaa979d7fe7c8a2595df26fdfa7/backend/check-tvm-opening-stock.js,5534bda27757a4d1f7987d13a3934431b2c1f34c
MongoDB bağlantıları,"""mongodb://"" extension:js",TondiToday/CSEE5590,https://github.com/TondiToday/CSEE5590,mLab_find.js,ICP 7/Web_Lesson7_withoutNodeModules/Usecase/MongoDB/mLab_find.js,https://github.com/TondiToday/CSEE5590/blob/2369ec48a1223f3eb8573381bbcf3e47c2f6b451/ICP 7/Web_Lesson7_withoutNodeModules/Usecase/MongoDB/mLab_find.js,be936af752aa87aa44d09c5a66506f4fbf17bd87
MongoDB bağlantıları,"""mongodb://"" extension:js",RigzTech/pecpod-site,https://github.com/RigzTech/pecpod-site,seed_portfolio_strict.js,server/seed_portfolio_strict.js,https://github.com/RigzTech/pecpod-site/blob/eff9d7ed7611748cbfce79f36df0339c05296b2e/server/seed_portfolio_strict.js,7497ca9d35368cf5f016bcef02342bbc72e627fb
MongoDB bağlantıları,"""mongodb://"" extension:js",sidhantaks/qqgpharma,https://github.com/sidhantaks/qqgpharma,server.js,backend/server.js,https://github.com/sidhantaks/qqgpharma/blob/fd91c08a6d597d5066704ab22a34aa3db5b38b3c/backend/server.js,b347208fd76ab30247dedd50b92ba2884dd3f948
MongoDB bağlantıları,"""mongodb://"" extension:js",84KaliPleXon3/node-mongodb-native,https://github.com/84KaliPleXon3/node-mongodb-native,view.test.js,test/functional/view.test.js,https://github.com/84KaliPleXon3/node-mongodb-native/blob/fa052a514be0a485831fe5e01c3c6eafe2b23140/test/functional/view.test.js,275f87c1df939b3f7daaa2d19ce165aaab2bd7bf
MongoDB bağlantıları,"""mongodb://"" extension:js",imomin/angular-fullstack-multi-tenant,https://github.com/imomin/angular-fullstack-multi-tenant,test.js,server/config/environment/test.js,https://github.com/imomin/angular-fullstack-multi-tenant/blob/15560c57720a72200e9b7c07fd614808af00b7d9/server/config/environment/test.js,401ac4663aa25faef7ff04abc49c68ec32ba2535
MongoDB bağlantıları,"""mongodb://"" extension:js",klambycom/Skissa-och-gissa,https://github.com/klambycom/Skissa-och-gissa,db.js,test/server/db.js,https://github.com/klambycom/Skissa-och-gissa/blob/faa2f88e908c283d0072808c31d817360f579bdf/test/server/db.js,9457bbb84287618829442045d6c0b6ea13157a9f
MongoDB bağlantıları,"""mongodb://"" extension:js",mmoyses/fidelidade,https://github.com/mmoyses/fidelidade,test.js,test/test.js,https://github.com/mmoyses/fidelidade/blob/7f8232d8b91243abdeb3db66678be00f0a5c30f2/test/test.js,faf99cd53395113e25399d4d57dc3570471d8c1c
MongoDB bağlantıları,"""mongodb://"" extension:js",SudaisKhan663/backendFYP,https://github.com/SudaisKhan663/backendFYP,test-admin.js,test-admin.js,https://github.com/SudaisKhan663/backendFYP/blob/ba6d23d02fef27be51129a63e8e4021c571e2c00/test-admin.js,7981b0c6eb0b6f7f1ce71dcd93f8a44c24ce787a
MongoDB bağlantıları,"""mongodb://"" extension:js",Tkute0401/Urban-Realty,https://github.com/Tkute0401/Urban-Realty,test-subscription.js,test-subscription.js,https://github.com/Tkute0401/Urban-Realty/blob/16d619e2aace60e19a3697ac48eefe7fa29042ad/test-subscription.js,90ae952cc3fa01fbcbc7ba8ecd06fce66726e2c8
MongoDB bağlantıları,"""mongodb://"" extension:js",knofler/nodePlay,https://github.com/knofler/nodePlay,test.js,server/config/environment/test.js,https://github.com/knofler/nodePlay/blob/f24317256b9352dd3c2e832a4cbe2cc5a7565603/server/config/environment/test.js,401ac4663aa25faef7ff04abc49c68ec32ba2535
MongoDB bağlantıları,"""mongodb://"" extension:js",nebulae-pyxis/ms-reports,https://github.com/nebulae-pyxis/ms-reports,01_pos_coverage_report.js,backend/reports/test_bdd/01_pos_coverage_report.js,https://github.com/nebulae-pyxis/ms-reports/blob/2c805f49c61ae75bb295b40cfd84d80a89493947/backend/reports/test_bdd/01_pos_coverage_report.js,51ef802b83457f54596370e86afcc7b8e445360d
MongoDB bağlantıları,"""mongodb://"" extension:js",Bao2k5/hmjewelry,https://github.com/Bao2k5/hmjewelry,order.test.js,tests/order.test.js,https://github.com/Bao2k5/hmjewelry/blob/713ff788d21c67da8107a7471d05ec222ef7180b/tests/order.test.js,275390476a2c260a24b1252caf1d2dc4ca4ce4fd
MongoDB bağlantıları,"""mongodb://"" extension:js",abinishifex/fitness-managment,https://github.com/abinishifex/fitness-managment,e2eChain.test.js,server/tests/e2eChain.test.js,https://github.com/abinishifex/fitness-managment/blob/e1ea823bb47f4707c7015268ce219b362cb5b7b7/server/tests/e2eChain.test.js,ded4b8510c7b9266a8e0d018a09a450323147a1b
MongoDB bağlantıları,"""mongodb://"" extension:js",mongodb/support-tools,https://github.com/mongodb/support-tools,dbcheck.js,replset-consistency/dbcheck.js,https://github.com/mongodb/support-tools/blob/4100b021c5166759805d3c4ead84a822f900599c/replset-consistency/dbcheck.js,dab4c6beb0ce8026339f29ad69b55c5c27cf5e9e
MongoDB bağlantıları,"""mongodb://"" extension:js",jazu1412/PDF-RAG-BUILDER,https://github.com/jazu1412/PDF-RAG-BUILDER,MongoDB.js,src/db/MongoDB.js,https://github.com/jazu1412/PDF-RAG-BUILDER/blob/fdf931db045d024a5875a31ee7a1b1e8630524db/src/db/MongoDB.js,aa1cad521cc1fe089ff8cba42418d5d3f05e91ef
MongoDB bağlantıları,"""mongodb://"" extension:js",felipechierice/docker-config,https://github.com/felipechierice/docker-config,index.js,index.js,https://github.com/felipechierice/docker-config/blob/10eae72f8d4f9ce26ce60a051f3ba86e58754518/index.js,fd493668bfa1be01c80512e28579d6037641cdc6
MongoDB bağlantıları,"""mongodb://"" extension:js",max-wittig/LunchBot,https://github.com/max-wittig/LunchBot,lunch-manager.js,src/lunch-manager.js,https://github.com/max-wittig/LunchBot/blob/8197e7b4f8a6c3c5040a4d2abd55474a064a624c/src/lunch-manager.js,cdcdc110321bd413512a72a8e5206be361676672
MongoDB bağlantıları,"""mongodb://"" extension:js",angiflutur/ism-ase-web-cloud,https://github.com/angiflutur/ism-ase-web-cloud,server.js,project-root/C05/src/server.js,https://github.com/angiflutur/ism-ase-web-cloud/blob/e20d8267b4a6dbed2f689bc87fb966b487975a32/project-root/C05/src/server.js,772f01f85061cb97770ee1db9a9a681fb9e4023e
MongoDB bağlantıları,"""mongodb://"" extension:js",butterfill/love-logic-server,https://github.com/butterfill/love-logic-server,extractor.js,extract-exercises-for-instructor/src/extractor.js,https://github.com/butterfill/love-logic-server/blob/6668379590eb39c1d6a04c06b9b4925cbc247519/extract-exercises-for-instructor/src/extractor.js,5ecae904489e9ba585aa883d729d31eba0b5162b
MongoDB bağlantıları,"""mongodb://"" extension:js",colabprojects/oratory,https://github.com/colabprojects/oratory,server.js,oratory/server.js,https://github.com/colabprojects/oratory/blob/9b83200a0ff6b661c5fe09becdc7f68b88df33be/oratory/server.js,f272112b52bd5dd94db4d4c771f2f5b3b045c785
MongoDB bağlantıları,"""mongodb://"" extension:js",EliEladElrom/roomsjs,https://github.com/EliEladElrom/roomsjs,server-socketio.js,examples/server-socketio.js,https://github.com/EliEladElrom/roomsjs/blob/38c6310e3119f1b528c2a55041ee30e9625d24a0/examples/server-socketio.js,b7d6bed6a5f3171cad0d477226d6768de3330b3e
MongoDB bağlantıları,"""mongodb://"" extension:js",Bloggify/Bloggify,https://github.com/Bloggify/Bloggify,index.js,lib/index.js,https://github.com/Bloggify/Bloggify/blob/e726b523932d0d8aef501f72fb80b27789deaab0/lib/index.js,58972f47fea00af6c73cce0b11ac10b8adef0c33
MongoDB bağlantıları,"""mongodb://"" extension:js",mandres2/mongo.news,https://github.com/mandres2/mongo.news,server.js,server.js,https://github.com/mandres2/mongo.news/blob/3dd8f404ddbc788c14ad711b95d046b02262bf94/server.js,db0355e5db7a2140d2c435f60a0836b184ef2e3f
MongoDB bağlantıları,"""mongodb://"" extension:js",AmberSahdev/AirOnTime,https://github.com/AmberSahdev/AirOnTime,Gruntfile.js,django/airontime/static/flights/bootstrap-material-design-master/Gruntfile.js,https://github.com/AmberSahdev/AirOnTime/blob/84c79b1bb17072bd93563690d47f71a21ec97ad6/django/airontime/static/flights/bootstrap-material-design-master/Gruntfile.js,5f3c8c68d925bc1360454f05a4c175dc21bd1989
MongoDB bağlantıları,"""mongodb://"" extension:js",HamzaTatheer/greekpenguins_webapp,https://github.com/HamzaTatheer/greekpenguins_webapp,config.js,config.js,https://github.com/HamzaTatheer/greekpenguins_webapp/blob/41e369076d4daf8f47de587067a7c66afce3aa7c/config.js,bd3ee234a1aed8cee7b6fb83c82e2e28cd255a77
MongoDB bağlantıları,"""mongodb://"" extension:js",jiangtl/edmp,https://github.com/jiangtl/edmp,config.js,config.js,https://github.com/jiangtl/edmp/blob/e6533ba6f2e044dabf4b5ed883d6641aadbedf72/config.js,80718d59ce7a0d35e3a9ea36dfdbdeb1743e5e26
MongoDB bağlantıları,"""mongodb://"" extension:js",crcrcry/ZJUSCDA,https://github.com/crcrcry/ZJUSCDA,index.js,backend/models/index.js,https://github.com/crcrcry/ZJUSCDA/blob/6194788b0fad2865fbff50a19d04d68ef30ff961/backend/models/index.js,3ec2031c863cc05f11c7e7c8f6db8fa07d0bab9d
MongoDB bağlantıları,"""mongodb://"" extension:js",Emperor2000/CubeLikeAPI,https://github.com/Emperor2000/CubeLikeAPI,app.js,app.js,https://github.com/Emperor2000/CubeLikeAPI/blob/eb9123b50d555671e290e4a85db469bbc42f37eb/app.js,8d1b9a1d8ddfdc7219f3f13fc707cd2244aecf00
MongoDB bağlantıları,"""mongodb://"" extension:js",valuschvartz/backend-coder,https://github.com/valuschvartz/backend-coder,app.js,app.js,https://github.com/valuschvartz/backend-coder/blob/a9adf7eb70ba647a7eac9ab6b3325e424da143cb/app.js,73b6187c3b2dccb932c24d24246cbab599bebe4e
MongoDB bağlantıları,"""mongodb://"" extension:js",anoop4real/MyNewNodeServer,https://github.com/anoop4real/MyNewNodeServer,app.js,app.js,https://github.com/anoop4real/MyNewNodeServer/blob/da3a77b2d5ceef5be05ea9fe932dbd2a229f7575/app.js,244ecee0b92cd543dd0bee7caed68e749e31872f
MongoDB bağlantıları,"""mongodb://"" extension:js",coderanandmaurya/MongoDB,https://github.com/coderanandmaurya/MongoDB,join.js,join.js,https://github.com/coderanandmaurya/MongoDB/blob/90b2c4327fc616bf0a08652b9b38695b97e7a310/join.js,bce4db425427a20ed091723fde5fb911522585a5
MongoDB bağlantıları,"""mongodb://"" extension:js",Vancios86/basicAPImodel,https://github.com/Vancios86/basicAPImodel,index.js,index.js,https://github.com/Vancios86/basicAPImodel/blob/919fcf4f023c3bfe8e81a0623fca1a52881ad064/index.js,daddaf51247e79cf73ab352692c4a1c39a793769
MongoDB bağlantıları,"""mongodb://"" extension:js",paulgrammer/mongodb-gdrive-backup,https://github.com/paulgrammer/mongodb-gdrive-backup,example.js,example.js,https://github.com/paulgrammer/mongodb-gdrive-backup/blob/0792f0e7899fdcb5854f2a610bdb4f7e80a6fda5/example.js,3c4f0607ece6f2355b1c4daee3116df055ae0aab
MongoDB bağlantıları,"""mongodb://"" extension:js",jodielee062788/socmed_api,https://github.com/jodielee062788/socmed_api,connection.js,config/connection.js,https://github.com/jodielee062788/socmed_api/blob/314b2848a3ef3be2c39a8eba48e3f1818441e879/config/connection.js,57cbf39bcfc62ee72f4ed8bb3224b284e39bb34a
MongoDB bağlantıları,"""mongodb://"" extension:js",KeanuWatts/pipbot,https://github.com/KeanuWatts/pipbot,fix-names.js,fix-names.js,https://github.com/KeanuWatts/pipbot/blob/70d53ab3128611fbdeee315fad9a009de2d99238/fix-names.js,ac4edececfd05c3de6a5eab4c6d089942dceeb1e
MongoDB bağlantıları,"""mongodb://"" extension:js",ruthwik134/explorit,https://github.com/ruthwik134/explorit,index.js,init/index.js,https://github.com/ruthwik134/explorit/blob/b0b8aedd087c00e8a7f4c9a3c47c5645d2f85615/init/index.js,e5296cc61be8c7e87cf88619141a622c4fb1a83d
MongoDB bağlantıları,"""mongodb://"" extension:js",LucasProfetaPXL/cloud2,https://github.com/LucasProfetaPXL/cloud2,db.js,backend/db.js,https://github.com/LucasProfetaPXL/cloud2/blob/c38012e3e1af9dd43289889bdc652e4d37789ccf/backend/db.js,b8648daee5b57cffb63e20a23c585fa727af9d2b
MongoDB bağlantıları,"""mongodb://"" extension:js",eranhd/anymatch,https://github.com/eranhd/anymatch,database.js,server/config/database.js,https://github.com/eranhd/anymatch/blob/1e6948b700d3a7cc6cf6cec6eff8d82b2ee9bd45/server/config/database.js,eb8c0243f04fc38620867aa5ed2273ff098f2f23
MongoDB bağlantıları,"""mongodb://"" extension:js",mminute/hapiDogs,https://github.com/mminute/hapiDogs,server.js,src/server.js,https://github.com/mminute/hapiDogs/blob/92e2f6e119d5899fb0eaee82e343caee4168c4fb/src/server.js,96e1309eae347134dcbb5bfc3d10d173ff1c2db4
MongoDB bağlantıları,"""mongodb://"" extension:js",avishkaindula/0042-web-100-github-deploying-dynamic-site,https://github.com/avishkaindula/0042-web-100-github-deploying-dynamic-site,database.js,data/database.js,https://github.com/avishkaindula/0042-web-100-github-deploying-dynamic-site/blob/0a3224a7a02884459acdcda164ca2cec6698eb1b/data/database.js,52dc153abf320ca684ebb71c5d9e6c1c9aa33f35
MongoDB bağlantıları,"""mongodb://"" extension:js",Jayashree205/Halleyx-Coding-Challenge---II---Insyte-Jayashree-T-,https://github.com/Jayashree205/Halleyx-Coding-Challenge---II---Insyte-Jayashree-T-,server.js,server/server.js,https://github.com/Jayashree205/Halleyx-Coding-Challenge---II---Insyte-Jayashree-T-/blob/594f39c578da08e23b6cdec077515588cfed434f/server/server.js,8f32f57520656b8573dc557347cd23be60a655ed
MongoDB bağlantıları,"""mongodb://"" extension:js",GNUHHO/COMP1842-Web-Programming-2-HO-THE-HUNG-GCC230015,https://github.com/GNUHHO/COMP1842-Web-Programming-2-HO-THE-HUNG-GCC230015,server.js,server/server.js,https://github.com/GNUHHO/COMP1842-Web-Programming-2-HO-THE-HUNG-GCC230015/blob/e53d2758555ccf0d9dbd38d18823d42463250a96/server/server.js,3cf2c052de8d72821039885b4a2a53967a29e5e3
MongoDB bağlantıları,"""mongodb://"" extension:js",jporter16/Web-Fiction-Reviews,https://github.com/jporter16/Web-Fiction-Reviews,updates.js,seeds/updates.js,https://github.com/jporter16/Web-Fiction-Reviews/blob/f636bd644fec4e57432e7c56eb399e161875481e/seeds/updates.js,2ab07c7cecab252ca50310cfbe528596372e659c
MongoDB bağlantıları,"""mongodb://"" extension:js",akansha272/Online-Shop,https://github.com/akansha272/Online-Shop,database.js,data/database.js,https://github.com/akansha272/Online-Shop/blob/bb5f641d422aacb669a3a0b107a86c0a6ba5626c/data/database.js,6caccbc8825165250e672d37e67dcc720a27d948
MongoDB bağlantıları,"""mongodb://"" extension:js",LukkaSanjay/online-complaint-registration-and-management-system,https://github.com/LukkaSanjay/online-complaint-registration-and-management-system,index.js,backend/index.js,https://github.com/LukkaSanjay/online-complaint-registration-and-management-system/blob/065b0d900cc744af50420890a440c773f4a57ddf/backend/index.js,26d66281508b7dcfa14e56092384df14aa210014
MongoDB bağlantıları,"""mongodb://"" extension:js",Tomerl101/auth_node_app,https://github.com/Tomerl101/auth_node_app,app.js,app.js,https://github.com/Tomerl101/auth_node_app/blob/d97783591a61d28ab4cdf4437710529f2aab6863/app.js,c9077a645ab79f57001c93b16866cc0677fa386a
MongoDB bağlantıları,"""mongodb://"" extension:js",simonjbr/vivo-chat,https://github.com/simonjbr/vivo-chat,connection.js,server/config/connection.js,https://github.com/simonjbr/vivo-chat/blob/cce8988c7cd1e8baf2296f6ab9ab2f92e7f411cd/server/config/connection.js,204ca8332ad1bbfbc63f7e1c3e9844f4664eae1a
MongoDB bağlantıları,"""mongodb://"" extension:js",AmeyKhodke/College-System,https://github.com/AmeyKhodke/College-System,server.js,backend/server.js,https://github.com/AmeyKhodke/College-System/blob/189be17b6f30bf85bf8c56f7127611009c64ea1c/backend/server.js,ae9d2949a88f778ac08669138b20ae9b53292431
MongoDB bağlantıları,"""mongodb://"" extension:js",supremeStrange-04/Cloud-Governance,https://github.com/supremeStrange-04/Cloud-Governance,server.js,backend/server.js,https://github.com/supremeStrange-04/Cloud-Governance/blob/fd07c1703dcd6a69a44129227ae48a815698e3e7/backend/server.js,aafaf8915c94f795267f225ee349e658df27c9dc
MongoDB bağlantıları,"""mongodb://"" extension:js",JustinBeckwith/nodejs-debugger,https://github.com/JustinBeckwith/nodejs-debugger,config.js,config.js,https://github.com/JustinBeckwith/nodejs-debugger/blob/2a3bb9e2bdce3e57ba1ac9fcc9b81574f70e90c4/config.js,918dbccc787cf7d751cff2998a86c1f6a53a9be4
MongoDB bağlantıları,"""mongodb://"" extension:js",mridle582/todolist,https://github.com/mridle582/todolist,app.js,app.js,https://github.com/mridle582/todolist/blob/bf90cc625dea5fd4e240e76568b14c61a4f83e0b/app.js,585137eacbc58963cc992a685392c201b17b2f9a
MongoDB bağlantıları,"""mongodb://"" extension:js",shivaniteesh/AutomotiveResourceManager,https://github.com/shivaniteesh/AutomotiveResourceManager,importvehicles.js,arm-backend/importvehicles.js,https://github.com/shivaniteesh/AutomotiveResourceManager/blob/167c717cf349206b5cbc3e127638f086e1b507e5/arm-backend/importvehicles.js,3eb69101088ca9475838927cfe4e6e971d68f0eb
MongoDB bağlantıları,"""mongodb://"" extension:js",haynakoban/capstone-project,https://github.com/haynakoban/capstone-project,db.js,server/config/db.js,https://github.com/haynakoban/capstone-project/blob/e262feb2f8d48cf34339bebf4ca397b0838fc95e/server/config/db.js,8187792786305db0a5b1c66b1fae912964bea958
MongoDB bağlantıları,"""mongodb://"" extension:js",saanvitrivedi2344/Animated-Astronomy-Website,https://github.com/saanvitrivedi2344/Animated-Astronomy-Website,password.js,backend/password.js,https://github.com/saanvitrivedi2344/Animated-Astronomy-Website/blob/885bc4ee154a2d11075ffacffe5b51479009a654/backend/password.js,32bff25a94ec2ff21d359b2d37858e55a9d0c9b4
MongoDB bağlantıları,"""mongodb://"" extension:js",WeiChienHsu/webdevbootcamp,https://github.com/WeiChienHsu/webdevbootcamp,references.js,Assocations/references.js,https://github.com/WeiChienHsu/webdevbootcamp/blob/d0f07d68de6b410075d2be72367c5a0c503d2905/Assocations/references.js,fe88bec64057db153d549ce2d5bbc6bfe4453f8e
MongoDB bağlantıları,"""mongodb://"" extension:js",WakeCaine/NodeExamples,https://github.com/WakeCaine/NodeExamples,cart_init.js,shopcart/cart_init.js,https://github.com/WakeCaine/NodeExamples/blob/56406dbd65cb85a209e500884fb83b646408d073/shopcart/cart_init.js,212e37e5aaad222e47f4b1ecf209f221c7aeaaaa
MongoDB bağlantıları,"""mongodb://"" extension:js",farhad06/NEW-JS,https://github.com/farhad06/NEW-JS,app.js,crud-mongodb/src/app.js,https://github.com/farhad06/NEW-JS/blob/89869c989a4ec5f42c1d629f69abe1b3619b9f59/crud-mongodb/src/app.js,081129f8488f0a1a1e012d60c2e52afa7ae31f27
MongoDB bağlantıları,"""mongodb://"" extension:js",codefellows-seattle-javascript-401d18/13-express-mongo,https://github.com/codefellows-seattle-javascript-401d18/13-express-mongo,server.js,lab-isaac/lib/server.js,https://github.com/codefellows-seattle-javascript-401d18/13-express-mongo/blob/7de2d4a1dc0a0b1f41fc723fa6302eddfa7f2a6a/lab-isaac/lib/server.js,243e6e00060e4afbb127a32f3b372d7cf3bbb45f
MongoDB bağlantıları,"""mongodb://"" extension:js",bboy-xp/Jser-back,https://github.com/bboy-xp/Jser-back,config.default.js,egg-example/config/config.default.js,https://github.com/bboy-xp/Jser-back/blob/8c83dc27bfe7532c42c3a99f135ea7a0e1bd4f4d/egg-example/config/config.default.js,af6b00141b2d58134eb138f01bfae4a89594c71d
MongoDB bağlantıları,"""mongodb://"" extension:js",ashutosh231/Travel-Planner,https://github.com/ashutosh231/Travel-Planner,database.js,backend/config/database.js,https://github.com/ashutosh231/Travel-Planner/blob/1fa1a663dec2bf5f3e061f06597f02e2cfe1e91f/backend/config/database.js,f9bc84eb64c12d585007f5e9093ffdb0b8779825
MongoDB bağlantıları,"""mongodb://"" extension:js",heyarviind/shopdeals-backend,https://github.com/heyarviind/shopdeals-backend,config.js,models/config.js,https://github.com/heyarviind/shopdeals-backend/blob/afc35a6e95060ff310a6aa25f988c0a677ab5d93/models/config.js,0b38db76fc6eb85daa74172658ec26eba07e1391
MongoDB bağlantıları,"""mongodb://"" extension:js",ssv28/mongooes-mvc-crud,https://github.com/ssv28/mongooes-mvc-crud,app.js,app.js,https://github.com/ssv28/mongooes-mvc-crud/blob/3df415a544219e615eac90f8a261b62ca7c50602/app.js,6eb1a4600a17371403890fd1191c56f249e3c94a
MongoDB bağlantıları,"""mongodb://"" extension:js",myrojoylee/panda-knits,https://github.com/myrojoylee/panda-knits,connection.js,server/config/connection.js,https://github.com/myrojoylee/panda-knits/blob/e897ce05dd56f3108b4f34b378beeeb39972d253/server/config/connection.js,2bb9fc5600504cd204f9739f48e475ad80672dcd
MongoDB bağlantıları,"""mongodb://"" extension:js",VikasMusham/RAILCARE,https://github.com/VikasMusham/RAILCARE,checkWLAssistants.js,scripts/checkWLAssistants.js,https://github.com/VikasMusham/RAILCARE/blob/04efcd410c5a2d2db7c0bda096e8bb9668676fd2/scripts/checkWLAssistants.js,5ed34af2d7179554f837d9177b7b73d3c198b9b6
MongoDB bağlantıları,"""mongodb://"" extension:js",Veshal-Raj/userAdminPortal,https://github.com/Veshal-Raj/userAdminPortal,index.js,index.js,https://github.com/Veshal-Raj/userAdminPortal/blob/a0840b93f7a916c262e83093b276fc9a052e5701/index.js,009bbcabe44a71930b8faf896a033e322059423d
MongoDB bağlantıları,"""mongodb://"" extension:js",DanNoblem/Testing,https://github.com/DanNoblem/Testing,script.js,script.js,https://github.com/DanNoblem/Testing/blob/bddc32a0f00bbd101c047af09ba4d864e943e030/script.js,51a66a2ed1f13ca9a21744a41fc201619e282bc6
MongoDB bağlantıları,"""mongodb://"" extension:js",adityasingh255/assignment-backend-api,https://github.com/adityasingh255/assignment-backend-api,config.js,config.js,https://github.com/adityasingh255/assignment-backend-api/blob/de7fe0ac616d9fb4dacc0c7e5dbd66d78d2677d1/config.js,8acb6a6097f76f453dbfd21ecb2f160be8bc63c0
MongoDB bağlantıları,"""mongodb://"" extension:js",Rishabh71810/stayfinder,https://github.com/Rishabh71810/stayfinder,database.js,backend/src/config/database.js,https://github.com/Rishabh71810/stayfinder/blob/10aa077e183e107ae2a2fdb6770f655998efe927/backend/src/config/database.js,ebaa3e2e9aed197a3ffaa056cf30051bea7637fd
MongoDB bağlantıları,"""mongodb://"" extension:js",tran-haison/Trade-System,https://github.com/tran-haison/Trade-System,app.js,app.js,https://github.com/tran-haison/Trade-System/blob/26d8b75183e2f18ae5a3f937562a9f5fe0b7f09e/app.js,4925a866710f0b8507cfc7e956c14e5f4547ab8d
MongoDB bağlantıları,"""mongodb://"" extension:js",a1047050321/mongodb,https://github.com/a1047050321/mongodb,mongoose.js,mongoose.js,https://github.com/a1047050321/mongodb/blob/3c67a82e1049f295f69efed3a6e849a789040349/mongoose.js,6d708ae0026466eaef647353017764b1136d22c0
MongoDB bağlantıları,"""mongodb://"" extension:js",ShikshaVerma-28/Login-form,https://github.com/ShikshaVerma-28/Login-form,mongo.js,src/mongo.js,https://github.com/ShikshaVerma-28/Login-form/blob/b0d512d743865b6d9d2899e31b26266e9e4e526b/src/mongo.js,b32d05df67cca80716cead770dcfffdfa7615f9a
MongoDB bağlantıları,"""mongodb://"" extension:js",js-tasks-ru/nodejs-20220303,https://github.com/js-tasks-ru/nodejs-20220303,config.js,08/config.js,https://github.com/js-tasks-ru/nodejs-20220303/blob/b92c1ac61daadcbe81fe1dd3526232c19556ba17/08/config.js,6de4b47f166ad78a07dc229a4820c6d41457fd1d
MongoDB bağlantıları,"""mongodb://"" extension:js",Sepuri30110/CollegeFines,https://github.com/Sepuri30110/CollegeFines,index.js,server/index.js,https://github.com/Sepuri30110/CollegeFines/blob/0d38e8bf7c999983b78669735e34247b173a0fb5/server/index.js,e4d7bdf877c21e611626102e712ac77f06985055
MongoDB bağlantıları,"""mongodb://"" extension:js",thenameisdhivakar/express-js-labs,https://github.com/thenameisdhivakar/express-js-labs,movies.js,routes/movies.js,https://github.com/thenameisdhivakar/express-js-labs/blob/2b2792184e449a30908d6d2d639d2fe47e65d116/routes/movies.js,7d912f37c44de56231edc86ca3516600d040e3b0
MongoDB bağlantıları,"""mongodb://"" extension:js",Manish-Mittal01/color-prediction-game,https://github.com/Manish-Mittal01/color-prediction-game,config.js,backend/config.js,https://github.com/Manish-Mittal01/color-prediction-game/blob/b781700cf643d5f89a44516b5542fb1fe9ec5c13/backend/config.js,1451efb09fb655dd72c3fb98260d2e40f7eb783d
MongoDB bağlantıları,"""mongodb://"" extension:js",apexuankhoi/BackendGOV,https://github.com/apexuankhoi/BackendGOV,deepAudit.js,scripts/deepAudit.js,https://github.com/apexuankhoi/BackendGOV/blob/0ad28cc41ce69f155ea9b6849b4ad6fe8a261495/scripts/deepAudit.js,199d51996a839eaf4ef28266aee11b5a1791d5f5
MongoDB bağlantıları,"""mongodb://"" extension:js",sunilvelusuri/socialnetwork,https://github.com/sunilvelusuri/socialnetwork,moongose.js,config/moongose.js,https://github.com/sunilvelusuri/socialnetwork/blob/b47b815e04ebc139ec1a678f6cd0b68d91c5b30a/config/moongose.js,09b3a121e1b26bdd0a555dcd086d90c206ac5035
MongoDB bağlantıları,"""mongodb://"" extension:js",Majdodi/decart-server,https://github.com/Majdodi/decart-server,fixImages.js,server/fixImages.js,https://github.com/Majdodi/decart-server/blob/8b16caea63db145bb746d927a3bc3647e94a2770/server/fixImages.js,7a3987768da47e2f93c3fe9cddbab4b13abb93f8
MongoDB bağlantıları,"""mongodb://"" extension:js",Rohitmali9421/Learning-Backend,https://github.com/Rohitmali9421/Learning-Backend,index.js,URLShortner/index.js,https://github.com/Rohitmali9421/Learning-Backend/blob/f29a06371dcec36c4f8c07c0dc29d3b76a8312e6/URLShortner/index.js,86fa3ab0fec84c06bdd5ca93a6466f4ec6ae2b09
MongoDB bağlantıları,"""mongodb://"" extension:js",MeghnaChhanwal/UserApp,https://github.com/MeghnaChhanwal/UserApp,insertMenu.js,Backend/seed/insertMenu.js,https://github.com/MeghnaChhanwal/UserApp/blob/b3ccc6d9b318da92fa3e2f33d1b398bcb029abbd/Backend/seed/insertMenu.js,9ff5795a61d55e8df10f8265873afe163a86e7d4
MongoDB bağlantıları,"""mongodb://"" extension:js",AnnaShpak01/back-api-books,https://github.com/AnnaShpak01/back-api-books,app.js,app.js,https://github.com/AnnaShpak01/back-api-books/blob/adaa74073526235164da317db3fca0724f2cdcd3/app.js,cd5896e063c9e0195d30a596964c102adc3bc8c9
MongoDB bağlantıları,"""mongodb://"" extension:js",alvarez9code/ROCMA2.0,https://github.com/alvarez9code/ROCMA2.0,index.js,TIENDA 2.0 ROCMA/backend/index.js,https://github.com/alvarez9code/ROCMA2.0/blob/90ad62444402474559b8d679a736afc4ad435f0c/TIENDA 2.0 ROCMA/backend/index.js,1b3d67e5b8ff94a844ecfdd8db829a3af43bb6e7
MongoDB bağlantıları,"""mongodb://"" extension:js",JannysG1/WEB,https://github.com/JannysG1/WEB,insertarUsuarios.js,PRUEBA4_JannysGarrido - copia/backend/insertarUsuarios.js,https://github.com/JannysG1/WEB/blob/ffb1c83114bb0be46bf158fddbc48a32b164134a/PRUEBA4_JannysGarrido - copia/backend/insertarUsuarios.js,31e38e94cedd50d9eadfaf1af5904c99e2b38541
MongoDB bağlantıları,"""mongodb://"" extension:js",IgorKonovalov/MongoDB_forNodeJS_Developers,https://github.com/IgorKonovalov/MongoDB_forNodeJS_Developers,app-milestones.js,week3_operators_in_nodejs_driver/regexOperatorInNodeJSDriver/app-milestones.js,https://github.com/IgorKonovalov/MongoDB_forNodeJS_Developers/blob/ca8129d4f0d5291a8067a6d8ececfaf0bb2f17cc/week3_operators_in_nodejs_driver/regexOperatorInNodeJSDriver/app-milestones.js,b7590a6fe4d9040d5283452b6372cbb0d8a69d6d
MongoDB bağlantıları,"""mongodb://"" extension:js",Jaysonliu9988/Full-Stack-Development-Course,https://github.com/Jaysonliu9988/Full-Stack-Development-Course,server.js,18-mongo-mongoose/01-Activities/18-Intro-Populate/server.js,https://github.com/Jaysonliu9988/Full-Stack-Development-Course/blob/bd1eab760fadf8bac34ce973f366c8df14af41f9/18-mongo-mongoose/01-Activities/18-Intro-Populate/server.js,47828a24bfc92fa6f77327c634d344605497a741
MongoDB bağlantıları,"""mongodb://"" extension:js",pounat/classStuff,https://github.com/pounat/classStuff,server.js,18-mongo-mongoose/01-Activities/18-Intro-Populate/server.js,https://github.com/pounat/classStuff/blob/f27e234365e5e9bac2aeeda08ef6c6d3236580db/18-mongo-mongoose/01-Activities/18-Intro-Populate/server.js,47828a24bfc92fa6f77327c634d344605497a741
MongoDB bağlantıları,"""mongodb://"" extension:js",okteto/getting-started,https://github.com/okteto/getting-started,server.js,api/server.js,https://github.com/okteto/getting-started/blob/f53a3c74f7e173c00aa7f1d65ee7d336928b93dd/api/server.js,191d7551f2f1157fab87eb72e5c53b1edf8db19d
MongoDB bağlantıları,"""mongodb://"" extension:js",Jollyfant/EIDA_MANAGER,https://github.com/Jollyfant/EIDA_MANAGER,orfeus-database.js,lib/orfeus-database.js,https://github.com/Jollyfant/EIDA_MANAGER/blob/94f3920f128ccaf2462e5776c35c9ffad860d66b/lib/orfeus-database.js,35d2a7ec941c88ae2d25b8be329a95fb2c1311d5
MongoDB bağlantıları,"""mongodb://"" extension:js",ImXanax/Vartech,https://github.com/ImXanax/Vartech,server.js,server.js,https://github.com/ImXanax/Vartech/blob/0fd7eb97ae3e87d6a4aac425ec763324ba4ae535/server.js,329abdc34006124114b503952529821f36807f0a
MongoDB bağlantıları,"""mongodb://"" extension:js",Dhruvam1111/YelpCamp,https://github.com/Dhruvam1111/YelpCamp,index.js,seeds/index.js,https://github.com/Dhruvam1111/YelpCamp/blob/585683577d7abbd920180d6c709539e52ec58615/seeds/index.js,646a19dc4370da9bddde25cf520122003a48abf3
MongoDB bağlantıları,"""mongodb://"" extension:js",pratik-chakravorty/RESTFUL-Notes-API,https://github.com/pratik-chakravorty/RESTFUL-Notes-API,db.js,db.js,https://github.com/pratik-chakravorty/RESTFUL-Notes-API/blob/50a981017f3864ee86e0fdb087d0800d212ae54b/db.js,64b22ce001761cec6fdd09b56b1b84b13c07ec62
MongoDB bağlantıları,"""mongodb://"" extension:js",nibhin/corizo-major-project,https://github.com/nibhin/corizo-major-project,app.js,app.js,https://github.com/nibhin/corizo-major-project/blob/d9c62e5023c8ea499d3580af915190e9ef6f88c1/app.js,058e9ce18fca767e57287a4a94865c16dd4168da
MongoDB bağlantıları,"""mongodb://"" extension:js",coderanandmaurya/Nodejs,https://github.com/coderanandmaurya/Nodejs,join.js,join.js,https://github.com/coderanandmaurya/Nodejs/blob/857cd905f319a6dd80cd188d8bd504ac2ef3d08d/join.js,bce4db425427a20ed091723fde5fb911522585a5
MongoDB bağlantıları,"""mongodb://"" extension:js",zkinsk/books-search,https://github.com/zkinsk/books-search,server.js,server.js,https://github.com/zkinsk/books-search/blob/056b508b03ca05b0f84e79708a10289090bd7834/server.js,e8d7e4e77bff1ca378e7a728a2ad0eee823ccd9f
MongoDB bağlantıları,"""mongodb://"" extension:js",tripdog/Trip-Planner,https://github.com/tripdog/Trip-Planner,server.js,server.js,https://github.com/tripdog/Trip-Planner/blob/03f7cca829634c848a6931df6c4b2c68aaa5e19e/server.js,d535a5fbf0685ea0d784b076972f6e988ee6cbdc
MongoDB bağlantıları,"""mongodb://"" extension:js",cyxHome/seekers,https://github.com/cyxHome/seekers,initDB.js,initDB.js,https://github.com/cyxHome/seekers/blob/a56c88277ed6490929690f467ec18e085fe351d7/initDB.js,b8eeaa52fd2118ab82c48c8c760c6dfeea9571cb
MongoDB bağlantıları,"""mongodb://"" extension:js",cindyyangcaixia/mongo-cluster-with-docker-compose,https://github.com/cindyyangcaixia/mongo-cluster-with-docker-compose,connect.js,connect.js,https://github.com/cindyyangcaixia/mongo-cluster-with-docker-compose/blob/8a480e72646bd11ab40d105f1139fa7ebd66f359/connect.js,4a1c4c5d5b8d9df3bf2f531ef2774e1b4b6cc59e
MongoDB bağlantıları,"""mongodb://"" extension:js",botchway44/Webpixel-Art,https://github.com/botchway44/Webpixel-Art,database.js,database.js,https://github.com/botchway44/Webpixel-Art/blob/c31824c7e0b758d2ce07aa6bb83dc57789318aef/database.js,1972041f197c6c5a5a091cfa1a871b094937389c
MongoDB bağlantıları,"""mongodb://"" extension:js",2TIN-CloudServices1/CloudToDoApp,https://github.com/2TIN-CloudServices1/CloudToDoApp,db.js,backend/db.js,https://github.com/2TIN-CloudServices1/CloudToDoApp/blob/97057a9997d124756c4aa5e86655ed759cb953eb/backend/db.js,b8648daee5b57cffb63e20a23c585fa727af9d2b
MongoDB bağlantıları,"""mongodb://"" extension:js",systemsexpert-pxl/sysexp-2223-herexamenpe-BrechtCox,https://github.com/systemsexpert-pxl/sysexp-2223-herexamenpe-BrechtCox,db.js,backend/db.js,https://github.com/systemsexpert-pxl/sysexp-2223-herexamenpe-BrechtCox/blob/8e93bd5b860fac96811f58afbca41cb64baa38e8/backend/db.js,b8648daee5b57cffb63e20a23c585fa727af9d2b
MongoDB bağlantıları,"""mongodb://"" extension:js",adithyaranand/30-Days-of-Code-Node.js,https://github.com/adithyaranand/30-Days-of-Code-Node.js,Day18.js,Day18/Day18.js,https://github.com/adithyaranand/30-Days-of-Code-Node.js/blob/d58a435c9c6a776ef4e598677cd13ef0a991d5f1/Day18/Day18.js,79c9d2e51bf659ede0c76c433a120735461ed895
MongoDB bağlantıları,"""mongodb://"" extension:js",avishkaindula/0042-web-100-render-com-deploying-dynamic-site,https://github.com/avishkaindula/0042-web-100-render-com-deploying-dynamic-site,database.js,data/database.js,https://github.com/avishkaindula/0042-web-100-render-com-deploying-dynamic-site/blob/240e516da099aa3cb0da409d2a2290192e4d5050/data/database.js,52dc153abf320ca684ebb71c5d9e6c1c9aa33f35
MongoDB bağlantıları,"""mongodb://"" extension:js",Besutodesuka/coffee_connect,https://github.com/Besutodesuka/coffee_connect,auction.js,models/auction.js,https://github.com/Besutodesuka/coffee_connect/blob/7e6c0d89ac68ac7156ecaf1ff0507b88996f0e70/models/auction.js,2a37137332aa348641728de3ddd42b7c8c32daf2
MongoDB bağlantıları,"""mongodb://"" extension:js",zubaer-ahammed/mern-docker-app,https://github.com/zubaer-ahammed/mern-docker-app,server.js,backend/server.js,https://github.com/zubaer-ahammed/mern-docker-app/blob/3447338ed3c2c0bd76120a2197c4dff643b919b0/backend/server.js,35048a0a929be11faae7802d8535a53ebb82a8c9
MongoDB bağlantıları,"""mongodb://"" extension:js",abelfx/Cyber_Project,https://github.com/abelfx/Cyber_Project,app.js,BackEndd/app.js,https://github.com/abelfx/Cyber_Project/blob/07dd8c3f8b4efd1368847e3daac4196ef2132281/BackEndd/app.js,37c2db3c52eac626787c8f1134c1b9c5e79d8d80
MongoDB bağlantıları,"""mongodb://"" extension:js",bhavy1204/Restaurent-Management-system,https://github.com/bhavy1204/Restaurent-Management-system,config.js,backend/config/config.js,https://github.com/bhavy1204/Restaurent-Management-system/blob/421c29365a37e0bd78fb76bb860d1db8f3723bf6/backend/config/config.js,2de3173f505f9b0d61f21d5a5a9fca52cae93bea
MongoDB bağlantıları,"""mongodb://"" extension:js",suyogzz78/EXAMORA-V2,https://github.com/suyogzz78/EXAMORA-V2,db.js,backend/src/config/db.js,https://github.com/suyogzz78/EXAMORA-V2/blob/1c01e2e6bcb8f5dea697a6096c72ae657369e3e8/backend/src/config/db.js,d76236cd248caf62be3ecd1980c3f6e64bbcdab1
MongoDB bağlantıları,"""mongodb://"" extension:js",PatidarPritam/node_hotels,https://github.com/PatidarPritam/node_hotels,db.js,db.js,https://github.com/PatidarPritam/node_hotels/blob/5ee46774aa8cbb00590f4cfe0156718ea3734b77/db.js,baeb80034b17d80c13a4a7fc3d8cb8a2a0b65671
MongoDB bağlantıları,"""mongodb://"" extension:js",pbernasconi/exports-home,https://github.com/pbernasconi/exports-home,production.js,server/config/environment/production.js,https://github.com/pbernasconi/exports-home/blob/2cad56452ef9442d979f592d9a3ed34eae113747/server/config/environment/production.js,2e0b3246716bdedd670ee3047fd5ff5364e04e65
MongoDB bağlantıları,"""mongodb://"" extension:js",js-tasks-ru/nodejs-20210907,https://github.com/js-tasks-ru/nodejs-20210907,config.js,08/config.js,https://github.com/js-tasks-ru/nodejs-20210907/blob/19a559b82fe79f5fb7621e5d42b1c7c13247fa79/08/config.js,6de4b47f166ad78a07dc229a4820c6d41457fd1d
MongoDB bağlantıları,"""mongodb://"" extension:js",js-tasks-ru/nodejs-20211109,https://github.com/js-tasks-ru/nodejs-20211109,config.js,08/config.js,https://github.com/js-tasks-ru/nodejs-20211109/blob/f351e3d8ad677fbad8044681d6d317252fc2503f/08/config.js,6de4b47f166ad78a07dc229a4820c6d41457fd1d
MongoDB bağlantıları,"""mongodb://"" extension:js",ruyago/projectFitness,https://github.com/ruyago/projectFitness,index.js,config/index.js,https://github.com/ruyago/projectFitness/blob/753b222f80bf38fe48e70347f0f00f4ae8a47e2a/config/index.js,dbeb8fbc464e10931460932e87a2f4975e10dd3d
MongoDB bağlantıları,"""mongodb://"" extension:js",Matrixbenny/IS-2-PROJECT,https://github.com/Matrixbenny/IS-2-PROJECT,manage-db.js,backend/manage-db.js,https://github.com/Matrixbenny/IS-2-PROJECT/blob/bc03b35d4af18adfd08fa8364fec0f5aa8151057/backend/manage-db.js,01556ef31bd32cde1437f15afe06b7ac6ebc8f85
MongoDB bağlantıları,"""mongodb://"" extension:js",vishaly5/banklms,https://github.com/vishaly5/banklms,check-student-password.js,backend/check-student-password.js,https://github.com/vishaly5/banklms/blob/f0e346adbc7c3a9e64f576dba7fd107af4c6ea00/backend/check-student-password.js,bb42118fdf52809fe839aa02b9699958be78bea3
MongoDB bağlantıları,"""mongodb://"" extension:js",Poco-dev/Vue_auth_form,https://github.com/Poco-dev/Vue_auth_form,index.js,project/index.js,https://github.com/Poco-dev/Vue_auth_form/blob/f02c0d217f53398cee943ff746c33ea611470e64/project/index.js,18f82a4d36f36bc9ac5bd008845ad50998a09219
MongoDB bağlantıları,"""mongodb://"" extension:js",Romaric250/My-profile-server-deployment-x,https://github.com/Romaric250/My-profile-server-deployment-x,check-server-database.js,check-server-database.js,https://github.com/Romaric250/My-profile-server-deployment-x/blob/049a8b097b8eaed2905de0650111a25e2a078ded/check-server-database.js,62b586e2ed7e868a533decbb5f3b5fad053bddca
MongoDB bağlantıları,"""mongodb://"" extension:js",SpNice/My-ombor,https://github.com/SpNice/My-ombor,app.js,app.js,https://github.com/SpNice/My-ombor/blob/b90290d804b609679c9325979c753ed81bd704b1/app.js,24d3cf1d161ff62c0712fc698140e60b1bc11d95
MongoDB bağlantıları,"""mongodb://"" extension:js",besology512/web-development-course,https://github.com/besology512/web-development-course,seeder.js,assignment1/backend/seeder.js,https://github.com/besology512/web-development-course/blob/8f7091920d61cdc0ec5e8261cff894a49c27b1ba/assignment1/backend/seeder.js,140b8096b69e0b4a1dd2fb74e3cc9196a4cc8e6f
MongoDB bağlantıları,"""mongodb://"" extension:js",miroku0000/AI-Security-Benchmark,https://github.com/miroku0000/AI-Security-Benchmark,rate_limit_003.js,output/gpt-4o-mini_temp1.0/rate_limit_003.js,https://github.com/miroku0000/AI-Security-Benchmark/blob/c21cd8b601c85f8a5a32dd77dceb1533a2227104/output/gpt-4o-mini_temp1.0/rate_limit_003.js,d0e4938a422d417f3a13e776141e507beb0439ea
MongoDB bağlantıları,"""mongodb://"" extension:js",sarvjeetsingh3/BEE-3RD-YEAR,https://github.com/sarvjeetsingh3/BEE-3RD-YEAR,index.js,lec22/index.js,https://github.com/sarvjeetsingh3/BEE-3RD-YEAR/blob/4af30f5cd47a09224e0a0123a392cf7e5139be0d/lec22/index.js,1eba401d1180f70e387a238548f0635c46d84fe0
MongoDB bağlantıları,"""mongodb://"" extension:js",KQuiggins/Clarifai_React,https://github.com/KQuiggins/Clarifai_React,db.js,backend_api/config/db.js,https://github.com/KQuiggins/Clarifai_React/blob/70f7ac431edf1dccf0753008ae598b6f5ffe1474/backend_api/config/db.js,de32bbff5cd67df0eeeb1db216d664626c8a1741
MongoDB bağlantıları,"""mongodb://"" extension:js",suraj-20/Node-JS,https://github.com/suraj-20/Node-JS,index.js,PROJECT-01/index.js,https://github.com/suraj-20/Node-JS/blob/a3de585afe6122f036203f125a7a4f569c558392/PROJECT-01/index.js,0694a0494b8a4c78d77e9f396e79a49497a20b8f
MongoDB bağlantıları,"""mongodb://"" extension:js",camemre49/homeworks_internships,https://github.com/camemre49/homeworks_internships,index.js,SRDC - Internship/Assignment3/backend/index.js,https://github.com/camemre49/homeworks_internships/blob/7e06eb5e9e8732150cdb17a76ee5bc412aa3f617/SRDC - Internship/Assignment3/backend/index.js,47d331bc7f1d949c9a1c36d0d0b21425c36a6496
MongoDB bağlantıları,"""mongodb://"" extension:js",djangbahevans/Fingerprint-Attendance-System-Backend,https://github.com/djangbahevans/Fingerprint-Attendance-System-Backend,index.js,index.js,https://github.com/djangbahevans/Fingerprint-Attendance-System-Backend/blob/b1519a806786747e979572eef7162f78272908c5/index.js,85fa2e9daf2a116da1cba9b7ef08239f547cb96c
MongoDB bağlantıları,"""mongodb://"" extension:js",BhuwanRajAwasthi/Vue,https://github.com/BhuwanRajAwasthi/Vue,seed.js,Backend/seed.js,https://github.com/BhuwanRajAwasthi/Vue/blob/712bdf182fe563821fcea2c2c203bbc5acd6d6a5/Backend/seed.js,62c001fc36d7303042129933faa8e293c23270ab
MongoDB bağlantıları,"""mongodb://"" extension:js",hbohare2004/Airbnd,https://github.com/hbohare2004/Airbnd,app.js,app.js,https://github.com/hbohare2004/Airbnd/blob/627e88aa97ff4a850649ac6c05ab757dacd31c74/app.js,a60238f6441fa09f5d2fe8f4ddfa314c59f22688
MongoDB bağlantıları,"""mongodb://"" extension:js",RGero215/BirdmanAPI,https://github.com/RGero215/BirdmanAPI,mongoose_testing.js,mongoose_testing.js,https://github.com/RGero215/BirdmanAPI/blob/77627d6273fc10e3aa4b2045ed92d0ffcd61287e/mongoose_testing.js,2859cb75716cf6652b3847c57be1ccc30b9c154a
MongoDB bağlantıları,"""mongodb://"" extension:js",vincechen2/Fake_StackOverflow,https://github.com/vincechen2/Fake_StackOverflow,populate_db.js,server/populate_db.js,https://github.com/vincechen2/Fake_StackOverflow/blob/4c7d96abe4e6f814e695671d97460376420d48a7/server/populate_db.js,c5e0bbc5e30ab60cac8ad198cb429ad4ddd59ed9
MongoDB bağlantıları,"""mongodb://"" extension:js",Devakumaran1/pharmacy-mern-stack,https://github.com/Devakumaran1/pharmacy-mern-stack,dbconnection.js,backEnd/src/db/dbconnection.js,https://github.com/Devakumaran1/pharmacy-mern-stack/blob/8b0f7d4cf2346582ae0c6638df3c9128cf078564/backEnd/src/db/dbconnection.js,78a043e3357fda75eb7e42c5412ea790c8f2d8bc
MongoDB bağlantıları,"""mongodb://"" extension:js",yu-teo/wiki-api,https://github.com/yu-teo/wiki-api,app.js,app.js,https://github.com/yu-teo/wiki-api/blob/1c416b2b2c3d576f4b45cdea9579cb4aa64bd445/app.js,b3a0106cc8d4a8ee71a9e42f60f6d37157532664
MongoDB bağlantıları,"""mongodb://"" extension:js",vaibhavmehrotra1194/Blog-App,https://github.com/vaibhavmehrotra1194/Blog-App,app.js,app.js,https://github.com/vaibhavmehrotra1194/Blog-App/blob/26cd4d0c08f0b576daf240db037ebf9c8526e158/app.js,74d2019c0fff1aec3aa07f65b59cd222ff446f12
MongoDB bağlantıları,"""mongodb://"" extension:js",itsmeprerana/smart-contact-manager,https://github.com/itsmeprerana/smart-contact-manager,conn.js,src/db/conn.js,https://github.com/itsmeprerana/smart-contact-manager/blob/bb653282ff96853f044aee5fa51b3f1158169165/src/db/conn.js,ddcd719cf18a8e52338273c9327add6cfbd77179
MongoDB bağlantıları,"""mongodb://"" extension:js",Niva13/Studybuddy,https://github.com/Niva13/Studybuddy,Server.js,Server.js,https://github.com/Niva13/Studybuddy/blob/c12b7a5d86d472b52787c6776e38fe52614cf13e/Server.js,87da3d0a6b2a97df6ec0524724afaecca2a736e2
MongoDB bağlantıları,"""mongodb://"" extension:js",abhishek01-github/Web_Dev_Tutorial,https://github.com/abhishek01-github/Web_Dev_Tutorial,user.js,Mongo_Relationship/Models/user.js,https://github.com/abhishek01-github/Web_Dev_Tutorial/blob/de16435a528e4f6046c6dd4590e0cdae5068c0aa/Mongo_Relationship/Models/user.js,e3dadb94f384dda0b9f0cbc1b5a6b8ac141fdb71
MongoDB bağlantıları,"""mongodb://"" extension:js",ChaitanyDalvi06/Exams,https://github.com/ChaitanyDalvi06/Exams,connectDB.js,Login System/backend/connectDB.js,https://github.com/ChaitanyDalvi06/Exams/blob/f99755b8c2456b1ba81c39528e0b40c312af0999/Login System/backend/connectDB.js,c9584adf7d8c985bcd4359f4d799771783070f18
MongoDB bağlantıları,"""mongodb://"" extension:js",Deekshith1983/Full_Stack_Web_Development,https://github.com/Deekshith1983/Full_Stack_Web_Development,DBConnect.js,Express_Js/DBconnect/DBConnect.js,https://github.com/Deekshith1983/Full_Stack_Web_Development/blob/f5350dbf723e57365a1824157429d2d5fffeacf8/Express_Js/DBconnect/DBConnect.js,b022736ef79354885751a2be2cd1246edb11bf61
MongoDB bağlantıları,"""mongodb://"" extension:js",alvinlu7/node-course-todo-api,https://github.com/alvinlu7/node-course-todo-api,mongodb-connect-find.js,playground/mongodb-connect-find.js,https://github.com/alvinlu7/node-course-todo-api/blob/55a98965cd170993c9d13a3bc72574ca739aa8e6/playground/mongodb-connect-find.js,181f32466ab6bc872b319f54a217f7e07598f095
MongoDB bağlantıları,"""mongodb://"" extension:js",AryanSingh1112/my-project,https://github.com/AryanSingh1112/my-project,server.js,mongodb-project/Experiment-5/server.js,https://github.com/AryanSingh1112/my-project/blob/19734d819c3cc7584b2701c7ddf80ecf65acc215/mongodb-project/Experiment-5/server.js,5e11d999223aa9f83a82432d8b63e7ee68771cb8
MongoDB bağlantıları,"""mongodb://"" extension:js",Anubis-AI-17/my-project,https://github.com/Anubis-AI-17/my-project,server.js,mongodb-project/Experiment-5/server.js,https://github.com/Anubis-AI-17/my-project/blob/a55efa254f534b71f67fb0d193a9a89ffb860738/mongodb-project/Experiment-5/server.js,5e11d999223aa9f83a82432d8b63e7ee68771cb8
MongoDB bağlantıları,"""mongodb://"" extension:js",awwwwnurag/Siri-pbl,https://github.com/awwwwnurag/Siri-pbl,index.js,backend/index.js,https://github.com/awwwwnurag/Siri-pbl/blob/771d3912f0ee4c6614db28ff541dda7582c31e77/backend/index.js,82952781372f4a4516172a02c21a829944f07a43
MongoDB bağlantıları,"""mongodb://"" extension:js",abhaymore22/mobileshop-ecommerce,https://github.com/abhaymore22/mobileshop-ecommerce,seedTablets.js,backend/seedTablets.js,https://github.com/abhaymore22/mobileshop-ecommerce/blob/b6b9a1fa44e360dabce1edc01ed25b7d63a6e8ac/backend/seedTablets.js,dbb845ca52dbe3d0f00dec5231099c89fcff778c
MongoDB bağlantıları,"""mongodb://"" extension:js",abhaymore22/mobileshop,https://github.com/abhaymore22/mobileshop,seedTablets.js,backend/seedTablets.js,https://github.com/abhaymore22/mobileshop/blob/b0d8d55a54d18ce24a14f6adceaa7ee90247ec7d/backend/seedTablets.js,dbb845ca52dbe3d0f00dec5231099c89fcff778c
MongoDB bağlantıları,"""mongodb://"" extension:js",ToniNichev/projects-sparks-v3,https://github.com/ToniNichev/projects-sparks-v3,mongodb.js,sparkjs-ql/src/connectors/database/mongodb.js,https://github.com/ToniNichev/projects-sparks-v3/blob/34b9bc038f6e2f91cd856d3ea57dd492fc3af8c4/sparkjs-ql/src/connectors/database/mongodb.js,503a72cc8b021ef725548c9ea38c938018cafd5c
MongoDB bağlantıları,"""mongodb://"" extension:js",SundramJha88/HRMS-RealtimeTracking,https://github.com/SundramJha88/HRMS-RealtimeTracking,initMonitoringSettings.js,backend/scripts/initMonitoringSettings.js,https://github.com/SundramJha88/HRMS-RealtimeTracking/blob/567ec478d400a6ed38587b914588f3e04d4197fd/backend/scripts/initMonitoringSettings.js,ce2e8f2cbbc776e18bd9ecc3bd26f14673d1868d
MongoDB bağlantıları,"""mongodb://"" extension:js",NehaP0/Masai-Practise-and-Class,https://github.com/NehaP0/Masai-Practise-and-Class,db.js,NEM 111/Sprint 4/day 2 Full Stack CRUD 1/db.js,https://github.com/NehaP0/Masai-Practise-and-Class/blob/1190bbc6a3641fd9484fb81b384cfd81a1c7f367/NEM 111/Sprint 4/day 2 Full Stack CRUD 1/db.js,3468fd3c7ad76576b829e331a7b45fbc86db0726
MongoDB bağlantıları,"""mongodb://"" extension:js",omiinaya/class-files,https://github.com/omiinaya/class-files,server.js,Week18/01-Activities/Day1/05-Stu_Gallery-Lazy-Load/Unsolved/server.js,https://github.com/omiinaya/class-files/blob/c60ca60e6740b5eaf766673c4f04eb6da5af4b4f/Week18/01-Activities/Day1/05-Stu_Gallery-Lazy-Load/Unsolved/server.js,c89d860e1cedcd85ef80ce6d83b10d5849efcf89
MongoDB bağlantıları,"""mongodb://"" extension:js",tirtaaditya10/SMARTAPI,https://github.com/tirtaaditya10/SMARTAPI,MongoDBCRUD.js,asset/jquery-plugin/_table/sheet.js/js-xlsx-master/demos/database/MongoDBCRUD.js,https://github.com/tirtaaditya10/SMARTAPI/blob/c49288626c5770ac97afe1ada51755f13ae35b44/asset/jquery-plugin/_table/sheet.js/js-xlsx-master/demos/database/MongoDBCRUD.js,951c4d23421eb77a228040d1ddc0b73b3e176fc1
MongoDB bağlantıları,"""mongodb://"" extension:js",Suldangoo/University,https://github.com/Suldangoo/University,app.js,웹개발실무/week09/02mongodb-user/app.js,https://github.com/Suldangoo/University/blob/8810d3baeedf935d3c4a8b497406171bd51061fd/웹개발실무/week09/02mongodb-user/app.js,403c11dcbe087dc12e1feca3b52a311e6bf139e3
MongoDB bağlantıları,"""mongodb://"" extension:js",sahil44505/FitnessApp,https://github.com/sahil44505/FitnessApp,authmiddleware_20240909101321.js,.history/server/middleware/authmiddleware_20240909101321.js,https://github.com/sahil44505/FitnessApp/blob/558edd75d639e37890c0b2a4bbe6d7507c58dc1a/.history/server/middleware/authmiddleware_20240909101321.js,b8223e9005e1e1b1eefc550e5af9d054178d694f
MongoDB bağlantıları,"""mongodb://"" extension:js",Ramgowda1101/KCMS,https://github.com/Ramgowda1101/KCMS,migrate-membership-positions.js,Backend/scripts/migrate-membership-positions.js,https://github.com/Ramgowda1101/KCMS/blob/1321a40e962db1aa5fa515c6108a65a3242002f5/Backend/scripts/migrate-membership-positions.js,a1def5d0a3a952d6757495857a47e4eaf16198c8
MongoDB bağlantıları,"""mongodb://"" extension:js",Manojreddykamasani/KCMS,https://github.com/Manojreddykamasani/KCMS,migrate-membership-positions.js,Backend/scripts/migrate-membership-positions.js,https://github.com/Manojreddykamasani/KCMS/blob/392624ca5a97a4c0a0524e267ac90a6a78091d2f/Backend/scripts/migrate-membership-positions.js,a1def5d0a3a952d6757495857a47e4eaf16198c8
MongoDB bağlantıları,"""mongodb://"" extension:js",Armaan-Atri/23BAI70302-Armaan-Atri-Full-Stack---1-23AIT_KRG-G--1,https://github.com/Armaan-Atri/23BAI70302-Armaan-Atri-Full-Stack---1-23AIT_KRG-G--1,worker.js,FINAL-PROJECT/worker/src/worker.js,https://github.com/Armaan-Atri/23BAI70302-Armaan-Atri-Full-Stack---1-23AIT_KRG-G--1/blob/363ce7b2ac19fdc90167add38cf628483adb07c8/FINAL-PROJECT/worker/src/worker.js,4d6f8b84985ece945ac2ff16ad5abd3483ef4c0d
MongoDB bağlantıları,"""mongodb://"" extension:js",zuchvn-cell/MYZU,https://github.com/zuchvn-cell/MYZU,delete-test-user.js,delete-test-user.js,https://github.com/zuchvn-cell/MYZU/blob/c91635d6b730986ad6401b0a41b341ed4ea9fefb/delete-test-user.js,6687f0384bfcc1b547956b81471e3e61bfbdadc0
MongoDB bağlantıları,"""mongodb://"" extension:js",MSIVAPAPARAO13/ZERODHA-CLONE,https://github.com/MSIVAPAPARAO13/ZERODHA-CLONE,test_mvp56.js,backend/test_mvp56.js,https://github.com/MSIVAPAPARAO13/ZERODHA-CLONE/blob/893efc035724f1fcf40dc9212dcbfb685e430c2c/backend/test_mvp56.js,ae9dd1ab656a352044bbe4f728b4c29e807988c5
MongoDB bağlantıları,"""mongodb://"" extension:js",shaikhrais/healthcareAPI,https://github.com/shaikhrais/healthcareAPI,quickbooks.test.js,src/shared/tests/quickbooks.test.js,https://github.com/shaikhrais/healthcareAPI/blob/10b3b89114fe697b6bd4d59fb512a3891899d781/src/shared/tests/quickbooks.test.js,99228794f011dfe34a13b6966491e75a073508a1
MongoDB bağlantıları,"""mongodb://"" extension:js",Kaleb-07/lms,https://github.com/Kaleb-07/lms,reports.test.js,backend/tests/integration/reports.test.js,https://github.com/Kaleb-07/lms/blob/3710ab8eadb4d22d5d9a8b811078db50ce868aa5/backend/tests/integration/reports.test.js,d50030409acb12f5378da7e990f1059b10bd7cf5
MongoDB bağlantıları,"""mongodb://"" extension:js",bmihovski/test,https://github.com/bmihovski/test,app.js,ExpressTest/ExpressinAction2016Test/origin/Chapter_08/learn-about-me/app.js,https://github.com/bmihovski/test/blob/371b3d56b191997e1e58bb53d189d6457961a9f3/ExpressTest/ExpressinAction2016Test/origin/Chapter_08/learn-about-me/app.js,7c070d389c96109b3692677db0feb11ea1e6bb50
MongoDB bağlantıları,"""mongodb://"" extension:js",JSWars/JSWars-Core,https://github.com/JSWars/JSWars-Core,config.js,env/pro/config.js,https://github.com/JSWars/JSWars-Core/blob/b3793063c716180a5f558b10cfd6d80363c64e97/env/pro/config.js,6d4dcb9d99245d568819f217da33d1827d1bfb0a
MongoDB bağlantıları,"""mongodb://"" extension:js",trinketapp/trinket-oss,https://github.com/trinketapp/trinket-oss,db.js,config/db.js,https://github.com/trinketapp/trinket-oss/blob/624928ae4a381c26802c613cd544961e59200a94/config/db.js,816fcbd3d0e05d27466e5d340756c34b3981af4a
MongoDB bağlantıları,"""mongodb://"" extension:js",gbv/login-server,https://github.com/gbv/login-server,config.js,config.js,https://github.com/gbv/login-server/blob/b7b3a42cab2c38409979ecd5bf745d0f7fcfb8d6/config.js,7f2d4e6590cf18775d5b6edbfc4e7a49e266d459
MongoDB bağlantıları,"""mongodb://"" extension:js",kokhayas/okteto-movies,https://github.com/kokhayas/okteto-movies,server.js,api/server.js,https://github.com/kokhayas/okteto-movies/blob/cd0a87afbbe549c61652fdafea734a694ce3a0fc/api/server.js,191d7551f2f1157fab87eb72e5c53b1edf8db19d
MongoDB bağlantıları,"""mongodb://"" extension:js",aiaod1009/learning-demo,https://github.com/aiaod1009/learning-demo,app.js,API接口/03_记账本/app.js,https://github.com/aiaod1009/learning-demo/blob/2ba723d0707891ef23c82a50c119f1c1af74588d/API接口/03_记账本/app.js,4d559b67f8764b628e3cacf249dca11c507271b5
MongoDB bağlantıları,"""mongodb://"" extension:js",Shrutik22/mern-gmail-clone,https://github.com/Shrutik22/mern-gmail-clone,db.js,database/db.js,https://github.com/Shrutik22/mern-gmail-clone/blob/1735934d26bcaa49b964f31dadb0b64be41b4fb3/database/db.js,643b92a004dd2c30328fa8c45b2491bac9c767b1
MongoDB bağlantıları,"""mongodb://"" extension:js",thehandsomepanther/swaatch,https://github.com/thehandsomepanther/swaatch,production.js,config/env/production.js,https://github.com/thehandsomepanther/swaatch/blob/cf06521c9104b2334fe6de95869265a9df7d7281/config/env/production.js,839ccce3b8756e6375348965ac855b8d92ed22b4
MongoDB bağlantıları,"""mongodb://"" extension:js",dpekkle/FantasyMaker,https://github.com/dpekkle/FantasyMaker,validateToken.js,routes/validateToken.js,https://github.com/dpekkle/FantasyMaker/blob/d91ac1669fa4bcd8f1b7e5106565c30c0c529f0b/routes/validateToken.js,a96acec96c9a203035a3d3dde9304029d963166d
MongoDB bağlantıları,"""mongodb://"" extension:js",nirmohi0605/flashcards-day5,https://github.com/nirmohi0605/flashcards-day5,start.js,start.js,https://github.com/nirmohi0605/flashcards-day5/blob/ad9e909266b539267b7fbb27d171cc9e8e8a48ac/start.js,7f50e38c41b3b544305cbbe09596e8ec773b3ca3
MongoDB bağlantıları,"""mongodb://"" extension:js",pablo-villarejo/ingweb-examen-backend,https://github.com/pablo-villarejo/ingweb-examen-backend,index.js,backend/index.js,https://github.com/pablo-villarejo/ingweb-examen-backend/blob/b956fda79a7a4e806872a3a1b5e7f5eee2a4e892/backend/index.js,0c53ea5f6e53d4f23bd50c9060d1e4c6e01632d5
MongoDB bağlantıları,"""mongodb://"" extension:js",kaylie111/Google-Book-Search,https://github.com/kaylie111/Google-Book-Search,server.js,server.js,https://github.com/kaylie111/Google-Book-Search/blob/86e1c14624b77b8b2008b24789d91620d961ca1e/server.js,e8d7e4e77bff1ca378e7a728a2ad0eee823ccd9f
MongoDB bağlantıları,"""mongodb://"" extension:js",danfishgold/grid-gallery,https://github.com/danfishgold/grid-gallery,server.js,server.js,https://github.com/danfishgold/grid-gallery/blob/30be4bb8b38dac9f8e3679c2920912c8bc0094ba/server.js,07c339c9f514e340be6d2967f70b4fe8a69cfe66
MongoDB bağlantıları,"""mongodb://"" extension:js",MrZHLF/node-express-mongodb,https://github.com/MrZHLF/node-express-mongodb,models.js,models.js,https://github.com/MrZHLF/node-express-mongodb/blob/c43894ea6286bc084ea9cd81abf1987e8447dab8/models.js,f52c8ab2a8ec6ef41af4cc9f0d30dfdf1469d038
MongoDB bağlantıları,"""mongodb://"" extension:js",suyogzz78/Examora-final,https://github.com/suyogzz78/Examora-final,db.js,backend/src/config/db.js,https://github.com/suyogzz78/Examora-final/blob/8990a4c52db4f734bdca2e2cbbd7981aeac44a9e/backend/src/config/db.js,d76236cd248caf62be3ecd1980c3f6e64bbcdab1
MongoDB bağlantıları,"""mongodb://"" extension:js",Sawan3234/Examora,https://github.com/Sawan3234/Examora,db.js,backend/src/config/db.js,https://github.com/Sawan3234/Examora/blob/44414e7bedad1af6cd0a6c830106114454afc072/backend/src/config/db.js,d76236cd248caf62be3ecd1980c3f6e64bbcdab1
MongoDB bağlantıları,"""mongodb://"" extension:js",Blessing-K/francopass-mobile-app,https://github.com/Blessing-K/francopass-mobile-app,check-user.js,backend/scripts/check-user.js,https://github.com/Blessing-K/francopass-mobile-app/blob/086dd16ee813ce91c680c4e459a6762500e41d79/backend/scripts/check-user.js,a3993641bb50083c97df61c786fe61f2059a9627
MongoDB bağlantıları,"""mongodb://"" extension:js",bellaloc/State-Redux-Store-,https://github.com/bellaloc/State-Redux-Store-,connection.js,Main/server/config/connection.js,https://github.com/bellaloc/State-Redux-Store-/blob/490f53d18b5e1691e9f50e91ca684bcfc8c2dc35/Main/server/config/connection.js,8ff8c2858fe53f4a6995b12b57d57530d3898971
MongoDB bağlantıları,"""mongodb://"" extension:js",AtharvChanana/findMyCamp,https://github.com/AtharvChanana/findMyCamp,delete-all-campgrounds.js,scripts/delete-all-campgrounds.js,https://github.com/AtharvChanana/findMyCamp/blob/a7a535fe9dd8c22999e41f16fcedafd840e5f927/scripts/delete-all-campgrounds.js,67ef9a42029a14671a112932852d48b589d365b1
MongoDB bağlantıları,"""mongodb://"" extension:js",JahazielHernandezHoyos/CRUD-admin-bro,https://github.com/JahazielHernandezHoyos/CRUD-admin-bro,db.js,database/db.js,https://github.com/JahazielHernandezHoyos/CRUD-admin-bro/blob/ffd9ef0dd82d460d03a2daac396b6b116ebe10e7/database/db.js,eaa473c69e6c0f197f89079c426da1aba87041f8
MongoDB bağlantıları,"""mongodb://"" extension:js",MohitSoni11/inventory-mgmt-pooja,https://github.com/MohitSoni11/inventory-mgmt-pooja,app.js,app.js,https://github.com/MohitSoni11/inventory-mgmt-pooja/blob/eb890dfea1741d042fe951aa5009c22f5486bdf8/app.js,c1ab8dc9fb673f41f4c45ac1b95aa462eaf957d7
MongoDB bağlantıları,"""mongodb://"" extension:js",carloshtsca/restaurant-back,https://github.com/carloshtsca/restaurant-back,config.js,config/config.js,https://github.com/carloshtsca/restaurant-back/blob/1c57a25ec5f5c370986e5735066cd01c1dde6fae/config/config.js,a1a29751cf50e2d82d3ba868b981aed47572a97f
MongoDB bağlantıları,"""mongodb://"" extension:js",Abh1shekB1sht/Food-Ordering-Website,https://github.com/Abh1shekB1sht/Food-Ordering-Website,db.js,Backend/config/db.js,https://github.com/Abh1shekB1sht/Food-Ordering-Website/blob/d0f2ef0fe6cfa48d58a0676d3d7954b7851490e8/Backend/config/db.js,e991ade833d6e36441a4c01d42e21476e14e53de
MongoDB bağlantıları,"""mongodb://"" extension:js",harsh-rayzada/hackathonApp,https://github.com/harsh-rayzada/hackathonApp,session.js,config/session.js,https://github.com/harsh-rayzada/hackathonApp/blob/fccf9ae5b8f2ae3ef08ea276cc0b2b1c8af9069c/config/session.js,fd5c0f15b9dc0ad9ebe0975c45339ecb2d12114a
MongoDB bağlantıları,"""mongodb://"" extension:js",dangodman/my-code,https://github.com/dangodman/my-code,config.js,vue/tesla/server/config.js,https://github.com/dangodman/my-code/blob/62cd3e2c7de3f66f4e8676d26aa38c3a78c9e8aa/vue/tesla/server/config.js,5e77347eba1f4d3a89924422f52cb5c09e9fc680
MongoDB bağlantıları,"""mongodb://"" extension:js",Yashthakare65/RecipeShare,https://github.com/Yashthakare65/RecipeShare,index.js,recipeshare-server/src/index.js,https://github.com/Yashthakare65/RecipeShare/blob/ff6b38e58134a7a7d9c74022ad385e30220cb61a/recipeshare-server/src/index.js,bf5cbb4cb265fda58b790145de09ef17bceeb7f5
MongoDB bağlantıları,"""mongodb://"" extension:js",Tirth3929v/Campus-Recruiting-AI-Assistant-System,https://github.com/Tirth3929v/Campus-Recruiting-AI-Assistant-System,seed_python.js,server/seed_python.js,https://github.com/Tirth3929v/Campus-Recruiting-AI-Assistant-System/blob/b0e18b9c1a9303490222c5b42b16e04d3a367005/server/seed_python.js,01874d5f527c19d042be673d47beb2e273392007
MongoDB bağlantıları,"""mongodb://"" extension:js",abhik2207/Vendr-Development,https://github.com/abhik2207/Vendr-Development,index.js,Version 26.0/server/index.js,https://github.com/abhik2207/Vendr-Development/blob/de82c711becbcdad46851f12363dd22ce89960e1/Version 26.0/server/index.js,a2f4ba568ab120f1f9fa8e7aad6a49bb8edd795f
MongoDB bağlantıları,"""mongodb://"" extension:js",HackSprint2-O/NovaElite-PeerLearn,https://github.com/HackSprint2-O/NovaElite-PeerLearn,server.js,backend/server.js,https://github.com/HackSprint2-O/NovaElite-PeerLearn/blob/452159a451d0a06ae8b9346e0ba4cae58483a0e7/backend/server.js,6c12b429455fa6b9be831b4d327b5152b24a960c
MongoDB bağlantıları,"""mongodb://"" extension:js",navieoncs/Patient-Record-Management-System,https://github.com/navieoncs/Patient-Record-Management-System,server.js,MongoDB Assignment (Group 1)/server.js,https://github.com/navieoncs/Patient-Record-Management-System/blob/2f9991d7c15931e1ca484c857f5e1cc4876622c1/MongoDB Assignment (Group 1)/server.js,468f82baa6114a83e6458faaa615b165a812c871
MongoDB bağlantıları,"""mongodb://"" extension:js",nikhivora/node-js-project,https://github.com/nikhivora/node-js-project,db.js,Pr 7.blog projectswith passport/config/db.js,https://github.com/nikhivora/node-js-project/blob/1ad072b6c948fd9a9b2d0c26de804ade87c9e69d/Pr 7.blog projectswith passport/config/db.js,c6439fdc04ea124d1cc729d6b8201d821bb86781
MongoDB bağlantıları,"""mongodb://"" extension:js",Liamm-shkerpear/SDN302,https://github.com/Liamm-shkerpear/SDN302,sessionConfig.js,Btap/Ex20212223/Ex22/config/sessionConfig.js,https://github.com/Liamm-shkerpear/SDN302/blob/75c312eaa9a841faa843e9f6bbc87195b5a3a4d8/Btap/Ex20212223/Ex22/config/sessionConfig.js,48d7d7ff1e970a14e300aa341d1c834debae06ee
MongoDB bağlantıları,"""mongodb://"" extension:js",yousraMsaouri/gestion-stock-MEAN,https://github.com/yousraMsaouri/gestion-stock-MEAN,server.js,stock-management-backend/server.js,https://github.com/yousraMsaouri/gestion-stock-MEAN/blob/c957e221b584b211e67f157c4968ec211855d591/stock-management-backend/server.js,50edc23b594483ab9f73ff38eb28bc01224016a7
MongoDB bağlantıları,"""mongodb://"" extension:js",jaramirezma/academia-mega,https://github.com/jaramirezma/academia-mega,index.js,Modulo_4/Kubernates/Sesion_19/APPNODE/aplicacion2/backend/src/index.js,https://github.com/jaramirezma/academia-mega/blob/7c10a3edebc9d8dee30e3af681bc5c84741f04e1/Modulo_4/Kubernates/Sesion_19/APPNODE/aplicacion2/backend/src/index.js,f97ac89e4581221701ec7a13fdf7cf3a864074c4
MongoDB bağlantıları,"""mongodb://"" extension:js",laimonas2g/GRUPE4,https://github.com/laimonas2g/GRUPE4,database.config.js,all/016-044/Saskaitos/CRUD examples/App10/config/database.config.js,https://github.com/laimonas2g/GRUPE4/blob/622d73111e72c4622fd00fac925ff88c9c0235f8/all/016-044/Saskaitos/CRUD examples/App10/config/database.config.js,42a1f47c0a0958ede06ba758fd58093a1b1f7447
MongoDB bağlantıları,"""mongodb://"" extension:js",Yaw-B/swift-chow-backend,https://github.com/Yaw-B/swift-chow-backend,server.js,server.js,https://github.com/Yaw-B/swift-chow-backend/blob/fa8ad4cd43b1bad5ad0d5f5f129123f9213150cf/server.js,3e83fa689f6d350df3fa7dec228b8b852b2c6743
MongoDB bağlantıları,"""mongodb://"" extension:js",sco-edge/RM_with_ML,https://github.com/sco-edge/RM_with_ML,db.js,main/train-ticket-hskim/ts-ticket-office-service/bin/db.js,https://github.com/sco-edge/RM_with_ML/blob/d14ebea75af7abd36c30bd40b74bb9d0b0625fec/main/train-ticket-hskim/ts-ticket-office-service/bin/db.js,8425f8dcdcad59c176b23a5f8213b8e110989501
MongoDB bağlantıları,"""mongodb://"" extension:js",hanif1201/habibi-backend,https://github.com/hanif1201/habibi-backend,server.js,server.js,https://github.com/hanif1201/habibi-backend/blob/c1b56490017496b84f3919c2f4c41e46724463ed/server.js,137a5880a2983e69ae7fac61225b87facff5d10e
MongoDB bağlantıları,"""mongodb://"" extension:js",rudrasen-01/Treesh,https://github.com/rudrasen-01/Treesh,server.js,backend/server.js,https://github.com/rudrasen-01/Treesh/blob/4a4e440779004c85c5eee4e968ee4aec02f8ea0a/backend/server.js,c24d4918c1aade4c388b67da1df110e9fa1e95c1
MongoDB bağlantıları,"""mongodb://"" extension:js",Reannn22/ecom-api,https://github.com/Reannn22/ecom-api,index_20250215154456.js,.history/index_20250215154456.js,https://github.com/Reannn22/ecom-api/blob/0658066068906689687f120d57f21121b5a1fdbb/.history/index_20250215154456.js,0b26080c34b2765ffd0fb3acb725eb1ef1b7ea6c
MongoDB bağlantıları,"""mongodb://"" extension:js",Reannn22/E-COMMERCE-USING-NODEJS-EXPRESSJS-MONGODB,https://github.com/Reannn22/E-COMMERCE-USING-NODEJS-EXPRESSJS-MONGODB,index_20250215154456.js,.history/index_20250215154456.js,https://github.com/Reannn22/E-COMMERCE-USING-NODEJS-EXPRESSJS-MONGODB/blob/0658066068906689687f120d57f21121b5a1fdbb/.history/index_20250215154456.js,0b26080c34b2765ffd0fb3acb725eb1ef1b7ea6c
MongoDB bağlantıları,"""mongodb://"" extension:js",sudhir410/inventory-Backend,https://github.com/sudhir410/inventory-Backend,seedData.js,scripts/seedData.js,https://github.com/sudhir410/inventory-Backend/blob/ad14006aebb2dc42c1fe5a287d480976312c6971/scripts/seedData.js,47728a70fe26d2f9aab2a7fdb169a25482a62126
MongoDB bağlantıları,"""mongodb://"" extension:js",ucmo-cs/S24_Hospital_Reservation,https://github.com/ucmo-cs/S24_Hospital_Reservation,backend_node_server.js,BookMyDoc-main/src/app/backend_node_server.js,https://github.com/ucmo-cs/S24_Hospital_Reservation/blob/e586e3a2fcf15b4780d4ddf7819f1faf987e4301/BookMyDoc-main/src/app/backend_node_server.js,dffa680636f698d5b465f445f5fb61454b7c09b4
MongoDB bağlantıları,"""mongodb://"" extension:js",Akash5091/Book_my_Doctor_Application,https://github.com/Akash5091/Book_my_Doctor_Application,backend_node_server.js,BookMyDoc-main/src/app/backend_node_server.js,https://github.com/Akash5091/Book_my_Doctor_Application/blob/fe80698390c88012fb53a553c42a6029f80b9e37/BookMyDoc-main/src/app/backend_node_server.js,dffa680636f698d5b465f445f5fb61454b7c09b4
MongoDB bağlantıları,"""mongodb://"" extension:js",GeoTouhme/Project-Roma,https://github.com/GeoTouhme/Project-Roma,import-pricebook-subcategories.js,backend/src/scripts/import-pricebook-subcategories.js,https://github.com/GeoTouhme/Project-Roma/blob/8474005f14e18ba91aa4c8cb191e93e546ae5351/backend/src/scripts/import-pricebook-subcategories.js,8da751b53a6e49f830e06583796ac2a359e5ca2d
MongoDB bağlantıları,"""mongodb://"" extension:js",govinndsahu/Learning-NodeJS,https://github.com/govinndsahu/Learning-NodeJS,db.js,S14-mastering-authentication-and-authorization/63-adding-google-login-in-storageApp/server/config/db.js,https://github.com/govinndsahu/Learning-NodeJS/blob/b6e875ef1472fe718333a1503920e72d62e41a83/S14-mastering-authentication-and-authorization/63-adding-google-login-in-storageApp/server/config/db.js,885cfc819dd64b89e826539eb563bf060267ad30
MongoDB bağlantıları,"""mongodb://"" extension:js",BenjaminConant/snapmap,https://github.com/BenjaminConant/snapmap,test.js,server/config/environment/test.js,https://github.com/BenjaminConant/snapmap/blob/92d727fb5ba38f12725e5bffcab7a6aa8f537418/server/config/environment/test.js,aaa4cfa12c1117df7159d3571085d1ac081f83d3
MongoDB bağlantıları,"""mongodb://"" extension:js",sujaysun101/VSCoDefender,https://github.com/sujaysun101/VSCoDefender,test-secrets.js,test-secrets.js,https://github.com/sujaysun101/VSCoDefender/blob/6fe5f9e72a993552ef771dfb96eae0e91cc004dd/test-secrets.js,1f3698603f860e31548ee823963a131704e8f95e
MongoDB bağlantıları,"""mongodb://"" extension:js",shiblesadik603/chatflow,https://github.com/shiblesadik603/chatflow,envValidation.test.js,backend/tests/envValidation.test.js,https://github.com/shiblesadik603/chatflow/blob/66d6b8034442b63f0406ef3491160e7da3bdef52/backend/tests/envValidation.test.js,966a4a41dcdd8c6bece6efb489ae603cef4511c1
MongoDB bağlantıları,"""mongodb://"" extension:js",caldimengg-manikandan/steel-project,https://github.com/caldimengg-manikandan/steel-project,test_sow.js,backend/test_sow.js,https://github.com/caldimengg-manikandan/steel-project/blob/0f663cb6595e44300fea0e6a200a1c2784681c22/backend/test_sow.js,d8a7d9dcbb94279086a0b84f367456257624d436
MongoDB bağlantıları,"""mongodb://"" extension:js",hardikavijaykumarraut-lab/Emotion-Responsive-E-Learning-for-Inclusive-Education,https://github.com/hardikavijaykumarraut-lab/Emotion-Responsive-E-Learning-for-Inclusive-Education,progressTrackingTest.js,emolearn/backend/tests/progressTrackingTest.js,https://github.com/hardikavijaykumarraut-lab/Emotion-Responsive-E-Learning-for-Inclusive-Education/blob/9741b5b075306fa6667989463c6df0a525f93a4c/emolearn/backend/tests/progressTrackingTest.js,6ff769b8dc01c9d834f20decd6c470ce2f69a235
MongoDB bağlantıları,"""mongodb://"" extension:js",BG-legacy/CoachFlow,https://github.com/BG-legacy/CoachFlow,progression-engine.test.js,backend/tests/progression-engine.test.js,https://github.com/BG-legacy/CoachFlow/blob/e46232be64bd718e4fab79680c0d105e805dc053/backend/tests/progression-engine.test.js,dedad6e274c905924b46a6c45cac45ac077f572b
MongoDB bağlantıları,"""mongodb://"" extension:js",nirmohi0605/flashcards-day4,https://github.com/nirmohi0605/flashcards-day4,start.js,start.js,https://github.com/nirmohi0605/flashcards-day4/blob/1bafbc73ebf40567382a2734d65c14973a84b682/start.js,7f50e38c41b3b544305cbbe09596e8ec773b3ca3
MongoDB bağlantıları,"""mongodb://"" extension:js",esviai/musicity,https://github.com/esviai/musicity,app.js,server/app.js,https://github.com/esviai/musicity/blob/8bcf741abc156db942f027b9b4be46e4917979a5/server/app.js,3ff5805632afdb8401d1f19c4aa9ae9a57dcec99
MongoDB bağlantıları,"""mongodb://"" extension:js",Tejasva1059/User-Authentication-Dashboard-System,https://github.com/Tejasva1059/User-Authentication-Dashboard-System,db.js,src/config/db.js,https://github.com/Tejasva1059/User-Authentication-Dashboard-System/blob/3f8c291a6231d24f6f3f3351f6016792f1bb5f02/src/config/db.js,f73507ec8f943b6e072ac1b2f29c506bd18b5ea6
MongoDB bağlantıları,"""mongodb://"" extension:js",KanishkSingh0801/Delta-BACKEND,https://github.com/KanishkSingh0801/Delta-BACKEND,index.js,MongoDB/index.js,https://github.com/KanishkSingh0801/Delta-BACKEND/blob/e0755432c314fb0454000fed04e9b90fb35ed4f2/MongoDB/index.js,b69e2a0582a6bb42a303419e692774702ba7dd70
MongoDB bağlantıları,"""mongodb://"" extension:js",Vipul-Kataria/Aas-Pass_Major-Project,https://github.com/Vipul-Kataria/Aas-Pass_Major-Project,cityindex.js,init/cityindex.js,https://github.com/Vipul-Kataria/Aas-Pass_Major-Project/blob/5fe972ad5e4a2e0a713aeab902a3bc279baeaedf/init/cityindex.js,098db182d4658ec07a20909eca8e94142a293fb1
MongoDB bağlantıları,"""mongodb://"" extension:js",Akshayshourya/WP-Proj,https://github.com/Akshayshourya/WP-Proj,server.js,backend/server.js,https://github.com/Akshayshourya/WP-Proj/blob/4e18e9943c7b90bb48ea020e5ef775fc07fecde2/backend/server.js,2e10babd4398579ffe9951c79fc9f816d3b1bd46
MongoDB bağlantıları,"""mongodb://"" extension:js",swallowbirb/AI-Powered-Marketpllace-Security,https://github.com/swallowbirb/AI-Powered-Marketpllace-Security,fix_db.js,backend/fix_db.js,https://github.com/swallowbirb/AI-Powered-Marketpllace-Security/blob/7b6aa22baf9127a0b34572988e33610301cfe13f/backend/fix_db.js,f4cb24d0d8a3642e3a358bacfe991c578a2b7605
MongoDB bağlantıları,"""mongodb://"" extension:js",Ahmad98games/omnoralabs,https://github.com/Ahmad98games/omnoralabs,verify-serverless.js,backend/verify-serverless.js,https://github.com/Ahmad98games/omnoralabs/blob/b4d06ff87d00079b846287e225a48e0fe1d5ce4a/backend/verify-serverless.js,34955af2dccfa22ec4cbba2cf4b8aa5ad2cc2339
MongoDB bağlantıları,"""mongodb://"" extension:js",boradetejas39-cell/OHD,https://github.com/boradetejas39-cell/OHD,database.js,Backend/config/database.js,https://github.com/boradetejas39-cell/OHD/blob/2b86f369767d0e49b18b9a680d6f5a7a3c1561fd/Backend/config/database.js,704385df942314055cb77af06be28939d3859d38
MongoDB bağlantıları,"""mongodb://"" extension:js",MdAbuzar17/HomeyHub,https://github.com/MdAbuzar17/HomeyHub,app.js,app.js,https://github.com/MdAbuzar17/HomeyHub/blob/119c56aececde3c37659ed52101783945264625f/app.js,b71d359f954e6963e452b9b01bb1d48740b95d9a
MongoDB bağlantıları,"""mongodb://"" extension:js",js-tasks-ru/nodejs-20221117_matmotex,https://github.com/js-tasks-ru/nodejs-20221117_matmotex,config.js,08-email/02-order/config.js,https://github.com/js-tasks-ru/nodejs-20221117_matmotex/blob/952f6302369fe8a114d66c8cb3c13127d53a2333/08-email/02-order/config.js,bf8ec15488532f7d7e6a85948b8fe6db956a0f1f
MongoDB bağlantıları,"""mongodb://"" extension:js",kylearmour1/StreamVerse20,https://github.com/kylearmour1/StreamVerse20,connection.js,server/config/connection.js,https://github.com/kylearmour1/StreamVerse20/blob/5e17dad18cd752ca181874810da6f138e0e6625f/server/config/connection.js,438194501469d2bf89039f1cc3ddd7b696ca1aac
MongoDB bağlantıları,"""mongodb://"" extension:js",cybotrix/mynode,https://github.com/cybotrix/mynode,api4.js,api4.js,https://github.com/cybotrix/mynode/blob/3edd860284ead1463d30945b1b4b3611068f5c00/api4.js,318f774f625adb3b7dc14cedf8c5603fb96de8fb
MongoDB bağlantıları,"""mongodb://"" extension:js",codewithraghavsethi/Back-End,https://github.com/codewithraghavsethi/Back-End,usermodel.js,Sheryians/Part 10/usermodel.js,https://github.com/codewithraghavsethi/Back-End/blob/39a1e267d965ef91e64a3ccc40734635a6ba2095/Sheryians/Part 10/usermodel.js,189f877bab88b0341b50076d7ad0c8ae28b992b9
MongoDB bağlantıları,"""mongodb://"" extension:js",kbrown-stack/Brown-Portfolio,https://github.com/kbrown-stack/Brown-Portfolio,db.js,config/db.js,https://github.com/kbrown-stack/Brown-Portfolio/blob/e6d40e4a2bd1331ea9cdbef4001aa76341f81f63/config/db.js,38420ce0521c93c642cdf1a1d75558c428542153
MongoDB bağlantıları,"""mongodb://"" extension:js",iamiconic001/Wanderlust,https://github.com/iamiconic001/Wanderlust,index.js,init/index.js,https://github.com/iamiconic001/Wanderlust/blob/1a380efea03902538bf8c6188c043a6b5dcb9fa7/init/index.js,3f840f04c225c3e3775c9e6e6d95990af4b34931
MongoDB bağlantıları,"""mongodb://"" extension:js",NITHISH-P-03/FixMate,https://github.com/NITHISH-P-03/FixMate,app.js,app.js,https://github.com/NITHISH-P-03/FixMate/blob/db29ddf7f90b6e8c99b2441242f452fbb7ecfbc8/app.js,1ff35b2f223bb4830ea2cbd9fffb18de0601aeaf
MongoDB bağlantıları,"""mongodb://"" extension:js",fevi-ro/Video-game-tracker-server,https://github.com/fevi-ro/Video-game-tracker-server,consts.js,utils/consts.js,https://github.com/fevi-ro/Video-game-tracker-server/blob/be46bc00398f00451c0ad7bc49f58a9ba016e898/utils/consts.js,ec5487bc034d210b87faea84d3c53a1c06005f2d
MongoDB bağlantıları,"""mongodb://"" extension:js",mpazaryna/03-coursework,https://github.com/mpazaryna/03-coursework,app.js,mongo/week6/examples/failover/app.js,https://github.com/mpazaryna/03-coursework/blob/03d21074f6942a88694d571a1d7d52fd7de6580b/mongo/week6/examples/failover/app.js,0bea0e82f05c3a4f93b63732b7b1de491e60ff03
MongoDB bağlantıları,"""mongodb://"" extension:js",ramyysameh/closetfrfr,https://github.com/ramyysameh/closetfrfr,seed.js,ai/seed.js,https://github.com/ramyysameh/closetfrfr/blob/3f10f539b8dce6895b5cee94b0870f370609d8fd/ai/seed.js,17401dce69a780fdde6892c7b00a1cf6d07c0c2c
MongoDB bağlantıları,"""mongodb://"" extension:js",yield02/quanlymuonsachct449,https://github.com/yield02/quanlymuonsachct449,db.js,server/src/db/db.js,https://github.com/yield02/quanlymuonsachct449/blob/084241870b587da1bc209a0b0934ce5f36bfcd36/server/src/db/db.js,8d95ed538c18b0d5db1d2cd892f7ced091dd14ce
MongoDB bağlantıları,"""mongodb://"" extension:js",ironhack-labs/lesson-code-express-file-upload,https://github.com/ironhack-labs/lesson-code-express-file-upload,db.config.js,configs/db.config.js,https://github.com/ironhack-labs/lesson-code-express-file-upload/blob/e16e65c169576a6d0c918a04c260b128502bc01b/configs/db.config.js,1744dbfa609b61c3b3ca4bf39b7473de4b01fe26
MongoDB bağlantıları,"""mongodb://"" extension:js",JuanManuelRivera31/AgroFarm,https://github.com/JuanManuelRivera31/AgroFarm,mongo.js,backend/src/mongo.js,https://github.com/JuanManuelRivera31/AgroFarm/blob/5c3ec67bb151e96b59af242c72d14c6b1bcf0790/backend/src/mongo.js,2927fde73284efa418335bc661a1fc138af40a36
MongoDB bağlantıları,"""mongodb://"" extension:js",Pawan2505/Node-Batch-12PM,https://github.com/Pawan2505/Node-Batch-12PM,db.js,13_mvc_crud -sync-await-try-catch/config/db.js,https://github.com/Pawan2505/Node-Batch-12PM/blob/c5e7d77f412b372993c38bbdcfcb2cc1b45fbd24/13_mvc_crud -sync-await-try-catch/config/db.js,5392b0a59298609baea0595ab5ea4732e31f40c0
MongoDB bağlantıları,"""mongodb://"" extension:js",ItsMeChrxtn/occ-services-portal,https://github.com/ItsMeChrxtn/occ-services-portal,listUsers.js,backend/scripts/listUsers.js,https://github.com/ItsMeChrxtn/occ-services-portal/blob/f06ed1cf9bed75574de6cacf80e7b6d8a7a375ee/backend/scripts/listUsers.js,59641bf937f1f52c2856a31f41391c1bcd53e21e
MongoDB bağlantıları,"""mongodb://"" extension:js",samadalimh/react-exam-portal,https://github.com/samadalimh/react-exam-portal,index.js,server/index.js,https://github.com/samadalimh/react-exam-portal/blob/a2d1b9d9ac90f823df7a93b117969e5d015b20da/server/index.js,e4e9133b304f34e58b2b7979dc04c3ae8b732db1
MongoDB bağlantıları,"""mongodb://"" extension:js",parthsarthisaxena/RoamAround,https://github.com/parthsarthisaxena/RoamAround,server.js,server.js,https://github.com/parthsarthisaxena/RoamAround/blob/3d3c718a13180eb978a31a8dbb7d6727ad40b998/server.js,a2d83750dbc9af67aeecee6670c1ea5111738785
MongoDB bağlantıları,"""mongodb://"" extension:js",aditi290504/MajorProject,https://github.com/aditi290504/MajorProject,app_20250515133014.js,.history/app_20250515133014.js,https://github.com/aditi290504/MajorProject/blob/7a055e516f3191a7f7656281da0e8a5773a35a2c/.history/app_20250515133014.js,e0d5c8002c00187b8d2246fa5e48d3fa21a08f2b
MongoDB bağlantıları,"""mongodb://"" extension:js",AmirhossienGhodratnema/gRPc,https://github.com/AmirhossienGhodratnema/gRPc,mongoConnection.js,services/products/config/mongoConnection.js,https://github.com/AmirhossienGhodratnema/gRPc/blob/0e59feb30724f78582d7125abf6f72798adbff96/services/products/config/mongoConnection.js,96b153137c4f328c6d64fb468c9561a50af899e6
MongoDB bağlantıları,"""mongodb://"" extension:js",pawtectfyp/PawtectFYP,https://github.com/pawtectfyp/PawtectFYP,server.js,server/server.js,https://github.com/pawtectfyp/PawtectFYP/blob/d04ce2653e7a7a3ce1fc6dfd12cbb80cc8b4b915/server/server.js,0fa2ba9875479033e5884b90ccb1fde3b0a1094b
MongoDB bağlantıları,"""mongodb://"" extension:js",anandkandri96-web/Civic-Social-Platform,https://github.com/anandkandri96-web/Civic-Social-Platform,seedDepartmentStaff.js,Backend/seed/seedDepartmentStaff.js,https://github.com/anandkandri96-web/Civic-Social-Platform/blob/ab1d59994998994fbc983ca99da3ef78acd0600d/Backend/seed/seedDepartmentStaff.js,102ea88998bb127820cb8b8cc89579b901a97857
MongoDB bağlantıları,"""mongodb://"" extension:js",KUraII99O/auth-api,https://github.com/KUraII99O/auth-api,index_20240717145553.js,.history/index_20240717145553.js,https://github.com/KUraII99O/auth-api/blob/e0ad208c83d416adcd537864dc6e50f3010f4756/.history/index_20240717145553.js,247766ba8515ccfa3e3e22e55a532a83404f28f8
MongoDB bağlantıları,"""mongodb://"" extension:js",rex0988476/AI-System-Ship-0417,https://github.com/rex0988476/AI-System-Ship-0417,check_threat_collections.js,AI-System-Ship-Backend-Demo/tools/check_threat_collections.js,https://github.com/rex0988476/AI-System-Ship-0417/blob/693a1c2feae750c9bcc23d2eef5e402c9bb754b8/AI-System-Ship-Backend-Demo/tools/check_threat_collections.js,697a63778fe151fe777aff9f2c6bd6bb887f81e1
MongoDB bağlantıları,"""mongodb://"" extension:js",kannan768/movie-recommendation-system,https://github.com/kannan768/movie-recommendation-system,userController_20210517120833.js,movie recommendation system/.history/controllers/userController_20210517120833.js,https://github.com/kannan768/movie-recommendation-system/blob/7460d440d44e77390e459ab10c535b6971c9c3ab/movie recommendation system/.history/controllers/userController_20210517120833.js,7575c68a0efac67f4f3bb0432ff1bec45279c549
MongoDB bağlantıları,"""mongodb://"" extension:js",siddshukla/employee_management,https://github.com/siddshukla/employee_management,employee.model.test.js,tests/unit/employee.model.test.js,https://github.com/siddshukla/employee_management/blob/81d92fdbca35cc50a7d18fc23bfeba7210987d5c/tests/unit/employee.model.test.js,84fc038d01103ba0b7f68aaa43854552af2770d8
MongoDB bağlantıları,"""mongodb://"" extension:js",lashkaryadi/kuber-v0-be,https://github.com/lashkaryadi/kuber-v0-be,test-category-soft-delete.js,test-category-soft-delete.js,https://github.com/lashkaryadi/kuber-v0-be/blob/534eac52be90dfc0361bb074131a7c2cfc0fac0f/test-category-soft-delete.js,9159cddbc8b33d813505b996d0843ebe24b13c80
MongoDB bağlantıları,"""mongodb://"" extension:js",DevLuDaley/LIL-tdd-es6,https://github.com/DevLuDaley/LIL-tdd-es6,db.js,Ex_Files_JavaScript_Test_Driven_Dev/Exercise Files/06_03/Start/src/db.js,https://github.com/DevLuDaley/LIL-tdd-es6/blob/1d9d15f3ebe364ea0205989fd912a28ec3fba2af/Ex_Files_JavaScript_Test_Driven_Dev/Exercise Files/06_03/Start/src/db.js,e003fcb4587d47f6e0618f7aed014dd80c22124e
MongoDB bağlantıları,"""mongodb://"" extension:js",CyberNinjas/TallyCTF,https://github.com/CyberNinjas/TallyCTF,default.js,config/env/default.js,https://github.com/CyberNinjas/TallyCTF/blob/cb6565ffd0a44d56ca88a3e85dcf58bc8e6f0809/config/env/default.js,e713dab7839b31d5324feb0a587f708538816111
MongoDB bağlantıları,"""mongodb://"" extension:js",davidjairala/goodybag,https://github.com/davidjairala/goodybag,db_service.js,lib/db_service.js,https://github.com/davidjairala/goodybag/blob/dfaa6ad3f82a85ebdcebf6356116fbe740d65782/lib/db_service.js,5f8aaa8dcbd8224a7b1ccc7a38f90cca7c9a3c48
MongoDB bağlantıları,"""mongodb://"" extension:js",RazorVel/Vigilens,https://github.com/RazorVel/Vigilens,db.js,src/lib/models/db.js,https://github.com/RazorVel/Vigilens/blob/44bf03671c96678c67364342d711e6e100c3a026/src/lib/models/db.js,012cecd8978380534b642c40460ac7f3358ab7cb
MongoDB bağlantıları,"""mongodb://"" extension:js",i5ting/mongoosedao-examples,https://github.com/i5ting/mongoosedao-examples,db.js,lib/db.js,https://github.com/i5ting/mongoosedao-examples/blob/4b31c99fd55edb3d6da5582e1658bce918a79ac6/lib/db.js,20043fa517b413449c041c4ed9ae6f4f9539697b
MongoDB bağlantıları,"""mongodb://"" extension:js",alwell-kevin/EYBlockchain-nightfall,https://github.com/alwell-kevin/EYBlockchain-nightfall,user.service.js,database/src/business/user.service.js,https://github.com/alwell-kevin/EYBlockchain-nightfall/blob/3ed012a939927eeefdcc8255057878700c4bcf62/database/src/business/user.service.js,3cdc4a701c24deb6f8296050759706ec5412e2d6
MongoDB bağlantıları,"""mongodb://"" extension:js",satriadhm/leaves-disease-api,https://github.com/satriadhm/leaves-disease-api,mongodb-troubleshoot.js,scripts/mongodb-troubleshoot.js,https://github.com/satriadhm/leaves-disease-api/blob/ccf62c6c954f92dcaeeec5032d20083bc4133e64/scripts/mongodb-troubleshoot.js,8df8174e5435b076788f11283c70a9073fdc18fe
MongoDB bağlantıları,"""mongodb://"" extension:js",nodejs-mexico/nomi-nation,https://github.com/nodejs-mexico/nomi-nation,app.js,app.js,https://github.com/nodejs-mexico/nomi-nation/blob/2e274589324e8197ad388618520653c9da4bc127/app.js,8db870a3c55f29098c210aa22aed4a6f98a37931
MongoDB bağlantıları,"""mongodb://"" extension:js",alonsonavastack/api_plataforma,https://github.com/alonsonavastack/api_plataforma,BackupController.js,controllers/BackupController.js,https://github.com/alonsonavastack/api_plataforma/blob/57643b58fe136a491ae070b4311cd48a18f08a78/controllers/BackupController.js,c52e25b6d2bb6321a6cedba7c67f6825688295c7
MongoDB bağlantıları,"""mongodb://"" extension:js",amitchhangani/hackathon,https://github.com/amitchhangani/hackathon,app.js,app.js,https://github.com/amitchhangani/hackathon/blob/4cd9eedd9432c0677762c0ae29960e0faca641c0/app.js,a9550b1c6535abdf531c2108c256669b2f97e0a3
MongoDB bağlantıları,"""mongodb://"" extension:js",Myolnir/car-pooling-challenge,https://github.com/Myolnir/car-pooling-challenge,config.js,src/config.js,https://github.com/Myolnir/car-pooling-challenge/blob/452aacb3309cf814efc4aaeb220efda7802406e6/src/config.js,dbe6d7d5b223a88319c7e8751255cb86bac029a2
MongoDB bağlantıları,"""mongodb://"" extension:js",mlb-ranking/mlb-prediction-engine,https://github.com/mlb-ranking/mlb-prediction-engine,players.js,src/app/util/players.js,https://github.com/mlb-ranking/mlb-prediction-engine/blob/14ea1aae71ea49051dc32228c04bf8f43cf00f36/src/app/util/players.js,d4d674a1251f643a7e1df9bf2336dba38e290d2d
MongoDB bağlantıları,"""mongodb://"" extension:js",brendonstahl97/Oversite-Dashboard,https://github.com/brendonstahl97/Oversite-Dashboard,seedDB.js,server/scripts/seedDB.js,https://github.com/brendonstahl97/Oversite-Dashboard/blob/3cd83a3b3d537b48edd8610289add28154f32f2e/server/scripts/seedDB.js,9f2787735a17e3d850fe1b434a6428cd9a41c986
MongoDB bağlantıları,"""mongodb://"" extension:js",Gibson10/Checkin-System,https://github.com/Gibson10/Checkin-System,app.js,app.js,https://github.com/Gibson10/Checkin-System/blob/d74847240d40ebee528a63efbf11b5a98ee27f8c/app.js,211b7a73b32f64c9450f45bbe3617193c86412b6
MongoDB bağlantıları,"""mongodb://"" extension:js",Tyran15/Site-noticias,https://github.com/Tyran15/Site-noticias,app.js,app.js,https://github.com/Tyran15/Site-noticias/blob/2d6d3ce013ce29c475ecc59d4e9b874888cc6ef3/app.js,3947243d48453bb458b959d129938ea7c9a954ea
MongoDB bağlantıları,"""mongodb://"" extension:js",Mikloren/se_project_express,https://github.com/Mikloren/se_project_express,app.js,app.js,https://github.com/Mikloren/se_project_express/blob/9287907d3c6addd03268a1ee3a5653605b456f23/app.js,675ec05e52a1206a68face40e2bd26ed7e13d831
MongoDB bağlantıları,"""mongodb://"" extension:js",tinchoforever/latin-x-live,https://github.com/tinchoforever/latin-x-live,index.js,index.js,https://github.com/tinchoforever/latin-x-live/blob/e27c8d2e334a79df3da817037eb5fe3bcb391087/index.js,54880f8e4e2340483eb9ae2b8f33b2e524b5b34c
MongoDB bağlantıları,"""mongodb://"" extension:js",Gauravpatil2001/Gaurav-Patil-Backend,https://github.com/Gauravpatil2001/Gaurav-Patil-Backend,index.js,index.js,https://github.com/Gauravpatil2001/Gaurav-Patil-Backend/blob/b288fd28a58175befe4d8a3fcfc252a83f23a567/index.js,341c898f8e5327524fa0e7da906e7416fffe3cf0
MongoDB bağlantıları,"""mongodb://"" extension:js",devika984/Nodejs-30-Days-Challenge-Scaler,https://github.com/devika984/Nodejs-30-Days-Challenge-Scaler,Day23.js,Day23.js,https://github.com/devika984/Nodejs-30-Days-Challenge-Scaler/blob/f33f0765cac940a7596e3a9404c478c2246a2540/Day23.js,bc908c7f9278bf528a96c04afe176d1d461ad641
MongoDB bağlantıları,"""mongodb://"" extension:js",js-tasks-ru/nodejs-20190520_materials,https://github.com/js-tasks-ru/nodejs-20190520_materials,05-author-books.js,05/05-author-books.js,https://github.com/js-tasks-ru/nodejs-20190520_materials/blob/8f408dacce00978a0363fec3860345283775bb34/05/05-author-books.js,dc069ad4453ea17578ece2a812f863f7400b4e37
MongoDB bağlantıları,"""mongodb://"" extension:js",nikhil-ns/30Day_Node_Scalar,https://github.com/nikhil-ns/30Day_Node_Scalar,19_node.js,19/19_node.js,https://github.com/nikhil-ns/30Day_Node_Scalar/blob/7ed0c1cd7b307d9050b679235b194a1ddb86db17/19/19_node.js,e651f538e4787d1dad04146746f666a9bd789a16
MongoDB bağlantıları,"""mongodb://"" extension:js",prayag-codes/-Wanderlust,https://github.com/prayag-codes/-Wanderlust,index.js,init/index.js,https://github.com/prayag-codes/-Wanderlust/blob/6eca261f872005bc91be7c57f78009a03246be38/init/index.js,0710fdfc2442d522109eae87da613a95cf0f4ded
MongoDB bağlantıları,"""mongodb://"" extension:js",KaiRichardson/MurashkiClothes,https://github.com/KaiRichardson/MurashkiClothes,db.js,database/db.js,https://github.com/KaiRichardson/MurashkiClothes/blob/e6e21b58ec1285a5791f3f620795a3865a9d5684/database/db.js,6d09c87b7ffd40dee00c0987e029b36ca91da14e
MongoDB bağlantıları,"""mongodb://"" extension:js",letscodeshivansh/MakeMyWork-MERN,https://github.com/letscodeshivansh/MakeMyWork-MERN,mongodb_20240529022223.js,.history/src/mongodb_20240529022223.js,https://github.com/letscodeshivansh/MakeMyWork-MERN/blob/89ae432acd63f7c92186173ee5ab8a83c4f9e1be/.history/src/mongodb_20240529022223.js,e2a1c33aff59b5e881a5330b96b269128913af94
MongoDB bağlantıları,"""mongodb://"" extension:js",Itsema2006/nammaspace,https://github.com/Itsema2006/nammaspace,env.js,backend/src/config/env.js,https://github.com/Itsema2006/nammaspace/blob/e92ef5c51ff630086a2032aa0c48190c879deaa2/backend/src/config/env.js,4f43b00e581c73589c7a7f35acb122081e721443
MongoDB bağlantıları,"""mongodb://"" extension:js",cmmurgo/gestion-tareas,https://github.com/cmmurgo/gestion-tareas,app.js,app.js,https://github.com/cmmurgo/gestion-tareas/blob/fa5f8e5084cedc5997622280ccba639b9d42012e/app.js,593eb80cfd87dd69272916e45a7c68eebfd44509
MongoDB bağlantıları,"""mongodb://"" extension:js",Carlo1911/Surf_shop,https://github.com/Carlo1911/Surf_shop,app.js,app.js,https://github.com/Carlo1911/Surf_shop/blob/174fb9adf7c314eec147e4264c855dedfd33c4ed/app.js,0201628b8a74f159d98204c0d3cddf416163fa27
MongoDB bağlantıları,"""mongodb://"" extension:js",Om-711/Apna-Bazaar,https://github.com/Om-711/Apna-Bazaar,index.js,Backend/index.js,https://github.com/Om-711/Apna-Bazaar/blob/332ccd86bb17323c371853fc954360b5fa9ba01b/Backend/index.js,6fbffc46bf8013ce25f47cbc52d46a9a048816a8
MongoDB bağlantıları,"""mongodb://"" extension:js",swallowbirb/_HackonProjectMain,https://github.com/swallowbirb/_HackonProjectMain,fix_db.js,backend/fix_db.js,https://github.com/swallowbirb/_HackonProjectMain/blob/7eb0bb3759a2cef816bb38774554d6e8f8dc7cbc/backend/fix_db.js,f4cb24d0d8a3642e3a358bacfe991c578a2b7605
MongoDB bağlantıları,"""mongodb://"" extension:js",InnHellenDev/SmartBudget-OLD,https://github.com/InnHellenDev/SmartBudget-OLD,database.js,build/database.js,https://github.com/InnHellenDev/SmartBudget-OLD/blob/a1671504e0082948aacafd5b64db841b8d7eb138/build/database.js,8b5ae456275013b3a3c45f3794ca91de3ec8ccac
MongoDB bağlantıları,"""mongodb://"" extension:js",pvalette/ultim-trust,https://github.com/pvalette/ultim-trust,index.js,src/config/index.js,https://github.com/pvalette/ultim-trust/blob/8bc55c750798f3b93f3ef1d1ca8459669c4c4ddb/src/config/index.js,3f439b161c6bd50f8a3f9ab77e367f3da15d589c
MongoDB bağlantıları,"""mongodb://"" extension:js",MadhavDhatrak/MatoshriBuddy,https://github.com/MadhavDhatrak/MatoshriBuddy,db.js,backend/utils/db.js,https://github.com/MadhavDhatrak/MatoshriBuddy/blob/43d6a5b058ff44a274e803a948acb327753a96ca/backend/utils/db.js,706035307696ba27e8fb6f72cad33b00e6977244
MongoDB bağlantıları,"""mongodb://"" extension:js",Hemil-Gandhi/Full-Stack-Project,https://github.com/Hemil-Gandhi/Full-Stack-Project,server1.js,server1.js,https://github.com/Hemil-Gandhi/Full-Stack-Project/blob/e5786033a820fe6f3193d51f8a7cb850979f17fe/server1.js,bd91b5adb928043455dc41724e3a6bf176a8bf8d
MongoDB bağlantıları,"""mongodb://"" extension:js",andrekovac/sei-flex-movies-api,https://github.com/andrekovac/sei-flex-movies-api,environment.js,config/environment.js,https://github.com/andrekovac/sei-flex-movies-api/blob/112c2e8709ebce574a760ec294da40c085b89815/config/environment.js,db5688df5af29c35926b62a83d078d62a8e8d909
MongoDB bağlantıları,"""mongodb://"" extension:js",Osandi-Hirimuthugoda/dentalcare-dentist-app,https://github.com/Osandi-Hirimuthugoda/dentalcare-dentist-app,createAdmin.js,backend/createAdmin.js,https://github.com/Osandi-Hirimuthugoda/dentalcare-dentist-app/blob/6ab028f47229dce14f5f6d8b0287d15649be839d/backend/createAdmin.js,48f486142bfd7ff71109837ea5178963bb5116a2
MongoDB bağlantıları,"""mongodb://"" extension:js",Rohitomar19/Movie_review_system,https://github.com/Rohitomar19/Movie_review_system,movie.js,server/routes/movie.js,https://github.com/Rohitomar19/Movie_review_system/blob/6bdc422b8a8be71c0fbbab40c0fe71df8bf51e8f/server/routes/movie.js,0b80eaba349da862fb3809870093225b5a5abc83
MongoDB bağlantıları,"""mongodb://"" extension:js",adumbcoder/Fitness_Tracker,https://github.com/adumbcoder/Fitness_Tracker,seed.js,seeders/seed.js,https://github.com/adumbcoder/Fitness_Tracker/blob/baa2df515c5bd2418d4be1a1c6076a934a9f2be5/seeders/seed.js,ca47c46bbf72d87e8c001aa0ef28378c2d80a1ee
MongoDB bağlantıları,"""mongodb://"" extension:js",r120dhiman/Node.js-Guide,https://github.com/r120dhiman/Node.js-Guide,Index.js,Short-Url_Project/Index.js,https://github.com/r120dhiman/Node.js-Guide/blob/bf4a5b127b78f29ffe35d62e0b977fd9a399702b/Short-Url_Project/Index.js,a24d5733d011a58cf0c9a4694f62bfbd13b4f808
MongoDB bağlantıları,"""mongodb://"" extension:js",cybotrix/awsnode,https://github.com/cybotrix/awsnode,api4.js,api4.js,https://github.com/cybotrix/awsnode/blob/a1bd6abc8776968518c6b4b0d46fb246b5d64958/api4.js,318f774f625adb3b7dc14cedf8c5603fb96de8fb
MongoDB bağlantıları,"""mongodb://"" extension:js",Suyog-Kulkarni/URL-Shortner,https://github.com/Suyog-Kulkarni/URL-Shortner,index.js,index.js,https://github.com/Suyog-Kulkarni/URL-Shortner/blob/4695f886891cf13a565a02b4258ef28e82d33d46/index.js,1c82f77dcb32329d894a32d3d24d9682785f7d6a
MongoDB bağlantıları,"""mongodb://"" extension:js",pbxyz/MongooseJS,https://github.com/pbxyz/MongooseJS,app_20210618132158.js,.history/app_20210618132158.js,https://github.com/pbxyz/MongooseJS/blob/8bf4336214283be45532c1eba9e5d460f4183bc8/.history/app_20210618132158.js,a1812737880a0e18b06313fd65d6491603986577
MongoDB bağlantıları,"""mongodb://"" extension:js",nishant753/Library-Management-System,https://github.com/nishant753/Library-Management-System,app.js,app.js,https://github.com/nishant753/Library-Management-System/blob/41b2e1cc03432ea38c834210f4029fbabb6ae412/app.js,47afd56710c7b62dd4db3c0be4209669b0e55416
MongoDB bağlantıları,"""mongodb://"" extension:js",yashtilala412/Shree-Ganesh-Electric,https://github.com/yashtilala412/Shree-Ganesh-Electric,db.config.js,server-side/config/db.config.js,https://github.com/yashtilala412/Shree-Ganesh-Electric/blob/9ac75992819e6586faad05674e76a7d5bfe7e4ae/server-side/config/db.config.js,33f85f340dbf7399636a9af830006d1562667899
MongoDB bağlantıları,"""mongodb://"" extension:js",jorgeromangil/noma,https://github.com/jorgeromangil/noma,backfill-favorites-count.js,backend/scripts/backfill-favorites-count.js,https://github.com/jorgeromangil/noma/blob/2a00e999ee2247a3e3a371f7d2399172781ba19f/backend/scripts/backfill-favorites-count.js,034d4534dfd3317af43cd59d0d075dc12c1f5655
MongoDB bağlantıları,"""mongodb://"" extension:js",keshavyadavv/insta,https://github.com/keshavyadavv/insta,User.js,models/User.js,https://github.com/keshavyadavv/insta/blob/5878e157d2e8ca3350416b40816c4f7e9e8c6ce8/models/User.js,8d6ae60bd79e9dfe0116e984fbe3c7b52c11dad9
MongoDB bağlantıları,"""mongodb://"" extension:js",Aryaholmukhe/treasureHacks,https://github.com/Aryaholmukhe/treasureHacks,server_20220326150855.js,.history/server_20220326150855.js,https://github.com/Aryaholmukhe/treasureHacks/blob/2e02f02a9bf53b3a19b2fa406e64bea906e7732d/.history/server_20220326150855.js,0e5904ae427e3261036f2ddff6d72f9a3aa411e2
MongoDB bağlantıları,"""mongodb://"" extension:js",ChristianDPeralta/ResiLinked,https://github.com/ChristianDPeralta/ResiLinked,app.js,ResiLinked_Backend-main/app.js,https://github.com/ChristianDPeralta/ResiLinked/blob/66a6e2e87a4547605f19dd84369c712a721b2d29/ResiLinked_Backend-main/app.js,2b6664fc0c2c7c45c2f4736ac01412ae5b74e015
MongoDB bağlantıları,"""mongodb://"" extension:js",jdmesalosada/PocsJm,https://github.com/jdmesalosada/PocsJm,logging.js,node_api_design/vidly/startup/logging.js,https://github.com/jdmesalosada/PocsJm/blob/2141f054b434885aeac6250abf951350e7913908/node_api_design/vidly/startup/logging.js,e2f0a1882aadc1c55d90ba23c506b00cdb8eab32
MongoDB bağlantıları,"""mongodb://"" extension:js",MonayemSarker/Distributed-System,https://github.com/MonayemSarker/Distributed-System,index.js,Linkedin/Server/index.js,https://github.com/MonayemSarker/Distributed-System/blob/52d10f4c537f34ad4e1494651bd7648d9d7cfe73/Linkedin/Server/index.js,dd6cc23ecab8dea485431c262ac459c7f6539c3a
MongoDB bağlantıları,"""mongodb://"" extension:js",paulndam/Pets2,https://github.com/paulndam/Pets2,mongoose.js,server/config/mongoose.js,https://github.com/paulndam/Pets2/blob/b01f3b349c8bd3888e12da813e84f3d68273bec4/server/config/mongoose.js,fe55c4704bd51a48f9b3c2882e40be32653beae8
MongoDB bağlantıları,"""mongodb://"" extension:js",Koras02/Mongo-Blog,https://github.com/Koras02/Mongo-Blog,index.js,4.Index/nodeMongo/index.js,https://github.com/Koras02/Mongo-Blog/blob/84b54559a85a37596c200e2ae2ef1a9ad3df24b4/4.Index/nodeMongo/index.js,3c842869d7d9be4b36c9b7ba4fb1dc9de13deb82
MongoDB bağlantıları,"""mongodb://"" extension:js",SahilGawande18/Web-Development,https://github.com/SahilGawande18/Web-Development,dbconnect.js,Canteen management/backend/config/dbconnect.js,https://github.com/SahilGawande18/Web-Development/blob/002fa5871c7094a456ef974acedccfcbf98705d9/Canteen management/backend/config/dbconnect.js,c63057f913cb2193cd3c7ee3d71fac16ab04b13b
MongoDB bağlantıları,"""mongodb://"" extension:js",buomkuolchangathtuel/changath-family,https://github.com/buomkuolchangathtuel/changath-family,seed.js,backend/utils/seed.js,https://github.com/buomkuolchangathtuel/changath-family/blob/abf33d11f87eb988fdf88fa833d414c0aa7062ca/backend/utils/seed.js,d1ba9f78a2896ffacf966a15529fa9a836d24a05
MongoDB bağlantıları,"""mongodb://"" extension:js",darthbatman/nodeChat,https://github.com/darthbatman/nodeChat,index.js,chat-example/index.js,https://github.com/darthbatman/nodeChat/blob/5642b0fba5bfe50eef6a7ea749fcf59fb8a02a97/chat-example/index.js,9d5e4c6852b1ef86bc17077c4fa203bf5d439614
MongoDB bağlantıları,"""mongodb://"" extension:js",deveshyaara/KanoonSathi1,https://github.com/deveshyaara/KanoonSathi1,environment.js,utils/shared/environment.js,https://github.com/deveshyaara/KanoonSathi1/blob/af3195c3cfc2081d0b7ad83d0656e3b645704027/utils/shared/environment.js,8be0800c68db753b5257199da0411c955378f31c
MongoDB bağlantıları,"""mongodb://"" extension:js",MuktaHD/E-commerceReact-backend,https://github.com/MuktaHD/E-commerceReact-backend,server.js,server.js,https://github.com/MuktaHD/E-commerceReact-backend/blob/d7bf1b2d85912bec32cf50b41074469fd43387a8/server.js,5c2605092bc431ef3fed6d32b3e9923f1153b5d9
MongoDB bağlantıları,"""mongodb://"" extension:js",sudipr0/AI-Resume-Builder-Analyzer,https://github.com/sudipr0/AI-Resume-Builder-Analyzer,db.js,backend/src/config/db.js,https://github.com/sudipr0/AI-Resume-Builder-Analyzer/blob/964b737873cbb4ba8aa839bd48829ea463e418b6/backend/src/config/db.js,31635db39f8e744abf3e78440f9b1583edf8df7c
MongoDB bağlantıları,"""mongodb://"" extension:js",FSD0625ESP/TFM-verde-backend,https://github.com/FSD0625ESP/TFM-verde-backend,chats.js,seeds/chats.js,https://github.com/FSD0625ESP/TFM-verde-backend/blob/2f11b090e9db82e7353de72f07492c389149b913/seeds/chats.js,449aeea2c6690105b5fe59c39b63765775ad9280
MongoDB bağlantıları,"""mongodb://"" extension:js",kdorland/joke_service_registry,https://github.com/kdorland/joke_service_registry,app.js,app.js,https://github.com/kdorland/joke_service_registry/blob/496ce5e2d50bcc77b03b802bb848a74460573a1a/app.js,0e9a90a43110b60695fba7024141b9f6d8741768
MongoDB bağlantıları,"""mongodb://"" extension:js",AnYenne/nodejs-practice,https://github.com/AnYenne/nodejs-practice,index.js,src/resource/config/db/index.js,https://github.com/AnYenne/nodejs-practice/blob/d26eb0e0f1f1380acfac3fe76b9ed6177a0a4220/src/resource/config/db/index.js,73a8a917384d329a7cbc4de8ee9f7ccf0f59e7b0
MongoDB bağlantıları,"""mongodb://"" extension:js",shiva-verma/Backend-2,https://github.com/shiva-verma/Backend-2,db.js,SECTION-E/Lec-14/database/db.js,https://github.com/shiva-verma/Backend-2/blob/50f5bd4ffa2daafb56d699defd2cb2ef8588aa23/SECTION-E/Lec-14/database/db.js,90d08bdeac5cffe5e2896bb3c976f7d7d92b8a8f
MongoDB bağlantıları,"""mongodb://"" extension:js",CrowerTP/WebDev,https://github.com/CrowerTP/WebDev,mongoose.js,Databases/FruitsProject/mongoose.js,https://github.com/CrowerTP/WebDev/blob/75cfea3a6f75fc38c8e5a0d6571e43a0aa8f490d/Databases/FruitsProject/mongoose.js,1edb12efaf34e531a0a75f03f40e6739822c196c
MongoDB bağlantıları,"""mongodb://"" extension:js",damiangonzalez/DddMeanMqClient,https://github.com/damiangonzalez/DddMeanMqClient,development.js,dddmeanmq/config/env/development.js,https://github.com/damiangonzalez/DddMeanMqClient/blob/af47d10c18c8ccaaac55f1c821746faba19f63ea/dddmeanmq/config/env/development.js,8506e282b352f63b19eed70bd2916bd7bc06a585
MongoDB bağlantıları,"""mongodb://"" extension:js",cstern96/PCS-Class,https://github.com/cstern96/PCS-Class,app.js,Javascript/113/blog2/blog-api/app.js,https://github.com/cstern96/PCS-Class/blob/e3e3df354292a1be0601adf08d63295852245b71/Javascript/113/blog2/blog-api/app.js,e468bd728c24fd55170e055354c54a746b04336d
MongoDB bağlantıları,"""mongodb://"" extension:js",suraj-singh12/sem6codes,https://github.com/suraj-singh12/sem6codes,main.js,web-dev-with-react/js_es6 INT222/questionsCode/q9/main.js,https://github.com/suraj-singh12/sem6codes/blob/ec5c185f8004e9c23d8f6ea08747a46d5a9b62ad/web-dev-with-react/js_es6 INT222/questionsCode/q9/main.js,a214feeb557482d2579a3a1aaaeacd618a593256
MongoDB bağlantıları,"""mongodb://"" extension:js",jobanvohra/fsd_test_2,https://github.com/jobanvohra/fsd_test_2,ErrorHandlingExp3.js,Backend/19Feb2026/ErrorHandlingExp3.js,https://github.com/jobanvohra/fsd_test_2/blob/cbb589a3e6aaf6079e1ebb48f6d632501a94f6e5/Backend/19Feb2026/ErrorHandlingExp3.js,ded0d311a7759278aae3b9e7c695ff6062e2d1b2
MongoDB bağlantıları,"""mongodb://"" extension:js",shark-byte/joshs-recommendations,https://github.com/shark-byte/joshs-recommendations,mongodb-single-core-seed.js,db-seeding/mongodb/mongodb-single-core-seed.js,https://github.com/shark-byte/joshs-recommendations/blob/f80c9dbef7e93c720cc6b829ac11632be118353f/db-seeding/mongodb/mongodb-single-core-seed.js,ad4e474c568ae39485c0989f849f1ae606102369
MongoDB bağlantıları,"""mongodb://"" extension:js",mkglobalinv/mk-digital-backend,https://github.com/mkglobalinv/mk-digital-backend,phase_d_investigation.js,scratch/phase_d_investigation.js,https://github.com/mkglobalinv/mk-digital-backend/blob/74b55955e5fad31ba4a98268655d0bc34101d626/scratch/phase_d_investigation.js,2aea43df0b1aeb92eb6a1f15d496d2c472eff6b1
MongoDB bağlantıları,"""mongodb://"" extension:js",CoronRing/Project-ACE,https://github.com/CoronRing/Project-ACE,GameManager.js,backend/GameManager/GameManager.js,https://github.com/CoronRing/Project-ACE/blob/652797c4aa01e79186f486636230c235d621f7d1/backend/GameManager/GameManager.js,d5570dd78b9bda7759581140c75e85aa32575b37
MongoDB bağlantıları,"""mongodb://"" extension:js",jiillkak123-oss/mobile-shop,https://github.com/jiillkak123-oss/mobile-shop,server.js,backend/server.js,https://github.com/jiillkak123-oss/mobile-shop/blob/e7b38f55a2c5b9024c1adea6eef843dfd50e7a97/backend/server.js,e8b560c6b1345d8e7d0e5b45f604967446553ca1
MongoDB bağlantıları,"""mongodb://"" extension:js",aiota/master,https://github.com/aiota/master,aiota.js,lib/aiota.js,https://github.com/aiota/master/blob/d47c0920ce4016059da72b1885bca690e1945634/lib/aiota.js,f56e02b99edcf6c91ee076b91c7aea5b91446065
MongoDB bağlantıları,"""mongodb://"" extension:js",anhquancao/image_search_camper,https://github.com/anhquancao/image_search_camper,server.js,server.js,https://github.com/anhquancao/image_search_camper/blob/7ea1554a0bae24868d275aec2b1ac9ee70254bed/server.js,cca54e964a81dbd0b7fd48c21f4a8bbe4ec2b08d
MongoDB bağlantıları,"""mongodb://"" extension:js",iproduct/course-node-express-react,https://github.com/iproduct/course-node-express-react,server.js,12-blogs-api-express-mongo/server.js,https://github.com/iproduct/course-node-express-react/blob/4af943000a4013acda1ff83f3c2b922ad4c47767/12-blogs-api-express-mongo/server.js,3cb7cfa801470b1bbb479593900290bf4d648528
MongoDB bağlantıları,"""mongodb://"" extension:js",dumebi/soft_backend,https://github.com/dumebi/soft_backend,utils.js,utils/utils.js,https://github.com/dumebi/soft_backend/blob/2088301b9d8cd00eaf75bb26b4d1905b5cc26e73/utils/utils.js,6b8113cf2ed3dd9775f16f7dc412460bc6b5140e
MongoDB bağlantıları,"""mongodb://"" extension:js",rhydwharn/qaarena,https://github.com/rhydwharn/qaarena,seedAchievements.js,seedAchievements.js,https://github.com/rhydwharn/qaarena/blob/796802f7da13a62d95450d9912781d4645d52f52/seedAchievements.js,32fcde8e48a591d8ec0fb0c91f353b8111b09cb8
MongoDB bağlantıları,"""mongodb://"" extension:js",Haksham/SEM-Codes,https://github.com/Haksham/SEM-Codes,07B.js,SEM-6/web-tech/SEE-LAB/07B.js,https://github.com/Haksham/SEM-Codes/blob/49fd1cf831fd6aa14c1c64c493a43742e28524f9/SEM-6/web-tech/SEE-LAB/07B.js,b8a5e7d8353a5304fae6bc7b5c1be8194a8a95bd
MongoDB bağlantıları,"""mongodb://"" extension:js",Ignigena/nautilus,https://github.com/Ignigena/nautilus,index.spec.js,plugins/mongoose/index.spec.js,https://github.com/Ignigena/nautilus/blob/2e559329e5072177569af159d6aad7313830f008/plugins/mongoose/index.spec.js,22097fbe72a8b1f07eda2c35103eda8253e10a69
MongoDB bağlantıları,"""mongodb://"" extension:js",shadielfares/Docker-Series,https://github.com/shadielfares/Docker-Series,index.js,index.js,https://github.com/shadielfares/Docker-Series/blob/e2f52c4f21004d03decd78c0ec6c93b03432c51b/index.js,a3d699cfb8fea66f3c2480c89959903338e6f51a
MongoDB bağlantıları,"""mongodb://"" extension:js",ronamaria15/DoctorsPortal_senchaFramework,https://github.com/ronamaria15/DoctorsPortal_senchaFramework,app.js,public/sencha-touch-2.0.1.1/examples/jog-with-friends/server-side/app.js,https://github.com/ronamaria15/DoctorsPortal_senchaFramework/blob/6ec86749fde476f71ca77dd80f31d75716dbd08d/public/sencha-touch-2.0.1.1/examples/jog-with-friends/server-side/app.js,420e9b4eb7fabdcad13bbdce1716f1745078f291
MongoDB bağlantıları,"""mongodb://"" extension:js",cristinavn/RedSocialNode,https://github.com/cristinavn/RedSocialNode,app.js,app.js,https://github.com/cristinavn/RedSocialNode/blob/2de97c5bcf509de479f6a3995b6f0fcd4c643748/app.js,0186114d70a247f293e2917f5e0db5f918d6edab
MongoDB bağlantıları,"""mongodb://"" extension:js",Akkipatil0987/backend_roxiler_project,https://github.com/Akkipatil0987/backend_roxiler_project,index.js,index.js,https://github.com/Akkipatil0987/backend_roxiler_project/blob/edd379dd7c747f259347aa20cf03136fd64c74ad/index.js,341c898f8e5327524fa0e7da906e7416fffe3cf0
MongoDB bağlantıları,"""mongodb://"" extension:js",babistranger/taskInsight,https://github.com/babistranger/taskInsight,db.js,js/db.js,https://github.com/babistranger/taskInsight/blob/7aa3c330b7aaec0b3f6e4a796b5799ac4986440e/js/db.js,a4529e8d63ab8c04cd2e2a37d2c0ebc35207c926
MongoDB bağlantıları,"""mongodb://"" extension:js",SantamRC/flip-dash,https://github.com/SantamRC/flip-dash,server.js,server.js,https://github.com/SantamRC/flip-dash/blob/80861038a08ffe23d10859722b8c9ad2a31dda0e/server.js,7e010f16bb29b888f9702a14f2acc5d3bc9ac4fd
MongoDB bağlantıları,"""mongodb://"" extension:js",Midecoder19/iodlearn,https://github.com/Midecoder19/iodlearn,checkAdmin.js,Backend/checkAdmin.js,https://github.com/Midecoder19/iodlearn/blob/67858880399119ecda8638323f6a8e9beee70c58/Backend/checkAdmin.js,cd38adb9a6a8e5906ebb4219d713d39799245917
MongoDB bağlantıları,"""mongodb://"" extension:js",SamanthaDegges/ShoppingSite,https://github.com/SamanthaDegges/ShoppingSite,server.js,server.js,https://github.com/SamanthaDegges/ShoppingSite/blob/cee57753ce34d9897929c74db4669fa37db48496/server.js,a2af5721543c820c76774f09036eda52480702f7
MongoDB bağlantıları,"""mongodb://"" extension:js",Satyam26-09/RestAPI,https://github.com/Satyam26-09/RestAPI,app.js,app.js,https://github.com/Satyam26-09/RestAPI/blob/a2a1832a8e4888e3bcb759ccbd82b353facbb863/app.js,c30b2c11a330a02ab72f9fbad643b3a0cb521c23
MongoDB bağlantıları,"""mongodb://"" extension:js",jmp7786/jjoonggo,https://github.com/jmp7786/jjoonggo,secure.js,app/config/env/secure.js,https://github.com/jmp7786/jjoonggo/blob/2433ec98aea3ade819697b0efb677946cf1bbd44/app/config/env/secure.js,d4d6e973a846f50d5c56059f3bfa4db4ffc4cb58
MongoDB bağlantıları,"""mongodb://"" extension:js",microtechcloudsolutions/sms-gateway,https://github.com/microtechcloudsolutions/sms-gateway,index.js,src/app/sms-processing/src/old-source/lib/db/conn/index.js,https://github.com/microtechcloudsolutions/sms-gateway/blob/fb5b8f182cca70aa670df125952dd6a1a07cf698/src/app/sms-processing/src/old-source/lib/db/conn/index.js,5885419f9528b7226008a9cc8cd666331c187b21
MongoDB bağlantıları,"""mongodb://"" extension:js",NayakPenguin/Quickscan-Realtime-Pricing,https://github.com/NayakPenguin/Quickscan-Realtime-Pricing,index.js,server/index.js,https://github.com/NayakPenguin/Quickscan-Realtime-Pricing/blob/d756962b3dfff4bc1f60f2f89faf3ac4cfae425e/server/index.js,2ec8478849895a8a068a96cdce32f8cc18ec05bc
MongoDB bağlantıları,"""mongodb://"" extension:js",deepakmaroo/newsletter,https://github.com/deepakmaroo/newsletter,database.js,backend/config/database.js,https://github.com/deepakmaroo/newsletter/blob/002f95a4126845b7a6b2a0e0e73678840e62f90e/backend/config/database.js,741646a45c2b69dc7a2255b2d0635acfa06bb876
MongoDB bağlantıları,"""mongodb://"" extension:js",An1ketGupta/Apna-Bazaar,https://github.com/An1ketGupta/Apna-Bazaar,index.js,Backend/index.js,https://github.com/An1ketGupta/Apna-Bazaar/blob/5b6dee49e5e366e9ea7c639b33b5e211c1677f68/Backend/index.js,6fbffc46bf8013ce25f47cbc52d46a9a048816a8
MongoDB bağlantıları,"""mongodb://"" extension:js",George-essam/Bistro-Bliss,https://github.com/George-essam/Bistro-Bliss,index.js,backend/index.js,https://github.com/George-essam/Bistro-Bliss/blob/6c3a65ab6950c751fed6433a86c67118e1798be8/backend/index.js,eb632cde85684fe5c1ef2a28ed781eb1bd0d303a
MongoDB bağlantıları,"""mongodb://"" extension:js",itsayushh/blogspace,https://github.com/itsayushh/blogspace,server.js,server/server.js,https://github.com/itsayushh/blogspace/blob/336016d69487ab1204033cb841d390ae665c4ee5/server/server.js,490956e69972d5fd69606c6dd836af7a379f7d1f
MongoDB bağlantıları,"""mongodb://"" extension:js",cyberwombat/enigma,https://github.com/cyberwombat/enigma,default.js,config/default.js,https://github.com/cyberwombat/enigma/blob/d3a84e12dace34c909361eee0a1e09e5551e9d26/config/default.js,6561e824f444cdb6daa3f1bba21a0fab72e37cd0
MongoDB bağlantıları,"""mongodb://"" extension:js",mrlynn/valent,https://github.com/mrlynn/valent,app.js,app.js,https://github.com/mrlynn/valent/blob/793b6a74201e95875aef8747f246df873fdf606c/app.js,c1b0b7f9e66491777816c032aee814ae822ea395
MongoDB bağlantıları,"""mongodb://"" extension:js",Rishab2245/StayFinder_Backend,https://github.com/Rishab2245/StayFinder_Backend,server.js,server.js,https://github.com/Rishab2245/StayFinder_Backend/blob/1a878ee7b9361f5164f19943e77e0d0c0c56a593/server.js,3a092b5a3ee30786f3b9895fb0f605db2baca53c
MongoDB bağlantıları,"""mongodb://"" extension:js",codingtherapist/myStretchApp,https://github.com/codingtherapist/myStretchApp,server.js,server.js,https://github.com/codingtherapist/myStretchApp/blob/c820867becb054963effe471bfe799cf426e1817/server.js,d559c6e5da4a7c18690fe58522df08b6c98222c2
MongoDB bağlantıları,"""mongodb://"" extension:js",omduragkar/vercel-express-deployment,https://github.com/omduragkar/vercel-express-deployment,mongoose.js,src/db/mongoose.js,https://github.com/omduragkar/vercel-express-deployment/blob/fc579a44debdda96cdf4227cc021275e9d8955f6/src/db/mongoose.js,13cd1cd39167381496fd1e2d3c9d323b6a38c94d
MongoDB bağlantıları,"""mongodb://"" extension:js",Harsh21Patel/odoo_pos,https://github.com/Harsh21Patel/odoo_pos,query_db.js,server/query_db.js,https://github.com/Harsh21Patel/odoo_pos/blob/5aa6dab5f306c38007b011f95108f3469b6526af/server/query_db.js,d57647795ae00591b43c6217039f32585b5f8b6b
MongoDB bağlantıları,"""mongodb://"" extension:js",Rubix982/Reflex,https://github.com/Rubix982/Reflex,connection.js,server/db/mongo/connection.js,https://github.com/Rubix982/Reflex/blob/eafc141890fdadeb6460b8879a7c3c56dee3fe3e/server/db/mongo/connection.js,3853556c7c8e6cef21d0276d6192cc14c3cf10b6
MongoDB bağlantıları,"""mongodb://"" extension:js",SOSANA/nmawlive,https://github.com/SOSANA/nmawlive,find_one.js,lesson3/find_one.js,https://github.com/SOSANA/nmawlive/blob/f4f2c0f69ca536849a789abbf8ceb88ddf6bc59b/lesson3/find_one.js,eeca2eab20481e73b328412015bb8da420d8084d
MongoDB bağlantıları,"""mongodb://"" extension:js",planmycareer/plan-my-career,https://github.com/planmycareer/plan-my-career,checkMongoAuth.js,checkMongoAuth.js,https://github.com/planmycareer/plan-my-career/blob/b823e9234fe2ddd0fe64a74bf582f5e8fdb7cc41/checkMongoAuth.js,74a52a38704d94fbd8597c2583c0bba0db8b7914
MongoDB bağlantıları,"""mongodb://"" extension:js",aryanvinju/Task-Manager-Web-App,https://github.com/aryanvinju/Task-Manager-Web-App,server.js,backend/server.js,https://github.com/aryanvinju/Task-Manager-Web-App/blob/20087b0a8a626f738eff50b06beb8c78a1c35de3/backend/server.js,566e5385f7cfb2d42442869faa592b04dcf03ddf
MongoDB bağlantıları,"""mongodb://"" extension:js",parsonjd/social-network-api,https://github.com/parsonjd/social-network-api,connection.js,config/connection.js,https://github.com/parsonjd/social-network-api/blob/72d82709f138b464cd0c62d7ce5abc155a1ae8d3/config/connection.js,1b295f4661ace7b9d76256719de7fba3e83abeaf
MongoDB bağlantıları,"""mongodb://"" extension:js",KspHarsh/Urban_crew_BEE,https://github.com/KspHarsh/Urban_crew_BEE,db.js,backend/config/db.js,https://github.com/KspHarsh/Urban_crew_BEE/blob/9fcced17e45040ea69900cbd87d20331f2f012a1/backend/config/db.js,fa59c4a6e4bdae3a6eabb6ab23021ca36520c495
MongoDB bağlantıları,"""mongodb://"" extension:js",hakankorhasan/mekanbul,https://github.com/hakankorhasan/mekanbul,db.js,app_api/models/db.js,https://github.com/hakankorhasan/mekanbul/blob/8283558dccab8b1159f9007705da34412df82721/app_api/models/db.js,4cee8c8475970860709e9808f578a36e8ba4ee04
MongoDB bağlantıları,"""mongodb://"" extension:js",vivekrajput-93/Twitter--Backend,https://github.com/vivekrajput-93/Twitter--Backend,database.js,src/config/database.js,https://github.com/vivekrajput-93/Twitter--Backend/blob/afa2b7c2478048386c52eb20a3e7a528871fa16c/src/config/database.js,812ceca138a16bb02d0e61e43460ee0e5b6524e1
MongoDB bağlantıları,"""mongodb://"" extension:js",Harshabandi1417/Class-Project,https://github.com/Harshabandi1417/Class-Project,db.js,app_server/models/db.js,https://github.com/Harshabandi1417/Class-Project/blob/eb33ced4791cf7bf095d90a4c5810e7d8747cd97/app_server/models/db.js,f8362746d986c4f77f6540fc3463fa69787e09ca
MongoDB bağlantıları,"""mongodb://"" extension:js",prathx-365/campusmind-ai,https://github.com/prathx-365/campusmind-ai,env.js,server/src/config/env.js,https://github.com/prathx-365/campusmind-ai/blob/f34541d7e809b7beb0bafcf0fe5620281c259f7a/server/src/config/env.js,128537df938ed0d9a067a87bda559e7da9f89e75
MongoDB bağlantıları,"""mongodb://"" extension:js",paezzanini/PFO2-devops,https://github.com/paezzanini/PFO2-devops,app.js,app.js,https://github.com/paezzanini/PFO2-devops/blob/9f739016975cf63f6c4c56650acb499d6d812f47/app.js,593eb80cfd87dd69272916e45a7c68eebfd44509
MongoDB bağlantıları,"""mongodb://"" extension:js",nickthelegend/irion-canton-monorepo,https://github.com/nickthelegend/irion-canton-monorepo,migrate.js,irion-core-canton/scripts/migrate.js,https://github.com/nickthelegend/irion-canton-monorepo/blob/30705a43d55995e10bb9b6356c299c1fa03ffd3a/irion-core-canton/scripts/migrate.js,ece7c15ba9aa529826f9341bba3213230bc74749
MongoDB bağlantıları,"""mongodb://"" extension:js",Bandtox/POS_MERN,https://github.com/Bandtox/POS_MERN,adminUser.js,server/routes/adminUser.js,https://github.com/Bandtox/POS_MERN/blob/3904fb28ec37fce5223a8927caff7605730ab46f/server/routes/adminUser.js,6cd0cdd075f456d12d51c08b53ff3e0d88072cd5
MongoDB bağlantıları,"""mongodb://"" extension:js",KrumBezmenov/books-forum,https://github.com/KrumBezmenov/books-forum,index.js,books-rest-server/index.js,https://github.com/KrumBezmenov/books-forum/blob/af3ba983b1d989ff56de4355c20b27a8444ea18b/books-rest-server/index.js,e59eb3054984e79ceb60838b0e2738f6233184ce
MongoDB bağlantıları,"""mongodb://"" extension:js",siddharth-bhosale/car-rental-system,https://github.com/siddharth-bhosale/car-rental-system,database.js,backend/config/database.js,https://github.com/siddharth-bhosale/car-rental-system/blob/e4a03ba73f9c45c3ffc046709dc132f8dd72a686/backend/config/database.js,6ac7ac6e34cfef40a751cebf86ed067a4ff3a502
MongoDB bağlantıları,"""mongodb://"" extension:js",jd227/CrudDockerMongo,https://github.com/jd227/CrudDockerMongo,app.js,app.js,https://github.com/jd227/CrudDockerMongo/blob/5e0f561eaa2d04336323d01cd95a3b786866a655/app.js,1da30fe46d95e990530c532dcea5b065bc806e74
MongoDB bağlantıları,"""mongodb://"" extension:js",Kashishmittal29/ResolveX,https://github.com/Kashishmittal29/ResolveX,listUsers.js,backend/scripts/listUsers.js,https://github.com/Kashishmittal29/ResolveX/blob/d8c6a52e45d0f3fafa8718369c371a543b748d08/backend/scripts/listUsers.js,93d8548bce0fcb8dff596de7b2b7328968f1c74a
MongoDB bağlantıları,"""mongodb://"" extension:js",bsherrill480/portfolio,https://github.com/bsherrill480/portfolio,dev_config.js,lambdas/foo/server/config/dev_config.js,https://github.com/bsherrill480/portfolio/blob/ce04c1ed607d82eb38b73ee88cf3314bcc1c5eaa/lambdas/foo/server/config/dev_config.js,f2352d8aa87fe79d432201a692c0fbc55f362a63
MongoDB bağlantıları,"""mongodb://"" extension:js",zachjonmitch/lancehub,https://github.com/zachjonmitch/lancehub,server.js,server.js,https://github.com/zachjonmitch/lancehub/blob/ab81ddd0c14740d458bb4e1ca73e82ca49c88aab/server.js,9e0f123c07d85ff60ae6123a1b63023c480436ac
MongoDB bağlantıları,"""mongodb://"" extension:js",shekhfaisal2110/d-mart_cashier-backend,https://github.com/shekhfaisal2110/d-mart_cashier-backend,server.js,server.js,https://github.com/shekhfaisal2110/d-mart_cashier-backend/blob/2f6e15219818b1343a604876edf5ed63534219a2/server.js,929403a60b198bdc013575ccb74c8bb06cb7a5ec
MongoDB bağlantıları,"""mongodb://"" extension:js",orassayag/nodejs-learning-v1,https://github.com/orassayag/nodejs-learning-v1,logging.js,12/node-vidly-testing/startup/logging.js,https://github.com/orassayag/nodejs-learning-v1/blob/fc7c885ebf5a2127f70a1983c471233020dcecbf/12/node-vidly-testing/startup/logging.js,84c70d94afe116fb13684261fd2beaf5a9f12d9f
MongoDB bağlantıları,"""mongodb://"" extension:js",Ashwini165-source/MERN_Stu_FebMay26Mys,https://github.com/Ashwini165-source/MERN_Stu_FebMay26Mys,P3.js,W8/D3/P3.js,https://github.com/Ashwini165-source/MERN_Stu_FebMay26Mys/blob/d008b3febfde5fe6eeb51228e5d3893094571d2d/W8/D3/P3.js,54c50f79d95769ba9ce8d0f21f60087704edc5b2
MongoDB bağlantıları,"""mongodb://"" extension:js",Priyansh-Tiwari25/Face_Verification,https://github.com/Priyansh-Tiwari25/Face_Verification,server.js,server.js,https://github.com/Priyansh-Tiwari25/Face_Verification/blob/c3ea32bf93a8c96bae0e4075c83e4dcb3a9abd2c/server.js,5b7e9d0c731164175acec4b79c81cf24c57f2a53
MongoDB bağlantıları,"""mongodb://"" extension:js",KeenWarrior/skillslash-july-2023,https://github.com/KeenWarrior/skillslash-july-2023,mongoose.js,module_02/lecture_09/mongo_demo/mongoose.js,https://github.com/KeenWarrior/skillslash-july-2023/blob/7eeeb75e76ad6324efcff7f1e5ceb82891785b11/module_02/lecture_09/mongo_demo/mongoose.js,d58b15bbe2b21e54913f320224068200d3a55a86
MongoDB bağlantıları,"""mongodb://"" extension:js",Arnavux-droid/Airbnb-Full-Stack-Project,https://github.com/Arnavux-droid/Airbnb-Full-Stack-Project,index.js,init/index.js,https://github.com/Arnavux-droid/Airbnb-Full-Stack-Project/blob/6166daa6546aa37dce1ee90810d2036caa05565b/init/index.js,c076956c797fe957085caeb4266473b0b3460c78
MongoDB bağlantıları,"""mongodb://"" extension:js",abhinavtyagi88/PROJECT-2,https://github.com/abhinavtyagi88/PROJECT-2,app.js,Server/app.js,https://github.com/abhinavtyagi88/PROJECT-2/blob/04c70a7113714663e7924a254e77f0d21007ec0c/Server/app.js,32645d491293bbac76d65f9f917faf722dd30363
MongoDB bağlantıları,"""mongodb://"" extension:js",mayankkashyap879/ashu-todo-server,https://github.com/mayankkashyap879/ashu-todo-server,app.js,app.js,https://github.com/mayankkashyap879/ashu-todo-server/blob/88c3577c2032783d03fd844168170afa041ee4c8/app.js,e6edd8c25a59d7d68b19e37e421a19465a72a26d
MongoDB bağlantıları,"""mongodb://"" extension:js",bhanuprakash29-dev/Hostel-Management-System,https://github.com/bhanuprakash29-dev/Hostel-Management-System,seedMess.js,backend/seedMess.js,https://github.com/bhanuprakash29-dev/Hostel-Management-System/blob/3f0e28a96762a4110f7256936c087389eab9e2e2/backend/seedMess.js,ae375ccb8ff8a7cf567241f597bbf20889d2a04c
MongoDB bağlantıları,"""mongodb://"" extension:js",VishnuWei/mini_fin_tech,https://github.com/VishnuWei/mini_fin_tech,env.js,mini_fin_tech_BE/src/config/env.js,https://github.com/VishnuWei/mini_fin_tech/blob/c92080cfbeccd71900b4e0839815d90caffec98a/mini_fin_tech_BE/src/config/env.js,d5b59016e29118f2305ec9fc4cc4eca49327f9fe
MongoDB bağlantıları,"""mongodb://"" extension:js",ptyants/Web-CSC,https://github.com/ptyants/Web-CSC,app_use_http.js,old_code/app_use_http.js,https://github.com/ptyants/Web-CSC/blob/1d8f5c09a9bae26d97655300678b334cc1a95fdf/old_code/app_use_http.js,e7d287bc03816e6ceac7aa636f988e467511ff94
MongoDB bağlantıları,"""mongodb://"" extension:js",anshumanthakur24/FoodFlow,https://github.com/anshumanthakur24/FoodFlow,fix-ngo-stats.js,Server/fix-ngo-stats.js,https://github.com/anshumanthakur24/FoodFlow/blob/6eec1d56f8267b3147a54e6247bde5679fbf4d35/Server/fix-ngo-stats.js,caf8cf33c2ff1d0f4f54d1735cb8006f3ea00259
MongoDB bağlantıları,"""mongodb://"" extension:js",SrisailamKakurala/lead-fusion-fb,https://github.com/SrisailamKakurala/lead-fusion-fb,config.js,backend/config.js,https://github.com/SrisailamKakurala/lead-fusion-fb/blob/0965395f21c4acad40e3af676caedcda8c2a0791/backend/config.js,548037d58098f1557ef91d8547aae1710852dddf
MongoDB bağlantıları,"""mongodb://"" extension:js",Pandirichandu/MealMatrix_Smart_Food_Management_System,https://github.com/Pandirichandu/MealMatrix_Smart_Food_Management_System,seed.js,server/seed.js,https://github.com/Pandirichandu/MealMatrix_Smart_Food_Management_System/blob/23948c0df1ad1bf6c875578b9ff24ace0114b3a9/server/seed.js,4991aac5e9750ed020f8e5069f3ee5e1ffe5790b
MongoDB bağlantıları,"""mongodb://"" extension:js",abhigun1234/nodecode,https://github.com/abhigun1234/nodecode,mongo.js,tutorialonline/mongo.js,https://github.com/abhigun1234/nodecode/blob/afafe8ed5b562c3e234f514442873f18335f8580/tutorialonline/mongo.js,d31148eb10e90d475aecf53c9acf772661177b9f
MongoDB bağlantıları,"""mongodb://"" extension:js",teafoot/rent-a-barber-x,https://github.com/teafoot/rent-a-barber-x,delete-filter-collections.js,database/scripts/delete-filter-collections.js,https://github.com/teafoot/rent-a-barber-x/blob/6fb5d1162fe6eebb077628f3cb93c57fd5a823b4/database/scripts/delete-filter-collections.js,d267d90610503c11d219a861c49d491a9ec011ee
MongoDB bağlantıları,"""mongodb://"" extension:js",paulndam/Pets,https://github.com/paulndam/Pets,mongoose.js,server/config/mongoose.js,https://github.com/paulndam/Pets/blob/e0a9e9c034f333ca050d69d89904c643adb16ee3/server/config/mongoose.js,fe55c4704bd51a48f9b3c2882e40be32653beae8
MongoDB bağlantıları,"""mongodb://"" extension:js",Karkinisal10/eshop-backend,https://github.com/Karkinisal10/eshop-backend,verifyProducts.js,scripts/verifyProducts.js,https://github.com/Karkinisal10/eshop-backend/blob/8695b67c991563a384d369a7aba6f8c7ed4b52a1/scripts/verifyProducts.js,ebc8433af7886c7483cdea39b7bbcd9379914f8c
MongoDB bağlantıları,"""mongodb://"" extension:js",devisriprasad-54/MernStack,https://github.com/devisriprasad-54/MernStack,server.js,backend-project/server.js,https://github.com/devisriprasad-54/MernStack/blob/fb0213e6f81391b55865b86c244adfc03379b1b8/backend-project/server.js,5fd447231e85e859dc9bbdcdc0849db612659f73
MongoDB bağlantıları,"""mongodb://"" extension:js",Reaksa-Lay/RegistrationLogin,https://github.com/Reaksa-Lay/RegistrationLogin,dbconnect.js,Registration/dbconnect.js,https://github.com/Reaksa-Lay/RegistrationLogin/blob/37a01ce23811be6b74ea12eea7ff3fa3737edd71/Registration/dbconnect.js,d5950140f1efd2a1daa40224ee71220535788132
MongoDB bağlantıları,"""mongodb://"" extension:js",ishow1431-stack/mobile-shop,https://github.com/ishow1431-stack/mobile-shop,server.js,backend/server.js,https://github.com/ishow1431-stack/mobile-shop/blob/e7b38f55a2c5b9024c1adea6eef843dfd50e7a97/backend/server.js,e8b560c6b1345d8e7d0e5b45f604967446553ca1
MongoDB bağlantıları,"""mongodb://"" extension:js",adria-arquimbau/skylab-bootcamp-201907,https://github.com/adria-arquimbau/skylab-bootcamp-201907,index.spec.js,staff/juan-bovo/my-api-mongoose/logic/register-user/index.spec.js,https://github.com/adria-arquimbau/skylab-bootcamp-201907/blob/af2b803a1c05c60f18a9fda6cc7501295793b007/staff/juan-bovo/my-api-mongoose/logic/register-user/index.spec.js,659640b75884483426e6c25fb4c9014352fd33d2
MongoDB bağlantıları,"""mongodb://"" extension:js",FedericoOsandon/back-c70205-myj-n,https://github.com/FedericoOsandon/back-c70205-myj-n,singleton.js,clase11-arq-persistencia/src/config/singleton.js,https://github.com/FedericoOsandon/back-c70205-myj-n/blob/f8cf60d5db44d42863f6df3b3024fedeb4520f69/clase11-arq-persistencia/src/config/singleton.js,ab96d78bb9eb26c8c905d37017def00e99677c0c
MongoDB bağlantıları,"""mongodb://"" extension:js",srijxx/PropVista-AI-Powered-Real-Estate-Management-Platform,https://github.com/srijxx/PropVista-AI-Powered-Real-Estate-Management-Platform,seed100.js,server/seed100.js,https://github.com/srijxx/PropVista-AI-Powered-Real-Estate-Management-Platform/blob/a7a08a063c3fc5348b5c55ee1568d0f81999bbf7/server/seed100.js,b8002daca3360bfd2dade442fa55bda4415dc184
MongoDB bağlantıları,"""mongodb://"" extension:js",Ashutosh-7Singh/devTinder1,https://github.com/Ashutosh-7Singh/devTinder1,database.js,eposide 13 -3 using ref in the schema and populate also /backEnd/src/config/database.js,https://github.com/Ashutosh-7Singh/devTinder1/blob/fb095404f59c5101ec656106c7d20fd734b1cb73/eposide 13 -3 using ref in the schema and populate also /backEnd/src/config/database.js,97359a90440bdb501c4080f118011ee5f0035456
MongoDB bağlantıları,"""mongodb://"" extension:js",dsam2/TravelNest,https://github.com/dsam2/TravelNest,generate_pdf_report.js,server/scripts/generate_pdf_report.js,https://github.com/dsam2/TravelNest/blob/7c74d8cfff858dcfa3d3304c3b5e4c2caec39ab6/server/scripts/generate_pdf_report.js,cbd2d86638b5f8d9c487a004e343544faa160607
MongoDB bağlantıları,"""mongodb://"" extension:js",pall111/HPE-merchendise-latest,https://github.com/pall111/HPE-merchendise-latest,alumni_verification.steps.js,node-backend/features/step_definitions/alumni_verification.steps.js,https://github.com/pall111/HPE-merchendise-latest/blob/c9c277247c44bb802534cfcea58eb65af1ce56f5/node-backend/features/step_definitions/alumni_verification.steps.js,b1145605d4d77caf71f9adcf37ffcbdc845ebe2b
MongoDB bağlantıları,"""mongodb://"" extension:js",cyb3rick/mvc,https://github.com/cyb3rick/mvc,mongodb.spec.js,tests/mongodb.spec.js,https://github.com/cyb3rick/mvc/blob/469930e1c03a97e2ee908b1d29f0f18b3cae1657/tests/mongodb.spec.js,80df706d7a0d4b9d1ce8d3a1ec8d38cea63ba52b
MongoDB bağlantıları,"""mongodb://"" extension:js",Link1101/Bad-bank,https://github.com/Link1101/Bad-bank,mongo_test.js,mongo_test.js,https://github.com/Link1101/Bad-bank/blob/bfdcc3c1fd497510bc38704d669709001f9f4109/mongo_test.js,848f499323bd571a5f5cf1b8a3acacddfe1b254d
MongoDB bağlantıları,"""mongodb://"" extension:js",skaramje/ThreeTierBadBankApp,https://github.com/skaramje/ThreeTierBadBankApp,mongo_test.js,mongo_test.js,https://github.com/skaramje/ThreeTierBadBankApp/blob/846939be176a2fb876f788e2236d16a58f036ef3/mongo_test.js,848f499323bd571a5f5cf1b8a3acacddfe1b254d
MongoDB bağlantıları,"""mongodb://"" extension:js",mand0002/Banking-App,https://github.com/mand0002/Banking-App,mongo_test.js,mongo_test.js,https://github.com/mand0002/Banking-App/blob/8ce8ea589f8a12a2ccfd1dc0bb8ffd595cada813/mongo_test.js,848f499323bd571a5f5cf1b8a3acacddfe1b254d
MongoDB bağlantıları,"""mongodb://"" extension:js",Steve20144/onlyvibes-backend,https://github.com/Steve20144/onlyvibes-backend,database.test.js,src/tests/database.test.js,https://github.com/Steve20144/onlyvibes-backend/blob/1c0d4255a9b9c9d443b093986793ae722d77e63a/src/tests/database.test.js,7bc426084d2e0f87eefad144e9e89ea019faf644
MongoDB bağlantıları,"""mongodb://"" extension:js",ksavul/MIT-Capstone-Banking-App,https://github.com/ksavul/MIT-Capstone-Banking-App,mongo_test.js,mongo_test.js,https://github.com/ksavul/MIT-Capstone-Banking-App/blob/a0086d0e8d60e0f55dbd518f30ec86beead011eb/mongo_test.js,848f499323bd571a5f5cf1b8a3acacddfe1b254d
MongoDB bağlantıları,"""mongodb://"" extension:js",himanshuchitoria/backend_dash,https://github.com/himanshuchitoria/backend_dash,create-test-patient.js,create-test-patient.js,https://github.com/himanshuchitoria/backend_dash/blob/264a5aa6905afa9e2110e04f371e5a41d3d9a7dd/create-test-patient.js,ad83ae10ab5db67025bc76b727ea48f94e9d398b
MongoDB bağlantıları,"""mongodb://"" extension:js",ava-tunti/mit-bank-app,https://github.com/ava-tunti/mit-bank-app,mongo_test.js,mongo_test.js,https://github.com/ava-tunti/mit-bank-app/blob/e88b539668e9e4b55ccab0c28cdc0b6e50a8540d/mongo_test.js,848f499323bd571a5f5cf1b8a3acacddfe1b254d
MongoDB bağlantıları,"""mongodb://"" extension:js",malias4/shopping-list-app,https://github.com/malias4/shopping-list-app,listItemAbl.test.js,server/test/listItemAbl.test.js,https://github.com/malias4/shopping-list-app/blob/ac5f3ef14e881650e830f6292bf21af090ff25ac/server/test/listItemAbl.test.js,c2d7081377b14b22da5ca94332501f4130a7653b
MongoDB bağlantıları,"""mongodb://"" extension:js",feragostb-lab/masterize,https://github.com/feragostb-lab/masterize,test-moe-database-storage.js,scripts/test-moe-database-storage.js,https://github.com/feragostb-lab/masterize/blob/5eb3c6b46859aebc42c8dbc5778000afd8fad114/scripts/test-moe-database-storage.js,93d38a943907eb3beb38668c6d51f0a91c97b669
MongoDB bağlantıları,"""mongodb://"" extension:js",biswasayan833-crypto/studyflow-ai,https://github.com/biswasayan833-crypto/studyflow-ai,google_auth_verification.js,server/test/google_auth_verification.js,https://github.com/biswasayan833-crypto/studyflow-ai/blob/31470e2557642b3b71384b5cf18dec732e432f4d/server/test/google_auth_verification.js,37a9fa4ffb82a6207c4c7b168beb2d1a13ba5079
API Key,api_key extension:env,intuition-io/intuition,https://github.com/intuition-io/intuition,local.env,config/local.env,https://github.com/intuition-io/intuition/blob/cd517e6b3b315a743eb4d0d0dc294e264ab913ce/config/local.env,9b5f60f69fcbeda4c7db5716aaa38bc0de27c379
API Key,api_key extension:env,EOL/deprecated_eol,https://github.com/EOL/deprecated_eol,eol.env,config/eol.env,https://github.com/EOL/deprecated_eol/blob/ef7503f6c004c8265c71feedd9a0632b0c138351/config/eol.env,9bff044e6431f79f8eecc8020cd61afbcc50fcaa
API Key,api_key extension:env,wednesday-solutions/flutter_template,https://github.com/wednesday-solutions/flutter_template,.env,.env,https://github.com/wednesday-solutions/flutter_template/blob/41ccdc52b8004bef01469a31f0086cf5ce19c417/.env,3aa5a59629f54eef78ad4d30752750ea4df0f427
API Key,api_key extension:env,wilsonmar/mac-setup,https://github.com/wilsonmar/mac-setup,mac-setup.env,mac-setup.env,https://github.com/wilsonmar/mac-setup/blob/457e3b4f6b263bb76028659dee1eff2c8509eb2c/mac-setup.env,9ecc19eb5f9cd893d626cf8bac198d86d1f0eab6
API Key,api_key extension:env,gutenbergtools/ebookconverter,https://github.com/gutenbergtools/ebookconverter,sample.env,sample.env,https://github.com/gutenbergtools/ebookconverter/blob/88e05f3e22640b61bd30444402adcd656f582c37/sample.env,6a07df8dc6b43086a19275f9187e838f90ba3aa7
API Key,api_key extension:env,orbuluh/js_dev_env,https://github.com/orbuluh/js_dev_env,_api_keys.env,_api_keys.env,https://github.com/orbuluh/js_dev_env/blob/63c4948b1e4b4478502e930738a9f933d41439f1/_api_keys.env,4761945054b5dfc5efc519a2f5f538f444cc60d8
API Key,api_key extension:env,AntreasAntoniou/minimal-ml-template,https://github.com/AntreasAntoniou/minimal-ml-template,run.env,run.env,https://github.com/AntreasAntoniou/minimal-ml-template/blob/33a7a4f1b970950d40d49e0b8ce81e8b1c32080b/run.env,b72e51ecc1c081b0045bc860a7ca53fcb31c6ec7
API Key,api_key extension:env,Fintech-Dreamer/FinSynth,https://github.com/Fintech-Dreamer/FinSynth,.env,.env,https://github.com/Fintech-Dreamer/FinSynth/blob/0e25f5ce34139ceba637bf92f250c6c0832c7f9d/.env,496a92b33cdb3ae8a079f9e92bd5fe92d5c1a5aa
API Key,api_key extension:env,ARK-Electronics/ark_companion_scripts,https://github.com/ARK-Electronics/ark_companion_scripts,default.env,default.env,https://github.com/ARK-Electronics/ark_companion_scripts/blob/87b9347e469dca746fb6976e5c06355ab98db733/default.env,16d7b968816039ac4f7768fb9ebf5db3fd4751ae
API Key,api_key extension:env,m-sec-org/ez-ai-agent,https://github.com/m-sec-org/ez-ai-agent,.env,.env,https://github.com/m-sec-org/ez-ai-agent/blob/24da06b467139c7ac1ad7b8b44efbe4471418b76/.env,c55a3723118b3beeee0af1de50f0501f3c430bf6
API Key,api_key extension:env,rundeckpro/welcome-project,https://github.com/rundeckpro/welcome-project,.env,.env,https://github.com/rundeckpro/welcome-project/blob/a560706a4d82a858578b88ca10f137c64b39126f/.env,3afd7f1316a2131538a601e7a6deee3d00653f27
API Key,api_key extension:env,ismogroup/dolidock,https://github.com/ismogroup/dolidock,default.env,helm/default.env,https://github.com/ismogroup/dolidock/blob/a2189b60ee201b0b363dbaa0497a42e29ea0023d/helm/default.env,3e80928adb1b1df1c1bbad295977cc67bf16955a
API Key,api_key extension:env,Fluent-Finance/cognition,https://github.com/Fluent-Finance/cognition,bootstrap.env,bootstrap.env,https://github.com/Fluent-Finance/cognition/blob/d2228f1b1152acbc8d5bb8399ea62e3cd9d66c4a/bootstrap.env,8816efe9667786f3abc8c2b405d40fd481361c5b
API Key,api_key extension:env,gorel/discord_dicebot,https://github.com/gorel/discord_dicebot,sample.env,sample.env,https://github.com/gorel/discord_dicebot/blob/893c1dcc8680e4c253f2a3a5a7d2caa33e7e2442/sample.env,87c1fd24212f623b153ae6cc2e909bc9d0a2a92b
API Key,api_key extension:env,Gauravsachdeva23e/SachdevaAI_Jarvis_Code,https://github.com/Gauravsachdeva23e/SachdevaAI_Jarvis_Code,.env,.env,https://github.com/Gauravsachdeva23e/SachdevaAI_Jarvis_Code/blob/74bd1e5cce5560e020f2e3685b31fcd98272b6d4/.env,d6988d99854cb4a71273f6d898ce942d63cf67e4
API Key,api_key extension:env,ruby-rcade/RubyGameDev.com,https://github.com/ruby-rcade/RubyGameDev.com,.env,.env,https://github.com/ruby-rcade/RubyGameDev.com/blob/78927fcd6f8e64d214ce34a39a1af5dac1264e9a/.env,6921e9bbd9dbe5eed9ea3a3d3ad840055bf2b1e8
API Key,api_key extension:env,serlo/api.serlo.org,https://github.com/serlo/api.serlo.org,.env,.env,https://github.com/serlo/api.serlo.org/blob/8243c750153ba7161d9cdac1e1c682ab25970ad2/.env,06c38d9f0f2f21a7cc82ca59b213a1381195039e
API Key,api_key extension:env,ericpp/dojo-startos,https://github.com/ericpp/dojo-startos,config.env,config.env,https://github.com/ericpp/dojo-startos/blob/943a5a52df358313b63520c3aa3d1db087f779cb/config.env,0f62bb83f6be7c479bbad1d52b1f0eb1cde97619
API Key,api_key extension:env,dservgun/bighfi,https://github.com/dservgun/bighfi,dev.env,config/dev.env,https://github.com/dservgun/bighfi/blob/284ab4a34e4dd82effee8e05d03193e9e8d81194/config/dev.env,575f0301967ffe0bf4a9ef76f1802253b71ef524
API Key,api_key extension:env,batyrAshim/wekan,https://github.com/batyrAshim/wekan,app.env,app.env,https://github.com/batyrAshim/wekan/blob/c401f8a7c18952fdac1c619066c56aa864e43996/app.env,9d1c18e2c2baa780b4932c4a8386ecb3481b4c06
API Key,api_key extension:env,HKUDS/DeepResearch-Eval,https://github.com/HKUDS/DeepResearch-Eval,.env,.env,https://github.com/HKUDS/DeepResearch-Eval/blob/d57f8c9d40cf99bad0ce404f490ef3d218c1e54a/.env,ad41f2dad1905e6293f7ab10ee3316b10fc054cb
API Key,api_key extension:env,Ascend/AgentSDK,https://github.com/Ascend/AgentSDK,defaults.env,openclaw/scripts/defaults.env,https://github.com/Ascend/AgentSDK/blob/14f71cb660f3b04c8d7e388691cfc86033a23ac2/openclaw/scripts/defaults.env,b7c4e1aeebe946de61701eeb3f92c6f55f8687d5
API Key,api_key extension:env,anymouschina/ai-book-memory-bank-zn,https://github.com/anymouschina/ai-book-memory-bank-zn,.env,.env,https://github.com/anymouschina/ai-book-memory-bank-zn/blob/85fd2e149c78c40240f242abea7191cb8c3a2c37/.env,9f391f85f802f3e84097ea6ee77cdfa8efd14317
API Key,api_key extension:env,ucsb-cs156-m23/dokku-scripts,https://github.com/ucsb-cs156-m23/dokku-scripts,SAMPLE.env,SAMPLE.env,https://github.com/ucsb-cs156-m23/dokku-scripts/blob/2d615e623dec06717b3a251c1f0a5a6b75c2a331/SAMPLE.env,47b6198a6bd867f0aebc7c133b7dba98d250f7c8
API Key,api_key extension:env,QFAB-Bioinformatics/bpatogalaxy,https://github.com/QFAB-Bioinformatics/bpatogalaxy,bpatogalaxy.env,pocs/bpatogalaxy.env,https://github.com/QFAB-Bioinformatics/bpatogalaxy/blob/f0df40a4a65c0409c4e7a7c1c537bc85283b5266/pocs/bpatogalaxy.env,ba7bb45721caaa647833b4c032d2fe59eefae8a6
API Key,api_key extension:env,cznethub/dspfront,https://github.com/cznethub/dspfront,.env,.env,https://github.com/cznethub/dspfront/blob/7746a4c56bcd7ad50a89d1e09c55ff69247d4599/.env,0b8a7433adf049c2b4ab5d14a0190dec660e2ff5
API Key,api_key extension:env,eo1989/dotdot,https://github.com/eo1989/dotdot,.env,.config/nvim/.env,https://github.com/eo1989/dotdot/blob/8e98dda2db690a2279163632f71ba7f987fc098a/.config/nvim/.env,9031bb100e6ecdaddcd75111fb253d408a474c7c
API Key,api_key extension:env,slimsevernake/UniBorg,https://github.com/slimsevernake/UniBorg,sample_config.env,sample_config.env,https://github.com/slimsevernake/UniBorg/blob/eea39bfd569f795053c8d719fef12420108711fb/sample_config.env,86845c871ba2d4e4031c74399ee51b490fe59f07
API Key,api_key extension:env,docugs/uniborg,https://github.com/docugs/uniborg,sample_config.env,sample_config.env,https://github.com/docugs/uniborg/blob/7e9437b98fbf3e895516dfb09c31392e4df85b0c/sample_config.env,5e286251a2d85898da1c68f3e0bcbafec4a54d9c
API Key,api_key extension:env,Opshiva420/termux-install.sy,https://github.com/Opshiva420/termux-install.sy,sample_config.env,sample_config.env,https://github.com/Opshiva420/termux-install.sy/blob/e4ca1b8371cfecf8bf9aa86eba817e12ab606f15/sample_config.env,f19579d1f9897f4aaed5c008307ae0c3dcb69eb7
API Key,api_key extension:env,jjmlovesgit/Simli_NotebookLM,https://github.com/jjmlovesgit/Simli_NotebookLM,.env,.env,https://github.com/jjmlovesgit/Simli_NotebookLM/blob/6863a3574c9bff1f70d92146fb1de53885242d55/.env,e93c41b968acd0b3fc5b1fab5915e9ada47ee909
API Key,api_key extension:env,humbertoyusta/inbox-ai,https://github.com/humbertoyusta/inbox-ai,example.env,server/example.env,https://github.com/humbertoyusta/inbox-ai/blob/04e839f7eb24a7c214de5b06f5bd704d6e10dbc7/server/example.env,57e84cceed362f4121571513dc2cc4c369f8a86f
API Key,api_key extension:env,Speculative-Play/A2A-API,https://github.com/Speculative-Play/A2A-API,sample.env,sample.env,https://github.com/Speculative-Play/A2A-API/blob/57c034f4a6dea21dec6c5ae2e9ce8d049c39624e/sample.env,880d360e7291ae4448b6b146ea28b10b602434f0
API Key,api_key extension:env,NicolasR2/open-notebook-aws-deploy,https://github.com/NicolasR2/open-notebook-aws-deploy,config.env,config.env,https://github.com/NicolasR2/open-notebook-aws-deploy/blob/3e2195a36ed67240bdb00121e27baf21d0507980/config.env,7c2c9fdbad9c5e6bdf6e4d304a97bf2c1e666337
API Key,api_key extension:env,Dannebicque/intranetV3,https://github.com/Dannebicque/intranetV3,.env,.env,https://github.com/Dannebicque/intranetV3/blob/e3ce89daa8b7f2eb96393a25f4852be48e53a14d/.env,4ec6c587865b650fe4b2a3cb4f0dd8fdadd19c14
API Key,api_key extension:env,rmathew8-gh/PythonProject-Template,https://github.com/rmathew8-gh/PythonProject-Template,example.env,example.env,https://github.com/rmathew8-gh/PythonProject-Template/blob/5f1202df4ed8e966a1f1caaac3f3e9094aeedf2c/example.env,e534c6353d3f64dca721ee3d4d1b7e749a582106
API Key,api_key extension:env,giobyte8/central,https://github.com/giobyte8/central,template.env,template.env,https://github.com/giobyte8/central/blob/825f3e7e9a3e3440d864d457531e979e30854f2e/template.env,d00c116f06ac4ac3594196113e816db39e9c65e2
API Key,api_key extension:env,kiyoon/video-adversarial-augmentation,https://github.com/kiyoon/video-adversarial-augmentation,run.env,tools/run.env,https://github.com/kiyoon/video-adversarial-augmentation/blob/2828f697b5fd4f45e044a4250e223beb9a54834e/tools/run.env,ab866632aa83f71b0646b04704040a31adc43ef1
API Key,api_key extension:env,winterfx/gitoday,https://github.com/winterfx/gitoday,.env,.env,https://github.com/winterfx/gitoday/blob/6f5dd3c574099fbdbdc307a24f467a407c814062/.env,b588afc3ae2a0762e9a08e0ae633e8cc7c9c9c0f
API Key,api_key extension:env,UN-OCHA/ghi-site,https://github.com/UN-OCHA/ghi-site,example.hpc.env,scripts/hpc-cli/example.hpc.env,https://github.com/UN-OCHA/ghi-site/blob/a3f842ed475952a241210eb01bdad48299458d7b/scripts/hpc-cli/example.hpc.env,3257098db92dec7430812a9d5c077d017e8818fe
API Key,api_key extension:env,Shailender-Youtube/Multi-Agent-Semantic-Kernel-Azure-Agent-Service-Python,https://github.com/Shailender-Youtube/Multi-Agent-Semantic-Kernel-Azure-Agent-Service-Python,.env,.env,https://github.com/Shailender-Youtube/Multi-Agent-Semantic-Kernel-Azure-Agent-Service-Python/blob/cb5ed94446b3ed0a8df1e45296737172de6f32fd/.env,36582a76b5f0f058c84b036129124361842c396b
API Key,api_key extension:env,SMysakowski/Reactive,https://github.com/SMysakowski/Reactive,.env,.env,https://github.com/SMysakowski/Reactive/blob/84031418f762f9f9e74f77e2f47ca8bbdd55bae7/.env,60dd05a49e62c14ce1a8a020cc29b25a6a63e221
API Key,api_key extension:env,frontend-park-mail-ru/2021_2_Yo,https://github.com/frontend-park-mail-ru/2021_2_Yo,.env,.env,https://github.com/frontend-park-mail-ru/2021_2_Yo/blob/d0b5ff8fbf63d75e6c406d5b0bd5feec5869e4cc/.env,92cf13c83ed514583fed0cdda9c23f46daa24ad2
API Key,api_key extension:env,jbilcke-hf/VideoChain-API,https://github.com/jbilcke-hf/VideoChain-API,.env,.env,https://github.com/jbilcke-hf/VideoChain-API/blob/7e4bd1c0eab74b0e6fea9c1ca2e226c85fd43c03/.env,31f0ea4ac7f5f24774949ba73b7af7209df23886
API Key,api_key extension:env,residue-analytics/codedoc,https://github.com/residue-analytics/codedoc,config.env,config.env,https://github.com/residue-analytics/codedoc/blob/0e0196b425129c9bb0906ad2615d6d45130f53f3/config.env,187e53e8a1e963b74bcbd6668027770571708e9c
API Key,api_key extension:env,rorymcstay/tradingo,https://github.com/rorymcstay/tradingo,profile.env,app/scripts/profile.env,https://github.com/rorymcstay/tradingo/blob/3efc962d1646b1b4a1c4f3443bb7ca55895752a1/app/scripts/profile.env,d48c847d65e66b7a9db35a2098ffff1458b804c8
API Key,api_key extension:env,REMAXDEV/planning-poker,https://github.com/REMAXDEV/planning-poker,.env,.env,https://github.com/REMAXDEV/planning-poker/blob/14ae2a36a6481695895b4a2062b15433ea08027a/.env,ab3c94e6bc207a71c8fb360b4a92e63fc3e477c1
API Key,api_key extension:env,jilion/docs.sublimevideo.net,https://github.com/jilion/docs.sublimevideo.net,.env,.env,https://github.com/jilion/docs.sublimevideo.net/blob/f7d06d1082e2d7ed1b6ad67e3dbf48b9b5566e1d/.env,a5ab8d14b608ea7dea77147f7b5229d94b7bd43d
API Key,api_key extension:env,BrightID/aura-verified,https://github.com/BrightID/aura-verified,.env,.env,https://github.com/BrightID/aura-verified/blob/77731c23f5217989fa2beea7e4ffb1270a22d47a/.env,1946c121441d9400a54e2f61d5b52f1e2b438784
API Key,api_key extension:env,miya-start/trtc-ai,https://github.com/miya-start/trtc-ai,sample.env,packages/back/sample.env,https://github.com/miya-start/trtc-ai/blob/5fc5948666424946bde00da36805a30ca4e3e7bf/packages/back/sample.env,7621e73a827f6175e04bce902b6a120ed4c6b7ae
API Key,api_key extension:env,linusjf/RIAY,https://github.com/linusjf/RIAY,config.env,config.env,https://github.com/linusjf/RIAY/blob/31f50be15edef4bee93abab2bd1611ee5ad4b0e3/config.env,49a4d053e5685e019990230b06b732c7bcd5aeb5
API Key,api_key extension:env,grantmarch/tools-server,https://github.com/grantmarch/tools-server,op.env,op.env,https://github.com/grantmarch/tools-server/blob/a0e470eaff355e18b42a4e657d5e26749deda4f7/op.env,1eeb5ac0709fc18d4ce66ac13bfd1abf05f2990d
API Key,api_key extension:env,oseintow/baremetrics-api,https://github.com/oseintow/baremetrics-api,.env,.env,https://github.com/oseintow/baremetrics-api/blob/7e1efe02c5b1a95cadd4ae4da082badbf7c5824c/.env,87c3b869306cc56358caf992e99427b4acb4a4e1
API Key,api_key extension:env,tempiltin/get-geolocation-ip,https://github.com/tempiltin/get-geolocation-ip,.env,.env,https://github.com/tempiltin/get-geolocation-ip/blob/2b182190a042631e1fef0452d1f5a456250a7ed4/.env,55a7de91e23aa4c0ece20437588cabd9b0e52f44
API Key,api_key extension:env,marker197/party-watch-for-emby,https://github.com/marker197/party-watch-for-emby,.env,.env,https://github.com/marker197/party-watch-for-emby/blob/f6424abf6f008b9f22ce048fa96dc485a2cf1f0a/.env,29b4bc6ea1a7343889ceef03163c45766c106148
API Key,api_key extension:env,abhishekkumar62000/TechSeva-AI-Researcher,https://github.com/abhishekkumar62000/TechSeva-AI-Researcher,.env,.env,https://github.com/abhishekkumar62000/TechSeva-AI-Researcher/blob/24a204146a12c99de7e354d580d0081c08584e8a/.env,af3d738e6644680f690014d2d76eb65d7f2f3fe5
API Key,api_key extension:env,yohacode/afro-msg-php,https://github.com/yohacode/afro-msg-php,.env,.env,https://github.com/yohacode/afro-msg-php/blob/182e5cec742fb28459c031e53d926cc770be5199/.env,c266b83760faa331cbffb629d9b43d6af418f960
API Key,api_key extension:env,sukantsaumya/FixedIncomeAnalysis,https://github.com/sukantsaumya/FixedIncomeAnalysis,.env,.env,https://github.com/sukantsaumya/FixedIncomeAnalysis/blob/fb2c3c0b797bfdbc2e5c1df59d8856db2ebb5947/.env,0e41c58ab545a33ed52a413121d6743ea77a201c
API Key,api_key extension:env,WeKruit/AXON,https://github.com/WeKruit/AXON,deploy.env,deploy/deploy.env,https://github.com/WeKruit/AXON/blob/b93550fd8e8968909003dd656242c7f0a72d2afc/deploy/deploy.env,e2997696f00b78bd541ffa2d44e776e1d551c513
API Key,api_key extension:env,s11ngh/mycelium,https://github.com/s11ngh/mycelium,default.env,PySyft-dev/packages/grid/default.env,https://github.com/s11ngh/mycelium/blob/afb91d96baae07b575ee8e7a374148b21735c39d/PySyft-dev/packages/grid/default.env,e1bc5c4255739feeffe32cc368fca91b59a143b7
API Key,api_key extension:env,returnonclick/spacenow_client_v5,https://github.com/returnonclick/spacenow_client_v5,.env,.env,https://github.com/returnonclick/spacenow_client_v5/blob/2fcb95355385643382310b8ab06b84ac6177168b/.env,e6000e94df48c3839e3c701312a107e78291ba9a
API Key,api_key extension:env,BackEndSchoolPlus3th/PawPatrol_FE,https://github.com/BackEndSchoolPlus3th/PawPatrol_FE,.env,.env,https://github.com/BackEndSchoolPlus3th/PawPatrol_FE/blob/5196509964483c43a38fb212d9a00898cf923843/.env,0fa09181b9105b5c40dfaca5b5d54f952c5a735a
API Key,api_key extension:env,Rahuldrabit/ChotoVai,https://github.com/Rahuldrabit/ChotoVai,openrouter.env,presets/openrouter/openrouter.env,https://github.com/Rahuldrabit/ChotoVai/blob/877d35bf93e319cd4cf4a4a071a29761e8f3049d/presets/openrouter/openrouter.env,85303dde3ac1c266234d8ece8c2228fb21cba40e
API Key,api_key extension:env,kakisong/deepseek-v4-flash-training,https://github.com/kakisong/deepseek-v4-flash-training,sft_64k_real.env,cluster/workload/sft_64k_real.env,https://github.com/kakisong/deepseek-v4-flash-training/blob/a38a3a16c4adbe97f86ea5f2ad9f4c5be04b37e3/cluster/workload/sft_64k_real.env,e1ba2aa9e6c90d841de6331b19c715ebef4712a4
API Key,api_key extension:env,kakisong/deepseek-v4-flash-training,https://github.com/kakisong/deepseek-v4-flash-training,sft_base_128k.env,cluster/workload/sft_base_128k.env,https://github.com/kakisong/deepseek-v4-flash-training/blob/a38a3a16c4adbe97f86ea5f2ad9f4c5be04b37e3/cluster/workload/sft_base_128k.env,6d10d35d51c95fca42fb4ce079fa0eb49e79f390
API Key,api_key extension:env,kakisong/deepseek-v4-flash-training,https://github.com/kakisong/deepseek-v4-flash-training,sft_base_256k.env,cluster/workload/sft_base_256k.env,https://github.com/kakisong/deepseek-v4-flash-training/blob/a38a3a16c4adbe97f86ea5f2ad9f4c5be04b37e3/cluster/workload/sft_base_256k.env,a8465dbd03ae40ae6a37dccb711f5a9df3d6bbe3
API Key,api_key extension:env,Ofiary-Korczaka/secret-santa-app,https://github.com/Ofiary-Korczaka/secret-santa-app,.env,.env,https://github.com/Ofiary-Korczaka/secret-santa-app/blob/48dc5c354eb2e0c8228cefa7d88d668c04a297f5/.env,75f97dae799754cea7aacf01e092ec96cdcee295
API Key,api_key extension:env,Madleyym/plaza-finance-bot,https://github.com/Madleyym/plaza-finance-bot,.env,.env,https://github.com/Madleyym/plaza-finance-bot/blob/b35843415302a1ea4b55f9c09c53faec20929b50/.env,c5a47e1c858d01360dc9635329cc2249ee9b085e
API Key,api_key extension:env,Sahanxx/E-Learning-Platform-with-Automated-Quiz-System,https://github.com/Sahanxx/E-Learning-Platform-with-Automated-Quiz-System,.env,.env,https://github.com/Sahanxx/E-Learning-Platform-with-Automated-Quiz-System/blob/750ba6c0ba7f3f844f9ecd8ade02fad06ab95eb4/.env,c80fbc7bb1c5d5f36bb02810b36bf422f7ccf146
API Key,api_key extension:env,aarm1978/HydroR2O-KG,https://github.com/aarm1978/HydroR2O-KG,.env,.env,https://github.com/aarm1978/HydroR2O-KG/blob/8d88f61a9c7e49a994bdb645b8a68b29a567cec8/.env,42d9db61a7729601ebcefa52f2663110f2d58320
API Key,api_key extension:env,NomadicOwls/homehunter,https://github.com/NomadicOwls/homehunter,.env,.env,https://github.com/NomadicOwls/homehunter/blob/4114db023f0cfe229cb1d928dedfede90add8a82/.env,fc754ab2fe0efbc3ccb1ef0d2daf1bbde8a54b61
API Key,api_key extension:env,StefanMorar/HRI-Quantifiers,https://github.com/StefanMorar/HRI-Quantifiers,.env,.env,https://github.com/StefanMorar/HRI-Quantifiers/blob/b0d191f29552973ae4f2109d07fa2dbe067fb8fc/.env,8b5bcf0b817d141cf0c4bf126f917e1e35d2ef4a
API Key,api_key extension:env,skpiotr27/Random_Forest_Classifier-CryptoTrader,https://github.com/skpiotr27/Random_Forest_Classifier-CryptoTrader,.env,.env,https://github.com/skpiotr27/Random_Forest_Classifier-CryptoTrader/blob/5b96f11aedfe2b72cbf67d29e7efaee6dce141f0/.env,f830cf81c33c73bb0a37674ec1c4674ade7e1445
API Key,api_key extension:env,TheyCallMeMattyD/project3,https://github.com/TheyCallMeMattyD/project3,.env,.env,https://github.com/TheyCallMeMattyD/project3/blob/d0b9c8490b8104fc7e61fd0cd4cc9276da22972b/.env,1585a8b465bf749590d64f7eabb7cc700d23826a
API Key,api_key extension:env,raymondbernard/moa-pipeline,https://github.com/raymondbernard/moa-pipeline,.env,.env,https://github.com/raymondbernard/moa-pipeline/blob/b6b0e7dee41f24290905504811a22f2abc94b05b/.env,366a96078d75b2d750492c607882963b168683f5
API Key,api_key extension:env,ridewireaihub/ridewire-ai-hub,https://github.com/ridewireaihub/ridewire-ai-hub,.env,.env,https://github.com/ridewireaihub/ridewire-ai-hub/blob/1b27f71aee76f625c93ba2c04b6c4aea94e754e1/.env,928cad950130d8edb58c4b14843525f5409967f6
API Key,api_key extension:env,Rahuldrabit/ChotoVai,https://github.com/Rahuldrabit/ChotoVai,azure_openai.env,presets/azure_openai/azure_openai.env,https://github.com/Rahuldrabit/ChotoVai/blob/877d35bf93e319cd4cf4a4a071a29761e8f3049d/presets/azure_openai/azure_openai.env,fdba5a0fd391c90c7cf6a445a96ec7e2769eb700
API Key,api_key extension:env,kakisong/deepseek-v4-flash-training,https://github.com/kakisong/deepseek-v4-flash-training,sft_64k_real_tp4.env,cluster/workload/sft_64k_real_tp4.env,https://github.com/kakisong/deepseek-v4-flash-training/blob/a38a3a16c4adbe97f86ea5f2ad9f4c5be04b37e3/cluster/workload/sft_64k_real_tp4.env,d30d676602388a23296206127f7ba54bc68fddd8
API Key,api_key extension:env,yiqun12/eatifyPos,https://github.com/yiqun12/eatifyPos,.env,.env,https://github.com/yiqun12/eatifyPos/blob/2e5cbef24c7a176f4ece8bf2efcb2507c76c1b22/.env,12ced8795c916609cfe39c50e5a00d8e5445201c
API Key,api_key extension:env,aadyatalreja/Hardhat-Voting-System,https://github.com/aadyatalreja/Hardhat-Voting-System,.env,.env,https://github.com/aadyatalreja/Hardhat-Voting-System/blob/a88a43a9e2f055fb38083f7f945d5004bc68444c/.env,f8edbc7edee367633feb63db0c2b5ca7a90915b5
API Key,api_key extension:env,Delqhi-Projects/ZOE-Solar-Accounting-OCR,https://github.com/Delqhi-Projects/ZOE-Solar-Accounting-OCR,.env,.env,https://github.com/Delqhi-Projects/ZOE-Solar-Accounting-OCR/blob/6c8531b20677845b328d4361e60f24deca0855f2/.env,2bf888e03f680a453f7c6f30c5d1a9b1efca7c83
API Key,api_key extension:env,suryaprakash9695/GEO-INT,https://github.com/suryaprakash9695/GEO-INT,.env,.env,https://github.com/suryaprakash9695/GEO-INT/blob/afb6c999535e776716b2347985b82249ff2a4ca8/.env,67a338d08053b8cb1ba75683123df7be54973400
API Key,api_key extension:env,yashab-cyber/ieca,https://github.com/yashab-cyber/ieca,.env,.env,https://github.com/yashab-cyber/ieca/blob/546a61a9cc99592860604e14c0f2d86accf52838/.env,f64e67e5736a4424333693b5d5fe8b037d4dba37
API Key,api_key extension:env,jaewonhimnae/react-netflix,https://github.com/jaewonhimnae/react-netflix,.env,.env,https://github.com/jaewonhimnae/react-netflix/blob/a9f139c294460f0c668647cba278ff539680fe6b/.env,dcfb04161ce63a2d17c44cba352ef6e1d0327aeb
API Key,api_key extension:env,kakisong/deepseek-v4-flash-training,https://github.com/kakisong/deepseek-v4-flash-training,sft_commsweep_probe.env,cluster/workload/sft_commsweep_probe.env,https://github.com/kakisong/deepseek-v4-flash-training/blob/a38a3a16c4adbe97f86ea5f2ad9f4c5be04b37e3/cluster/workload/sft_commsweep_probe.env,d7701c69bb829746a9b6d4d644924ff65aa53e04
API Key,api_key extension:env,limes22/Nvidia_example,https://github.com/limes22/Nvidia_example,compose.env,experimental/fm-asr-streaming-rag/deploy/compose.env,https://github.com/limes22/Nvidia_example/blob/e142ec080b85f825c3f730261d5182f7ce76acfb/experimental/fm-asr-streaming-rag/deploy/compose.env,1261ce735b6e41f360828b9656c90850d2dccc32
API Key,api_key extension:env,Make-School-Labs/react-api-project,https://github.com/Make-School-Labs/react-api-project,.env,.env,https://github.com/Make-School-Labs/react-api-project/blob/615161703faf429db6d2bfd8ef1cd31827439612/.env,6ab9f653485e811bae0ddd6b8d85c9541c799b90
API Key,api_key extension:env,i-kay/koa-typescript-example,https://github.com/i-kay/koa-typescript-example,.env,.env,https://github.com/i-kay/koa-typescript-example/blob/af81fbf27cbd2c2e9cccd1e8042c0ffb93879982/.env,b3026e6cc95bc7c2805eb6b90bd6cbd243e14e0c
API Key,api_key extension:env,kakisong/deepseek-v4-flash-training,https://github.com/kakisong/deepseek-v4-flash-training,sft_openhermes_4k_probe.env,cluster/workload/sft_openhermes_4k_probe.env,https://github.com/kakisong/deepseek-v4-flash-training/blob/a38a3a16c4adbe97f86ea5f2ad9f4c5be04b37e3/cluster/workload/sft_openhermes_4k_probe.env,9a6a4ccd0cfe7d113d7f90f4b79f5d2c7b091518
API Key,api_key extension:env,jahdaic/Syncro-Pi,https://github.com/jahdaic/Syncro-Pi,.env,.env,https://github.com/jahdaic/Syncro-Pi/blob/ca992a7c3267e5c8370362551f2643bc4a827a0e/.env,5b623c08891ff972b986ecee13816cb9727d9bf5
API Key,api_key extension:env,fadel1411/MovieDBonboardingDOT,https://github.com/fadel1411/MovieDBonboardingDOT,.env,.env,https://github.com/fadel1411/MovieDBonboardingDOT/blob/d30946b53cc6afe72ba3b55148a58bd648d7bcbf/.env,8e2402c823bb87867e9340a357a2878eb5da7a29
API Key,api_key extension:env,rgxcode/RedditLetter,https://github.com/rgxcode/RedditLetter,.env,.env,https://github.com/rgxcode/RedditLetter/blob/7aab6594fc2452a0167dd7db0a437b236641ac80/.env,93484574a189ebf733813ea8115fea473fb17dfd
API Key,api_key extension:env,FrancoBarbaro/gas-giants-next,https://github.com/FrancoBarbaro/gas-giants-next,.env,.env,https://github.com/FrancoBarbaro/gas-giants-next/blob/644d86dbdb2904a9c8ae3b909bac1a904be88164/.env,3483ff18cced63cb613468e11af0acd6c45f729e
API Key,api_key extension:env,drmodun/tournament-app,https://github.com/drmodun/tournament-app,.env,.env,https://github.com/drmodun/tournament-app/blob/d70c92d31dcd177439e694ba87557f9e37ee813c/.env,0e505a838131c3e147e0fa33b2515b6d1cde18b0
API Key,api_key extension:env,cat-api-icmc/master-cat-api-django,https://github.com/cat-api-icmc/master-cat-api-django,.env,.env,https://github.com/cat-api-icmc/master-cat-api-django/blob/fd4043e2cd42883313acd278ad8bc9b73e73d136/.env,9db0b7370e3cc9226b93c7fa8f23f30334b28e38
API Key,api_key extension:env,bvonpotobsky/crypto-dash,https://github.com/bvonpotobsky/crypto-dash,.env,.env,https://github.com/bvonpotobsky/crypto-dash/blob/35744a3d53bcc8a0771ec5e23b9b1c875c07e742/.env,2d046b4e59ef60419a9d119014f2b7bcafba8a77
API Key,api_key extension:env,codebychoyon/Comic-BroZ,https://github.com/codebychoyon/Comic-BroZ,.env,.env,https://github.com/codebychoyon/Comic-BroZ/blob/5051fc4ac3ad3f1172d1e0565d031f95956b57f9/.env,2aec5db467ecaaaf60ed2d02532539ab5d5328d5
API Key,api_key extension:env,rohan-patnaik/ATS-resume-checker,https://github.com/rohan-patnaik/ATS-resume-checker,.env,.env,https://github.com/rohan-patnaik/ATS-resume-checker/blob/5eb66e5e0447002038e8207d1f3dd5bfd6564b2a/.env,bd61c717e0c7538174abef5c00280c1f39d12a1a
API Key,api_key extension:env,pasyagitka/the-bureau-frontend,https://github.com/pasyagitka/the-bureau-frontend,.env,.env,https://github.com/pasyagitka/the-bureau-frontend/blob/84c78b27f49984c94331d8a29fb05e49a4f84e00/.env,38266d8036ba064cfa5b6fb1d6e1ff5ea0bf809d
API Key,api_key extension:env,Cyberk14/Xenia,https://github.com/Cyberk14/Xenia,.env,.env,https://github.com/Cyberk14/Xenia/blob/b516ac5d232f4139134fb29142f8e031322e3768/.env,aa837b8981c05e2e0e61e0d83a5cb36322897224
API Key,api_key extension:env,Takshan/ML-template,https://github.com/Takshan/ML-template,run.env,run.env,https://github.com/Takshan/ML-template/blob/42b340baa6fcbc295121a63f5ef64fa227a529ea/run.env,b72e51ecc1c081b0045bc860a7ca53fcb31c6ec7
API Key,api_key extension:env,google-cloud-japan/next-tokyo-assets,https://github.com/google-cloud-japan/next-tokyo-assets,.env,2025/adk-agentengine-basic/.env,https://github.com/google-cloud-japan/next-tokyo-assets/blob/aa64f7a60494ccdfe05f418a72090973255b9d20/2025/adk-agentengine-basic/.env,843062b1f90fbe52800384442bcc25bf25392279
API Key,api_key extension:env,arjunprabhulal/google-adk-masterclass,https://github.com/arjunprabhulal/google-adk-masterclass,.env,15-mcp-deep-dive/mcp_agent/.env,https://github.com/arjunprabhulal/google-adk-masterclass/blob/d52895fdcd16d2be2bc11363a08bb14c3455bb3d/15-mcp-deep-dive/mcp_agent/.env,ab34f7a73765764b80f9cbc3eac00617ede3d3c0
API Key,api_key extension:env,WildCodeSchool/2022-03-JS-RemoteFR-Outsiders-P2-Team-Kraken,https://github.com/WildCodeSchool/2022-03-JS-RemoteFR-Outsiders-P2-Team-Kraken,.env,frontend/.env,https://github.com/WildCodeSchool/2022-03-JS-RemoteFR-Outsiders-P2-Team-Kraken/blob/f1fa9010008517391ae93a620c105bbc4e8d8f72/frontend/.env,2e151b00f21f0e2371032f600dd1bd2eb920bf27
API Key,api_key extension:env,modelflow-ai/.github,https://github.com/modelflow-ai/.github,.env,packages/anthropic-adapter/examples/.env,https://github.com/modelflow-ai/.github/blob/7a7003d742ea884f9cc9b83d559f041612beb8a9/packages/anthropic-adapter/examples/.env,8b3e12580738e80ab7a020f758ae22a848a8febb
API Key,api_key extension:env,Pragament/flutter_upi_credit_debit_log_app,https://github.com/Pragament/flutter_upi_credit_debit_log_app,.env,.env,https://github.com/Pragament/flutter_upi_credit_debit_log_app/blob/8ea51c1d922ac0c449b1f73180476f278df42e49/.env,3aa5a59629f54eef78ad4d30752750ea4df0f427
API Key,api_key extension:env,aniketsharmaa/Chat-with-multiple-pdfs,https://github.com/aniketsharmaa/Chat-with-multiple-pdfs,.env,.env,https://github.com/aniketsharmaa/Chat-with-multiple-pdfs/blob/c97dea5c44a7d7c95dfd178ac7cca3b17dc3b930/.env,8fa9ed9acded7364748515f843e18ad25d41ba7d
API Key,api_key extension:env,BarbarossaLives/CryptoGame,https://github.com/BarbarossaLives/CryptoGame,.env,.env,https://github.com/BarbarossaLives/CryptoGame/blob/81501c334a6d3b6f1fc4f5a70c4feb75158c9a15/.env,1c63ee54b6e6ad2cc815c250bbcb35c027ca66a5
API Key,api_key extension:env,Harry99-gb/flipkart-clone,https://github.com/Harry99-gb/flipkart-clone,.env,.env,https://github.com/Harry99-gb/flipkart-clone/blob/f8d6f882aa25b73dd522b6773ba5217991c3e4f9/.env,e841a7ffb8f7b9964a5e82d3832583373837ac2d
API Key,api_key extension:env,ml-projects-rana/GenAI-Medical-Report-Generator,https://github.com/ml-projects-rana/GenAI-Medical-Report-Generator,.env,.env,https://github.com/ml-projects-rana/GenAI-Medical-Report-Generator/blob/fb9704295f99cdc73060ec5f0fbe9acad4491727/.env,357ab508af4387b413f295aab4f49e99233212e3
API Key,api_key extension:env,Wuchi702/r2,https://github.com/Wuchi702/r2,1.env,1.env,https://github.com/Wuchi702/r2/blob/85511973144d5488b11e16aeb0542cf6be32e870/1.env,ad6b6ef85d7005637446912b13b6609ba892ce04
API Key,api_key extension:env,lukadevv-edu/cine-next,https://github.com/lukadevv-edu/cine-next,base.env,base.env,https://github.com/lukadevv-edu/cine-next/blob/3fd9282902e99fa429185341fee4d5afc5e924a7/base.env,e1d42e7152e3ca0eed0e913d8a1f7dbc6187f84b
API Key,api_key extension:env,jpalomino502/laleyburger,https://github.com/jpalomino502/laleyburger,.env,.env,https://github.com/jpalomino502/laleyburger/blob/262d32a51af48e3f5fba6c9e8d6a544e16e353a9/.env,8fab58c745f36f45e855f83dcca4de04990766b3
API Key,api_key extension:env,nicolasfaraci/vitae,https://github.com/nicolasfaraci/vitae,.env,.env,https://github.com/nicolasfaraci/vitae/blob/207b83447a766fed1581d8842238dab9797cf5bd/.env,c9625d88f9e130252acc6fbe989de10140e00260
API Key,api_key extension:env,Genzo0/Portofolio,https://github.com/Genzo0/Portofolio,.env,.env,https://github.com/Genzo0/Portofolio/blob/a5c814726f924685dcebe2727d3203b239f34eaf/.env,5f00b6cdf83fa29ebaf1b5cb27797c112425fa79
API Key,api_key extension:env,Mlle-dora/theodora-website,https://github.com/Mlle-dora/theodora-website,.env,.env,https://github.com/Mlle-dora/theodora-website/blob/d27500e2ee3b36e09876d6886b1db34d88f1320d/.env,4c91aad1ef57b31a6f50b2d17e4a9ec03943525a
API Key,api_key extension:env,SunnySparks/My-dash,https://github.com/SunnySparks/My-dash,.env,.env,https://github.com/SunnySparks/My-dash/blob/f05560c8f33fc900daddf950fb8d17f3fd5158cd/.env,da07fb38c01e05b17d90aed37117c34965f0da17
API Key,api_key extension:env,TrvlGuide/travel-guide,https://github.com/TrvlGuide/travel-guide,.env,.env,https://github.com/TrvlGuide/travel-guide/blob/a6707b3a19ec6a423c8b596b8ee1cc89ff38ac28/.env,bacce50ebe107c8d5b884b220cff352d0079df1c
API Key,api_key extension:env,gsjuneja226/NewsApp,https://github.com/gsjuneja226/NewsApp,.env,.env,https://github.com/gsjuneja226/NewsApp/blob/0a71c57db8e72c51b1d954fa6020dacb5e089214/.env,baffd1792bd37c6b20a0a7ae51035ee5f1804b0d
API Key,api_key extension:env,shem4soul/QR-Movie-Generator,https://github.com/shem4soul/QR-Movie-Generator,.env,.env,https://github.com/shem4soul/QR-Movie-Generator/blob/8c2ec76c9e6f0cb9512031506b31e2807525883b/.env,9a12b86f186e50c5c24b92d63c27880524f57097
API Key,api_key extension:env,Hitarth2510/SIH25,https://github.com/Hitarth2510/SIH25,.env,.env,https://github.com/Hitarth2510/SIH25/blob/9f6883c5ad7344402f1f24fa99ca76da3d40b4ab/.env,6e833be8d65e9ef020e653d1314a3e362507fc2b
API Key,api_key extension:env,RajaGiddi/Automatic-Article-Annotator,https://github.com/RajaGiddi/Automatic-Article-Annotator,.env,.env,https://github.com/RajaGiddi/Automatic-Article-Annotator/blob/bc4c4cef204098c111120826dcc1150dcd99e1c9/.env,c27c1acf8c8327c15137be186f166c6d998dc1bd
API Key,api_key extension:env,Malik-Zain-555/Zylo,https://github.com/Malik-Zain-555/Zylo,.env,.env,https://github.com/Malik-Zain-555/Zylo/blob/76f38a796b8c48eddba652aac4f280510eb2a028/.env,f367cbf1d65f2af091912cc86f5dcbdb3813fd06
API Key,api_key extension:env,dolphinstar2003/trader,https://github.com/dolphinstar2003/trader,.env,.env,https://github.com/dolphinstar2003/trader/blob/406806d2dfba1238ce7e5cac4bdc6b5915e41932/.env,be802a2d461d671813f64e5db4239e3e28afec29
API Key,api_key extension:env,Dipshika01/flavourVerse,https://github.com/Dipshika01/flavourVerse,.env,.env,https://github.com/Dipshika01/flavourVerse/blob/8f3fba88d53ed6a3bc27dfc5447105a5ee0262de/.env,305da197468c5fd59fef353ccafae99dc3100600
API Key,api_key extension:env,Saksham0704/YoutubeBackend,https://github.com/Saksham0704/YoutubeBackend,.env,.env,https://github.com/Saksham0704/YoutubeBackend/blob/2c2e51afcc49673892f2b15a473d5ebd284b7eff/.env,cfecc260cbbe17c8a88660e242d6087939aadf9c
API Key,api_key extension:env,Ramprasadya/codereview,https://github.com/Ramprasadya/codereview,.env,.env,https://github.com/Ramprasadya/codereview/blob/93273a2a53f9f81d362f1abd5ffaa8669547fefc/.env,a9df3832c6590b2f15c404a377ad2eb086354fc7
API Key,api_key extension:env,dbstjrgus3/nursee-project,https://github.com/dbstjrgus3/nursee-project,.env,.env,https://github.com/dbstjrgus3/nursee-project/blob/ff0006b093256d235195bf66a8f5222f388df0ec/.env,aafc7dfe34b860be8fa1676408b115075bb341eb
API Key,api_key extension:env,MuhammadJawad-dot/movie-app,https://github.com/MuhammadJawad-dot/movie-app,.env,.env,https://github.com/MuhammadJawad-dot/movie-app/blob/c8cb0a8c7de435cd417ae3fb42b27c8d323b7156/.env,91501de01eff4e3a06c6f7959271b3f3ac397d8d
API Key,api_key extension:env,rajdesai17/aitool,https://github.com/rajdesai17/aitool,.env,.env,https://github.com/rajdesai17/aitool/blob/e76bf985a9f96e8e0f181515cfdef1a27a3e8145/.env,0da049261e56e99ac906fc478f96bfd690a8adf1
API Key,api_key extension:env,AIzzj/AI-Chat,https://github.com/AIzzj/AI-Chat,.env,.env,https://github.com/AIzzj/AI-Chat/blob/513b1b44c9bc768f5434237990399eda3e7d85c3/.env,5e7ec47d9e81cb822f791faf0ca58a352fd0dd5c
API Key,api_key extension:env,shobhitrastogi/Youtube-Clone,https://github.com/shobhitrastogi/Youtube-Clone,.env,.env,https://github.com/shobhitrastogi/Youtube-Clone/blob/9b7b086a7dddd6ce75e26cfd0924f391b4fe7307/.env,44af5c940e1a956bc13f675fab023ad29fcdca6a
API Key,api_key extension:env,Nil729/proyecto-final-daw,https://github.com/Nil729/proyecto-final-daw,.env,.env,https://github.com/Nil729/proyecto-final-daw/blob/06d3a9a260c4e56756172adc8d7fea52d2ed07b1/.env,2e3c76b0643f58d2122f4ba6bd276b8a0ac46663
API Key,api_key extension:env,byzequinha/BackEnd-Shopper.com.br,https://github.com/byzequinha/BackEnd-Shopper.com.br,.env,.env,https://github.com/byzequinha/BackEnd-Shopper.com.br/blob/b93ca5637f47cc540b8ff27c3d708f0a6b16c374/.env,14cc3a44a4123c0b78f2f8377e716ffe72f48c4b
API Key,api_key extension:env,sirutisb/clarify-ai,https://github.com/sirutisb/clarify-ai,.env,.env,https://github.com/sirutisb/clarify-ai/blob/fb4f7e3f9f61348ae22dcd9fbbeb6646c4108046/.env,075ebc9d877a84462d2196f859435fe16574fdc2
API Key,api_key extension:env,Bhanuprasad5/Indian-Law-Voicebot,https://github.com/Bhanuprasad5/Indian-Law-Voicebot,.env,.env,https://github.com/Bhanuprasad5/Indian-Law-Voicebot/blob/f4cde03f25c20f411cc70a64057995262fab87c3/.env,0493e113a613d9807cd18163f50cde4afab66080
API Key,api_key extension:env,abuk10252-jpg/UofK-Chem-4,https://github.com/abuk10252-jpg/UofK-Chem-4,.env,.env,https://github.com/abuk10252-jpg/UofK-Chem-4/blob/93112e3540223d880ea45821f0bfbcbdc975064f/.env,d8dba542ccdf1dd65a4cbc5642a2abf4218c8fc1
API Key,api_key extension:env,StephenLover/pet-react-demo,https://github.com/StephenLover/pet-react-demo,.env,.env,https://github.com/StephenLover/pet-react-demo/blob/e67f42839c594d5b36b174561cefbbfc8dea9776/.env,8c254d013793c228920ef8cceb12f3283fe12acd
API Key,api_key extension:env,lcsigzs/soloq_lol,https://github.com/lcsigzs/soloq_lol,.env,.env,https://github.com/lcsigzs/soloq_lol/blob/e7e2d50143a0a704f788e9abd5457a9ca6a80a03/.env,d9ecefbd385fdb5176999c46c64d308bee4e1f28
API Key,api_key extension:env,Eziliram/weather-app,https://github.com/Eziliram/weather-app,.env,.env,https://github.com/Eziliram/weather-app/blob/a8c5dda6f94210b8676c2e8cd7d69540e1060e91/.env,bb9f1829f24cf969654143bf40ccace7d2fee99f
API Key,api_key extension:env,nylbix12/arcade-fire-vitrine,https://github.com/nylbix12/arcade-fire-vitrine,.env,.env,https://github.com/nylbix12/arcade-fire-vitrine/blob/b1d3005fe582aecf3a03c63b7295967c8ea0694a/.env,70c3da7090484314f1121a7c757c6e2a437f36f6
API Key,api_key extension:env,RockKay/RulesHUMGChatbot,https://github.com/RockKay/RulesHUMGChatbot,.env,.env,https://github.com/RockKay/RulesHUMGChatbot/blob/a31b7a16712aa885f2954b61ee41cfe0c3d20715/.env,976a99753db84c7a8439b10ab6e6189d7706b683
API Key,api_key extension:env,eng-mahdi-alsholi/NLP-UDACITY,https://github.com/eng-mahdi-alsholi/NLP-UDACITY,.env,.env,https://github.com/eng-mahdi-alsholi/NLP-UDACITY/blob/7a7614b240956e74524f55794a113ab6c29f9c8e/.env,c26c671e1cacf3fe5f28f08e4127e1c718588887
API Key,api_key extension:env,iamsamruddhi1312/my-ojt-project,https://github.com/iamsamruddhi1312/my-ojt-project,.env,.env,https://github.com/iamsamruddhi1312/my-ojt-project/blob/320ab3cb75522a585c81880726e9370a8c73de1c/.env,6ef42e95ca2d476526f1da8f5342a3d5d62f3b42
API Key,api_key extension:env,muhmmadobaid123/weatherapp-Reactjs,https://github.com/muhmmadobaid123/weatherapp-Reactjs,.env,.env,https://github.com/muhmmadobaid123/weatherapp-Reactjs/blob/77c43cc6ac76ecc2cdc806565031adba354d8ab9/.env,ae2632e29dbb3f0f24b5b5a004e02e14b703f8e2
API Key,api_key extension:env,ah2/WorldExplorerProject,https://github.com/ah2/WorldExplorerProject,.env,.env,https://github.com/ah2/WorldExplorerProject/blob/522b0782f744edc9ed79b3c77a95e252236209c9/.env,16159f2aa2ea291cbfb60d9086641b729db3bf28
API Key,api_key extension:env,Syndnet-CRE/realestate_mappro,https://github.com/Syndnet-CRE/realestate_mappro,.env,.env,https://github.com/Syndnet-CRE/realestate_mappro/blob/29a1ff5e001bf552fc54911fb5844085b115e96b/.env,9c96a1b03bae55e117bf36aaff399a2d01b3cf34
API Key,api_key extension:env,dkcodec/TestWork77,https://github.com/dkcodec/TestWork77,.env,.env,https://github.com/dkcodec/TestWork77/blob/30fd2d7560a6a6071d4c2b87e2eb158831b84a02/.env,fbc1a4f617b79e83b4bb6cd3fb6319fe91227cc5
API Key,api_key extension:env,aajoh29-edu/event_crm,https://github.com/aajoh29-edu/event_crm,.env,.env,https://github.com/aajoh29-edu/event_crm/blob/030cb37143fcfdc2e43cae08ef3bbc463d03543c/.env,2a56414259e67cd127d241d3b4aed8436b37f88c
API Key,api_key extension:env,Th1f/AI-Powered-Beyond-Fitness-Tracking-WebApp,https://github.com/Th1f/AI-Powered-Beyond-Fitness-Tracking-WebApp,.env,web/.env,https://github.com/Th1f/AI-Powered-Beyond-Fitness-Tracking-WebApp/blob/0a36003fb4163101c72ac76a3ea36d6a87a48005/web/.env,cc0e4ae67920902bd030658c09c7edc52d70f42f
API Key,api_key extension:env,TomaszKK/BoatDelivery,https://github.com/TomaszKK/BoatDelivery,.env,front/.env,https://github.com/TomaszKK/BoatDelivery/blob/0c0d82126bcc9df8908051fb72bda2e03ccb9fb6/front/.env,1d717459816270a311e6b7ef882b28cc5e810e46
API Key,api_key extension:env,martindotpy/hackathon-utp-i-2026,https://github.com/martindotpy/hackathon-utp-i-2026,.env,services/chatbot/.env,https://github.com/martindotpy/hackathon-utp-i-2026/blob/7970c065ba35ca77a46e037ad8a9ceee6f90b7e5/services/chatbot/.env,3cac181dfed1f43a34eb222146d112008d1b6a6e
API Key,api_key extension:env,LaptiiDina/illumex,https://github.com/LaptiiDina/illumex,.env,server/.env,https://github.com/LaptiiDina/illumex/blob/a400c3a98ba07486adbe4ab4230d704a58bccaee/server/.env,e7eaf9ae702264a417d4d65732710e2558dd3165
API Key,api_key extension:env,kravtsov-s-o/django-personal-assistant,https://github.com/kravtsov-s-o/django-personal-assistant,example.env,example.env,https://github.com/kravtsov-s-o/django-personal-assistant/blob/e79ed1ea3d27cabda320644e297c93d113fc43fc/example.env,b0773a6f03d26c822ba91f9835d576d569c8505f
API Key,api_key extension:env,utsavv08/personal-gemini-journal,https://github.com/utsavv08/personal-gemini-journal,.env,client/.env,https://github.com/utsavv08/personal-gemini-journal/blob/7457fc5dbacc5a6c775bf72fd702dd3979cc3fa8/client/.env,bfeb0cae9a1af71a4012e1cfcfc58f2239ea3981
API Key,api_key extension:env,AdityaNegi03/studyverse_backend,https://github.com/AdityaNegi03/studyverse_backend,Example.env,Example.env,https://github.com/AdityaNegi03/studyverse_backend/blob/a059a5df23cb88a0bc3ea240f450602c1ae616d5/Example.env,2dc82104ea9527472d946eb541ba9116aa911f7a
API Key,api_key extension:env,anabansal/AI,https://github.com/anabansal/AI,.env,backend/.env,https://github.com/anabansal/AI/blob/82cc045f2a7c3d44646acd5500ac45c3b25f6d7a/backend/.env,b6207582cdbb97636d3158cd6e6826d23781b779
API Key,api_key extension:env,prakamyaa/Code-Crafters,https://github.com/prakamyaa/Code-Crafters,.env,backend/.env,https://github.com/prakamyaa/Code-Crafters/blob/65e0c3e87d5c31f6cf05e17772c19ef053b26e21/backend/.env,db1581abf1fcfd32c2b36af6e9e809082bb9acc8
API Key,api_key extension:env,teddyoweh/hoyahacks,https://github.com/teddyoweh/hoyahacks,.env,app/app/.env,https://github.com/teddyoweh/hoyahacks/blob/b6a5f9d95e37bef7c0d1caed0ddd14ee6b4c7fb5/app/app/.env,f5b602899056eaa19a7f9159f79b5553056f9031
API Key,api_key extension:env,jeaqnious256/GhostTrack,https://github.com/jeaqnious256/GhostTrack,.env,backend/.env,https://github.com/jeaqnious256/GhostTrack/blob/5b3a8048467ec0a18400df4087b57afaa4d1327c/backend/.env,d20203f72080f9e45f04c2fbe5544ebfa78c91d4
API Key,api_key extension:env,SakuraNewbie/nes-properties,https://github.com/SakuraNewbie/nes-properties,.env,backend/.env,https://github.com/SakuraNewbie/nes-properties/blob/3fea9eb5a0bc1d1434ac8aaeaed0e7140d7a9c96/backend/.env,1667b71d4e1c36f222fbb2221a0a96a47132579a
API Key,api_key extension:env,Gunjankumar5/interactive-portfolio,https://github.com/Gunjankumar5/interactive-portfolio,.env,backend/.env,https://github.com/Gunjankumar5/interactive-portfolio/blob/330c047d003b9e0d1b3dd813fee614706c2f492b/backend/.env,62d0029ccadc611e7a731d604a55a64a6ff9c165
API Key,api_key extension:env,Pranav4555/Fraud-Analytics-Platform,https://github.com/Pranav4555/Fraud-Analytics-Platform,.env,backend/.env,https://github.com/Pranav4555/Fraud-Analytics-Platform/blob/c59f0552afc61aa656b15b0fab6676f3ffaa13b1/backend/.env,665b68390e5f6943affe95d9c9cd04b31487ec82
API Key,api_key extension:env,Neo-Ram/hdiagrams-react-edition,https://github.com/Neo-Ram/hdiagrams-react-edition,.env,backcum/.env,https://github.com/Neo-Ram/hdiagrams-react-edition/blob/5f5d2a50f49871ee69a6830d50e06fbf7c4c6a19/backcum/.env,ecfddaf5908b8ac75e49c692e396e01e624f1728
API Key,api_key extension:env,mingxiangzhangmark/Spendwise,https://github.com/mingxiangzhangmark/Spendwise,.env,frontend/.env,https://github.com/mingxiangzhangmark/Spendwise/blob/a13a2fe0104e191ccfd1466712802bdb84ff535e/frontend/.env,d207d879795f7c03a20681b649510731d7fcc3bb
API Key,api_key extension:env,Aousulaprashant/MOodsync-Real-Time-Mood-Based-Music-Engine-for-Cabs-Flights-Personal-Use,https://github.com/Aousulaprashant/MOodsync-Real-Time-Mood-Based-Music-Engine-for-Cabs-Flights-Personal-Use,.env,frontend/.env,https://github.com/Aousulaprashant/MOodsync-Real-Time-Mood-Based-Music-Engine-for-Cabs-Flights-Personal-Use/blob/4c321481d48391c96372e247ac1eb325a65ab7a5/frontend/.env,fe839bd598b6e80f168f059f1c2ea9f0f7ad8bdd
API Key,api_key extension:env,arafatomer66/examiner-app-react-spring-boot,https://github.com/arafatomer66/examiner-app-react-spring-boot,.env,frontend/.env,https://github.com/arafatomer66/examiner-app-react-spring-boot/blob/3c2f4c2170150acf7c6beb63a38b1204f304daac/frontend/.env,28a608ccce1778e59637fc3295bf67d1a2dabd07
API Key,api_key extension:env,Chrisbuildit/frontend-eindopdracht,https://github.com/Chrisbuildit/frontend-eindopdracht,APIkey.env,src/APIkey.env,https://github.com/Chrisbuildit/frontend-eindopdracht/blob/a19ec5176ca490f1a96939135dbfa8df60648453/src/APIkey.env,9e0e2438e15abb5b763a7b71dea16d28d09ef23c
API Key,api_key extension:env,EuskalMoneta/cel,https://github.com/EuskalMoneta/cel,.env,symfony/.env,https://github.com/EuskalMoneta/cel/blob/c42778ea67d9a14f87d2ec34df3ed5f272dd869c/symfony/.env,9f2f32a2c49e2ace0ec2609df33a4f5a57175ba0
API Key,api_key extension:env,Bibek-ops/Gamification,https://github.com/Bibek-ops/Gamification,.env,GAMI-Backend/.env,https://github.com/Bibek-ops/Gamification/blob/c4406685af02753257a6c8b5a0d3af2b85048958/GAMI-Backend/.env,98f51c7708f1068752ffb36c36b722400bf20aef
API Key,api_key extension:env,BHIV-Engineering-Exchange/bhiv-AI-Content,https://github.com/BHIV-Engineering-Exchange/bhiv-AI-Content,production.env,backend/config/production.env,https://github.com/BHIV-Engineering-Exchange/bhiv-AI-Content/blob/52c23fa7d25c2070401968f8423fcbb9c8b3dbdc/backend/config/production.env,61a82f74038cdf570257f5aa4ea166d460b1a894
API Key,api_key extension:env,sofianezineddine/CloudVisor,https://github.com/sofianezineddine/CloudVisor,.env,services/copilot/.env,https://github.com/sofianezineddine/CloudVisor/blob/6930846d0f0ccd0c7666282ff0e5d4633d777e73/services/copilot/.env,bea2872428f5e3bf55a41fffd620631996f7b170
API Key,api_key extension:env,maurermj08/b2c_template,https://github.com/maurermj08/b2c_template,.env,apps/readwriting/.env,https://github.com/maurermj08/b2c_template/blob/7e2189d488780c411b0b381d777fd6939276bddf/apps/readwriting/.env,a81ee9e1e5962af917b0f8b31f752d8be5815952
API Key,api_key extension:env,pv1603/ChatterBox-Real-time-chatting-and-learning,https://github.com/pv1603/ChatterBox-Real-time-chatting-and-learning,.env,chatterbox/backend/.env,https://github.com/pv1603/ChatterBox-Real-time-chatting-and-learning/blob/b608c34f5b064c63776266be7592c17e9c5ef702/chatterbox/backend/.env,a4b1f978387515a2e2c2345676438c96ac4b9c92
API Key,api_key extension:env,hualcosa/programming_with_python_DLMDSPWP01,https://github.com/hualcosa/programming_with_python_DLMDSPWP01,.env,written_assignment/.env,https://github.com/hualcosa/programming_with_python_DLMDSPWP01/blob/e6b21b121cf297366738b47ee1419688960f9496/written_assignment/.env,b80647a9c5e480e9eac253e48517af6eba18ec3e
API Key,api_key extension:env,Alok-Singh-ops/vatika-test,https://github.com/Alok-Singh-ops/vatika-test,.env,.env,https://github.com/Alok-Singh-ops/vatika-test/blob/555a78a418e09bd2a79ab6300c9c70a910a7cee8/.env,a76afcada88bf5914179f726e81b542af4a1d900
API Key,api_key extension:env,thubpham/resume-scanner,https://github.com/thubpham/resume-scanner,.env,.env,https://github.com/thubpham/resume-scanner/blob/580b195b8d29e64cf740cdf0cc406de38049da71/.env,9603cd627cd50ed5802dc8ac05bc25257fb21ced
API Key,api_key extension:env,migavel508/NFT_cloud,https://github.com/migavel508/NFT_cloud,.env,.env,https://github.com/migavel508/NFT_cloud/blob/8eeef2c441423c6fcd958b1e8761c6c266d6b52a/.env,5fddf2ce379ed1134bd92c83c202eb0e07e1e312
API Key,api_key extension:env,NguyenHieu09/webtiengnhat-be,https://github.com/NguyenHieu09/webtiengnhat-be,.env,.env,https://github.com/NguyenHieu09/webtiengnhat-be/blob/58f4203c557b632b28a93da0dae2e43b3ef9b110/.env,7a97eddf2b92718d9d6674df5e4b81f8b4e8b4f4
API Key,api_key extension:env,patelkeshav876/DocSense_backend,https://github.com/patelkeshav876/DocSense_backend,.env,.env,https://github.com/patelkeshav876/DocSense_backend/blob/30f26a70594de31cf2519aa4eb8b4c5c31ec4c04/.env,10e3340fec04ba51791a2a5b924b423185d3030f
API Key,api_key extension:env,ZinetsuAgatsuma/parsu-libby,https://github.com/ZinetsuAgatsuma/parsu-libby,.env,.env,https://github.com/ZinetsuAgatsuma/parsu-libby/blob/8af87670e8ebc7799aceab5f43e102150615fd42/.env,0becc41eb8da01eea99a9fcbd0ab4af0ca7c132c
API Key,api_key extension:env,ehabl4054123-crypto/5sim_telegram_bot,https://github.com/ehabl4054123-crypto/5sim_telegram_bot,.env,.env,https://github.com/ehabl4054123-crypto/5sim_telegram_bot/blob/0f41f7924b635cf0e89354b1256d995aa4d15625/.env,8044d898fb2a4d23fd986ec264b5a4b117abdff7
API Key,api_key extension:env,al-kheder/zoopia_API,https://github.com/al-kheder/zoopia_API,.env,.env,https://github.com/al-kheder/zoopia_API/blob/0e208a2e3834544e5ac34927a2ac1f7d6da98f41/.env,b588afc3ae2a0762e9a08e0ae633e8cc7c9c9c0f
API Key,api_key extension:env,Jonnie369/Bwm-,https://github.com/Jonnie369/Bwm-,config.env,config.env,https://github.com/Jonnie369/Bwm-/blob/e33d06c8a30350a14ab778fe726f2791736b8cb7/config.env,ff9381e7e0b33792e5f151bebcbb957b47a7b2b4
API Key,api_key extension:env,migosimoses/CODEBASE-GENIUS,https://github.com/migosimoses/CODEBASE-GENIUS,.env,agentic_codebase_genius/.env,https://github.com/migosimoses/CODEBASE-GENIUS/blob/bd7dc689e45c261db247d3e1f316df7a3b7bc9b1/agentic_codebase_genius/.env,2c2b7f5b609c31853f44be17bbabf8c29ea89ec3
API Key,api_key extension:env,keshav99raj/GreenCart,https://github.com/keshav99raj/GreenCart,.env,server/.env,https://github.com/keshav99raj/GreenCart/blob/833db1b96246a9bfb1f41bc879cd9f278e55e266/server/.env,34319bd080dae817141629b02b522c95733205e4
API Key,api_key extension:env,florentincondu/proiect-web,https://github.com/florentincondu/proiect-web,.env,backend/.env,https://github.com/florentincondu/proiect-web/blob/354247b91731dd7597a772d6cfeaada64e5900e7/backend/.env,2d1d4021129ddeca53838b45e23b9262474963d0
API Key,api_key extension:env,Dina1moh/AI-Contract-Review-App,https://github.com/Dina1moh/AI-Contract-Review-App,.env,backend/.env,https://github.com/Dina1moh/AI-Contract-Review-App/blob/cde16f45a0979cd0ccda58d0c5b5ef2bf652d354/backend/.env,44748a78cdd6b95aee98720867fc0f5092a9510d
API Key,api_key extension:env,zxcvbnmmohd/UberEats-Clone,https://github.com/zxcvbnmmohd/UberEats-Clone,.env,project/.env,https://github.com/zxcvbnmmohd/UberEats-Clone/blob/d5769dbbf6cba2a9d776dcb42c64d5c56d807a69/project/.env,78be3b0a1b768bc1411e5c4c16a37b57cb6a57f2
API Key,api_key extension:env,petepetersen423/Fintech-Workspace,https://github.com/petepetersen423/Fintech-Workspace,SAMPLE.env,M5/01-Three_Stock_Monte/Unsolved/SAMPLE.env,https://github.com/petepetersen423/Fintech-Workspace/blob/bbbd2ff78b81fc493cf9dd285e9a6f2ab73bb825/M5/01-Three_Stock_Monte/Unsolved/SAMPLE.env,f4484aa6018ead8c108b0330e95d46daf58010a4
API Key,api_key extension:env,JohnnySench/port-vue,https://github.com/JohnnySench/port-vue,.env,frontend/.env,https://github.com/JohnnySench/port-vue/blob/acfc652b1218025156b4f0079d9ce439005219a4/frontend/.env,678f70eb4dfa7eb1b6803fccef49553341db86cb
API Key,api_key extension:env,Samuelgit3919/EvangadiForum,https://github.com/Samuelgit3919/EvangadiForum,.env,front-end/.env,https://github.com/Samuelgit3919/EvangadiForum/blob/c17d5c3394cdf544ecde9133b88aa4223ca8400e/front-end/.env,65fa0ba98a582cb0d44dac2ded4c6dac58973201
API Key,api_key extension:env,ludiaz978/Full-Stock,https://github.com/ludiaz978/Full-Stock,.env,client/src/components/.env,https://github.com/ludiaz978/Full-Stock/blob/99e7b10db16dbb56d42879013bf72834498f9a58/client/src/components/.env,258fee0e7cf3c391a8b144eb3059159ef6d8ff36
API Key,api_key extension:env,sandarusadishan/Uni-Project,https://github.com/sandarusadishan/Uni-Project,.env,Uni-Project/backend/.env,https://github.com/sandarusadishan/Uni-Project/blob/a9cf7b26af3cbc15dfe24dd783298b374e14c010/Uni-Project/backend/.env,7290dad248820c0398e23a7538b96f7944ecb1e3
API Key,api_key extension:env,mfahadahmed2020/Panaversity-Learn-Agentic-Ai,https://github.com/mfahadahmed2020/Panaversity-Learn-Agentic-Ai,.env,01_Ai_Agents_First/01_UV_Project_01 & 02/.env,https://github.com/mfahadahmed2020/Panaversity-Learn-Agentic-Ai/blob/7dd313a80eba32f743668916700509c42a47bf00/01_Ai_Agents_First/01_UV_Project_01 & 02/.env,0377715f78db819e89fd5b98cfb9d52e75f7f56e
API Key,api_key extension:env,ravit-cohen-segev/horizon_scanning_lab,https://github.com/ravit-cohen-segev/horizon_scanning_lab,.env,Scrapers/twitter_RCS/.env,https://github.com/ravit-cohen-segev/horizon_scanning_lab/blob/7829638f6d89bf773a5cb0c10a7ffdd42fa4f7b6/Scrapers/twitter_RCS/.env,d56f302088d2b54bb4bfa7129f908b7356732c5f
API Key,api_key extension:env,Hori1234/worldmonitor-apps,https://github.com/Hori1234/worldmonitor-apps,.env,html_scraper_service/.env,https://github.com/Hori1234/worldmonitor-apps/blob/8538995125b0b0f318fe7f6769eaf6cd47589a1f/html_scraper_service/.env,ee626e36f185e285f20215dc7528f6b958c153c8
API Key,api_key extension:env,tanay0903/MERN_stack,https://github.com/tanay0903/MERN_stack,config.env,Backend-obfuscated/config/config.env,https://github.com/tanay0903/MERN_stack/blob/c07c9408c739d98c298916a37a0502dc123a0f3f/Backend-obfuscated/config/config.env,708b5af6d4ebaed543e476d80b9c0d9b70d49cb4
API Key,api_key extension:env,jersonsw/talents-api,https://github.com/jersonsw/talents-api,.env,.env,https://github.com/jersonsw/talents-api/blob/2fbe6d8f69fd3f9fb9e57ff93fed396fa89b6dd6/.env,a9528a581f57e7902ab4b293daaf81fef1e1e06c
API Key,api_key extension:env,sushr33nayak/ColdEmailGenerator,https://github.com/sushr33nayak/ColdEmailGenerator,.env,app/.env,https://github.com/sushr33nayak/ColdEmailGenerator/blob/4087d9a535fc357e16261597b5d13fb5936a148f/app/.env,0d9d5abbe990de8e0ecb7375cf9fd9066dc14ddd
API Key,api_key extension:env,bingreeky/GMemory,https://github.com/bingreeky/GMemory,template.env,template.env,https://github.com/bingreeky/GMemory/blob/7b581c51d993bd600df14691d101d7e601040cc6/template.env,73d6d401db0aa46b4a1360757bd5b6abe5e5564b
API Key,api_key extension:env,ronidas39/LLMtutorial,https://github.com/ronidas39/LLMtutorial,.env,tutorial50/.env,https://github.com/ronidas39/LLMtutorial/blob/8ebbab39223381bb263a50714686f51765974f06/tutorial50/.env,4e607212388f78774a6ef51c4e5af83fe6dfe9d7
API Key,api_key extension:env,kiva/aries-guardianship-agency,https://github.com/kiva/aries-guardianship-agency,dummy.env,dummy.env,https://github.com/kiva/aries-guardianship-agency/blob/50b17c6a8c360ae3f1e2ddbf959d9b15a6cdb3b3/dummy.env,89aa66465080f0bd922f33548c5e50cf5ee036e1
API Key,api_key extension:env,beingtmk/nodejs-starter-kit,https://github.com/beingtmk/nodejs-starter-kit,.env,packages/server/.env,https://github.com/beingtmk/nodejs-starter-kit/blob/1b9ef74670dfff4610550e3bd0bc37bf3c846f8e/packages/server/.env,c924f549ebd2207e4187b91ef02bfc788e81407e
API Key,api_key extension:env,13RTK/React-Concise-Course,https://github.com/13RTK/React-Concise-Course,.env,2026/weather-app/final-03/.env,https://github.com/13RTK/React-Concise-Course/blob/703f3ce031d8299d5e5e35648b253f6ba3d02b00/2026/weather-app/final-03/.env,9eaf6710e13155767bc6f1675481d638c01f5ff3
API Key,api_key extension:env,supabase/evals,https://github.com/supabase/evals,.env,evals/benchmark/deploy-functions-001-edge-function-secrets/local/.env,https://github.com/supabase/evals/blob/bdc7cdc59cc895c4aaf79a140b03c032a46d45ae/evals/benchmark/deploy-functions-001-edge-function-secrets/local/.env,1f2fd2957fc002436a9a37f31eb589ca351d4d05
API Key,api_key extension:env,Jupiterrr/buy-european,https://github.com/Jupiterrr/buy-european,template.env,template.env,https://github.com/Jupiterrr/buy-european/blob/40bd0dbec38d9accfca1ee4c2fe996de06eceb4b/template.env,9847a1df18c1ff8797ad55b83f8c3fc2afaedef8
API Key,api_key extension:env,neuro-symbolic-ai/lunar-bioverse-demo,https://github.com/neuro-symbolic-ai/lunar-bioverse-demo,lunarverse_config.env,lunarverse_config.env,https://github.com/neuro-symbolic-ai/lunar-bioverse-demo/blob/17fc22ec5556263b13455f65a169550793218b38/lunarverse_config.env,afd7fc3b2bfa0ced810f792fd28e2772ebce327b
API Key,api_key extension:env,vharatian/easypaper,https://github.com/vharatian/easypaper,sample.env,sample.env,https://github.com/vharatian/easypaper/blob/8d1222f5b4fc3608e179e5c1bab82cb224fc34f0/sample.env,1d6a3ad6744ad2160b723a99ad443c7d6542a4eb
API Key,api_key extension:env,moltin/Search-Lambdas,https://github.com/moltin/Search-Lambdas,.example.env,.example.env,https://github.com/moltin/Search-Lambdas/blob/d0e9f172e79d767dd7394ac9e2f98d4c1795c43e/.example.env,4eddf3d29bc09e238f64b98b810cf45f3af32c13
API Key,api_key extension:env,Fatumayattani/react-news-app,https://github.com/Fatumayattani/react-news-app,.env,.env,https://github.com/Fatumayattani/react-news-app/blob/f55337fa79f6943c0c3ed6418348530ffc31be78/.env,b653a2751dadda14f9feb63d4dfafbc253865786
API Key,api_key extension:env,Ridam15/CampusThreads,https://github.com/Ridam15/CampusThreads,.env,server/.env,https://github.com/Ridam15/CampusThreads/blob/670e9dbf94076789f597a5cb5c66d7e323e14b0d/server/.env,895961ff29a88c030ee3c900f0413b0491d5a954
API Key,api_key extension:env,lerisa1112/ExpenseManager,https://github.com/lerisa1112/ExpenseManager,.env,backend/.env,https://github.com/lerisa1112/ExpenseManager/blob/e4484ea76ee7200ccb3d694ee8a99d659ffe38b4/backend/.env,277daff5d0e980525456a8fa526dc7be6346a2a5
API Key,api_key extension:env,alexanderwiebe/learning-from-data,https://github.com/alexanderwiebe/learning-from-data,template.env,template.env,https://github.com/alexanderwiebe/learning-from-data/blob/d2f6a4f18a6be23dd38dc960f66c277d53ee3826/template.env,9847a1df18c1ff8797ad55b83f8c3fc2afaedef8
API Key,api_key extension:env,ataca3000/chasysAXR-,https://github.com/ataca3000/chasysAXR-,.env,apps/industrial-control/.env,https://github.com/ataca3000/chasysAXR-/blob/53ed19ec855f2a695c752438b00c4c4f85172c94/apps/industrial-control/.env,eeae66921d0525a4b82fc52904e8e57506a0540c
API Key,api_key extension:env,third-social/GoodMorning,https://github.com/third-social/GoodMorning,.env,.env,https://github.com/third-social/GoodMorning/blob/75bcce0e0c8140805fc507d274c1c378a7c21eb3/.env,1b029fc8484d8aea1e8aa40ef1636360996e8456
API Key,api_key extension:env,om-hub98/Realtime-Chat-Application,https://github.com/om-hub98/Realtime-Chat-Application,.env,.env,https://github.com/om-hub98/Realtime-Chat-Application/blob/7a88adec2db58759c17321f78d2cb4439ebe949a/.env,7c37ba137a7eae55f47c0a3edc57aa5ea9fc2ae9
API Key,api_key extension:env,abuk10252-jpg/UofK-Chem-finale,https://github.com/abuk10252-jpg/UofK-Chem-finale,.env,.env,https://github.com/abuk10252-jpg/UofK-Chem-finale/blob/feb435c9fd328382f719a85c371518264f76a6f3/.env,d8dba542ccdf1dd65a4cbc5642a2abf4218c8fc1
API Key,api_key extension:env,DevanshS9881/Pradarsh_Backend,https://github.com/DevanshS9881/Pradarsh_Backend,.env,.env,https://github.com/DevanshS9881/Pradarsh_Backend/blob/35183fe22bff0452f53a10c3a4a142d252cedb40/.env,bc50201565cde5071f49884494aae35528c58791
API Key,api_key extension:env,Abhi6537/AtmosAI,https://github.com/Abhi6537/AtmosAI,.env,.env,https://github.com/Abhi6537/AtmosAI/blob/31fc60ebe5903959bf46f10e92e34884879ee6be/.env,3c036402a9541bdff82ae455d85eae5034e9ba81
API Key,api_key extension:env,sampada010/Hospital-Management-Backend,https://github.com/sampada010/Hospital-Management-Backend,.env,.env,https://github.com/sampada010/Hospital-Management-Backend/blob/38d2a7257e9d7a9edf8320df758d1a4ed0571967/.env,3519341fa2174600f5d3da1dbf72c00e233c2464
API Key,api_key extension:env,Helvis-Ibis/New_wab,https://github.com/Helvis-Ibis/New_wab,.env,.env,https://github.com/Helvis-Ibis/New_wab/blob/d3dbe082f8b24ce89417565a3ca5286b8552411f/.env,a5d37bbfdf8822b91e3f479a136105ad8dcaf998
API Key,api_key extension:env,billiweb/memo-app-lv4,https://github.com/billiweb/memo-app-lv4,.env,.env,https://github.com/billiweb/memo-app-lv4/blob/bbfe7e9b943e13e15c5e65b0d7b9ea0ea6aa6bdc/.env,bc8e0e831d619f4de0c27fc933d1b0b0e1c4a824
API Key,api_key extension:env,sawyersec/uds-tcp-graphql,https://github.com/sawyersec/uds-tcp-graphql,.env,.env,https://github.com/sawyersec/uds-tcp-graphql/blob/c2900e9b87bac584bd5454477111177c733f5648/.env,e423d37fe353ebebe171665f2733b59723bc9c46
API Key,api_key extension:env,danielminji/luqman_honda,https://github.com/danielminji/luqman_honda,.env,.env,https://github.com/danielminji/luqman_honda/blob/913f7a3adaa906fd863ad1be414a6259fa21aa55/.env,02c729e04bce0d55ee2c41f48ccdb71e835b702d
API Key,api_key extension:env,hallaymstore/store,https://github.com/hallaymstore/store,.env,.env,https://github.com/hallaymstore/store/blob/757f205a64a12422317d509bbbacd85dd38b5b4a/.env,2fb1bb101a746aa4cc48c759fcfb82ae17dfa2c6
API Key,api_key extension:env,shhiivvaam/VeiledViews,https://github.com/shhiivvaam/VeiledViews,.env,.env,https://github.com/shhiivvaam/VeiledViews/blob/4e06a0f125696cf99059be6361b849ee42a56adc/.env,4e4e1816a09a28d3b04d41a9fd7fb5373d46e6ce
API Key,api_key extension:env,KunalPrajapati/Ai-article-summarizer,https://github.com/KunalPrajapati/Ai-article-summarizer,.env,.env,https://github.com/KunalPrajapati/Ai-article-summarizer/blob/dfa487d5e79d84aa49339e7540937a895742a6f8/.env,accb784331796b00b7d955cbc9656d3c93747bc1
API Key,api_key extension:env,7d7s/mct-21,https://github.com/7d7s/mct-21,.env,.env,https://github.com/7d7s/mct-21/blob/4a9cd562a11bcccf7f3fec6539512ff100bf81d3/.env,20c559e85bc6ef1233a5d26d0913d673f3b39259
API Key,api_key extension:env,DevGabriel0402/mvp-agendamentos,https://github.com/DevGabriel0402/mvp-agendamentos,.env,.env,https://github.com/DevGabriel0402/mvp-agendamentos/blob/6d43457f9702cb4bf25a0e87b6ceab826a55436d/.env,594d890ed0f1e5829a62101b8f2292aabe4764d9
API Key,api_key extension:env,karishma-28/BookRecomendatio-System,https://github.com/karishma-28/BookRecomendatio-System,.env,.env,https://github.com/karishma-28/BookRecomendatio-System/blob/56a1e93a0cbb5a35f3f8f8d6a282f5f3571c5520/.env,3ef581895d8cc63afd80cc77212dae9d23affbcc
API Key,api_key extension:env,nedufari/charity-app,https://github.com/nedufari/charity-app,.env,.env,https://github.com/nedufari/charity-app/blob/7505f452002c704c27a31c38fd34e93b269c13c6/.env,ad005cd74c07993de509d9eecc1015aff8e06a36
API Key,api_key extension:env,Longt00/appointment,https://github.com/Longt00/appointment,.env,.env,https://github.com/Longt00/appointment/blob/0ab8532aa176da497ddf87d7f261a73bc9bdb818/.env,dc932d804ead91fabfd04c1e487e640aaea1d6e6
API Key,api_key extension:env,AbineshGS/youtube_summarizer_gemini,https://github.com/AbineshGS/youtube_summarizer_gemini,.env,.env,https://github.com/AbineshGS/youtube_summarizer_gemini/blob/213396ee84fd4b83c95b932f949c2cddad00c38f/.env,bee995c8e88d0954cbaade52eb28564eeee8583c
API Key,api_key extension:env,vimalranacs/syllabus-tracker,https://github.com/vimalranacs/syllabus-tracker,.env,.env,https://github.com/vimalranacs/syllabus-tracker/blob/3d72f86704a14306f30e9f19d0bf88b312980af0/.env,45491620adef9f17690d3eb982e3771882dd2085
API Key,api_key extension:env,mkd21/OMDB-movie-app,https://github.com/mkd21/OMDB-movie-app,.env,.env,https://github.com/mkd21/OMDB-movie-app/blob/a597dce40b7243ceaed306f3d84cf26a1ef39435/.env,cf6a70539d893916353cc1c0765cd48a268e4c09
API Key,api_key extension:env,shenganwS2024/Emergency-Social-Network-Application,https://github.com/shenganwS2024/Emergency-Social-Network-Application,.env,.env,https://github.com/shenganwS2024/Emergency-Social-Network-Application/blob/a53a5d1ac542dc03d1ccf22f2b7ca4cff7fb7b13/.env,1c9394d4be2d31262d71576bbdbd0e56509c132f
API Key,api_key extension:env,EMESIS78/taxi-estrella-app-driver,https://github.com/EMESIS78/taxi-estrella-app-driver,.env,.env,https://github.com/EMESIS78/taxi-estrella-app-driver/blob/c8543693276aaee6b86ed52870ea6ad25bf6a0d8/.env,f225bd0812c8bf825a02b2be822b794aa38d0132
API Key,api_key extension:env,dgquail/api-django-rest-mariadb,https://github.com/dgquail/api-django-rest-mariadb,.env,.env,https://github.com/dgquail/api-django-rest-mariadb/blob/afe1baf71584083efad0540b6f510ebbb199df1a/.env,d77b93904ef1709e418257fa46cfc8f9fbdc5789
API Key,api_key extension:env,Joothis/textgen-gpt2,https://github.com/Joothis/textgen-gpt2,.env,.env,https://github.com/Joothis/textgen-gpt2/blob/df1fb002191c31c9204b0655207a36dd6c752aa0/.env,a504a6c7b4a86126cd248b89ee052a275cb5b5df
API Key,api_key extension:env,JunpengLiu7/Project_A,https://github.com/JunpengLiu7/Project_A,.env,.env,https://github.com/JunpengLiu7/Project_A/blob/6c69d91466cf910cd103f6a6ae781ba7019bb6e7/.env,ba188ddbfbd0764f03ee8c457e6d7223c0e9e989
API Key,api_key extension:env,yudhawahyup27/negaragame,https://github.com/yudhawahyup27/negaragame,.env,.env,https://github.com/yudhawahyup27/negaragame/blob/c20b34bf000b5433607d614488e7367ead418598/.env,42ea38e58cadc7fea17cf52cbcd65fe68f20ea98
API Key,api_key extension:env,sat-yam-pandey/place-finder-app,https://github.com/sat-yam-pandey/place-finder-app,.env,.env,https://github.com/sat-yam-pandey/place-finder-app/blob/d527f7442b13de3300fff254c44180623513ee76/.env,baf31c131125681f28d9846bb4613b6678765eb8
API Key,api_key extension:env,AlirizaBagdat/Movie-Search,https://github.com/AlirizaBagdat/Movie-Search,.env,.env,https://github.com/AlirizaBagdat/Movie-Search/blob/21d84729badf510da5624c6d5f096c5a33209c0e/.env,b858fad5eaeddd7ec57bdb612f002161359f29b9
API Key,api_key extension:env,BukiOffor/BUSDhandler,https://github.com/BukiOffor/BUSDhandler,.env,chain/.env,https://github.com/BukiOffor/BUSDhandler/blob/42dc939425d562350072410a8a1984f16b6113e4/chain/.env,f0708ecadddf714e906ca58782eb79e4ebd33c2a
API Key,api_key extension:env,wyattford/YT-Discord-Bridge,https://github.com/wyattford/YT-Discord-Bridge,example.env,example.env,https://github.com/wyattford/YT-Discord-Bridge/blob/2f9c94288173ad5850b977f1dd282a7a999006f8/example.env,99ec96483500b4740e9706866d5617942e2d37f7
API Key,api_key extension:env,hoanglam790/Grocery_Store,https://github.com/hoanglam790/Grocery_Store,.env,server/.env,https://github.com/hoanglam790/Grocery_Store/blob/edd7455257f5c0819ec8bb88e1f5a22f44dcf3ac/server/.env,fa223410a6bfff800549bff5e787ab05967fd27c
API Key,api_key extension:env,LuluBeatson/utils,https://github.com/LuluBeatson/utils,template.env,template.env,https://github.com/LuluBeatson/utils/blob/3fa843441beb915bf0a73e0b6de173d62df0480e/template.env,9847a1df18c1ff8797ad55b83f8c3fc2afaedef8
API Key,api_key extension:env,mtuntang/Celebrity-Chef-GPT,https://github.com/mtuntang/Celebrity-Chef-GPT,.env,backend/.env,https://github.com/mtuntang/Celebrity-Chef-GPT/blob/861eb8bf6780ee3e6baf94363bc910a38ef55612/backend/.env,707eb205b166b3735963d0aea1888e04e1a60afb
API Key,api_key extension:env,Fred-pounds/agentic-vision,https://github.com/Fred-pounds/agentic-vision,.env,backend/.env,https://github.com/Fred-pounds/agentic-vision/blob/97cbd6f8cac12047368bd38314ec80de11072f48/backend/.env,43dd90f24a9ee263d723f5b8472ed4fdafc392f0
API Key,api_key extension:env,Jaacern/Astrozuri,https://github.com/Jaacern/Astrozuri,.env,backend/.env,https://github.com/Jaacern/Astrozuri/blob/67f6edf33b4e04abbca3ee2253fdc1d4c162d866/backend/.env,b1b8d03e5781e07cec30cb1bd6e6c815c9285656
API Key,api_key extension:env,MaximilianLS98/contractagent,https://github.com/MaximilianLS98/contractagent,.example.env,.example.env,https://github.com/MaximilianLS98/contractagent/blob/2c68a45cf5474973b2a5963f9a8de85babac7ab0/.example.env,08d0e27e8cf3b73e51d0329becda4384a5b6249f
API Key,api_key extension:env,Dhanush-Kumar-001/Prompt-to-Simple-Vision-Model,https://github.com/Dhanush-Kumar-001/Prompt-to-Simple-Vision-Model,.env,backend/.env,https://github.com/Dhanush-Kumar-001/Prompt-to-Simple-Vision-Model/blob/e3c232b6d2fd67bd175e7e035020ad0e09d9d4d1/backend/.env,98a5c16cf4db4ae633f977074627de745310ee33
API Key,api_key extension:env,NikilNair/Decentralized-Exchange,https://github.com/NikilNair/Decentralized-Exchange,.env,SpotValue/.env,https://github.com/NikilNair/Decentralized-Exchange/blob/3018e5ba1d669cb7443ceb7f9e89d8730cd4e68e/SpotValue/.env,156a3ba2a54c6fb91caba1130751f5c2e5cf68aa
API Key,api_key extension:env,cweiting731/CourseLens,https://github.com/cweiting731/CourseLens,secret.env,Code/secret.env,https://github.com/cweiting731/CourseLens/blob/2d199f4063187b0aa475e22fa6613067ef6399cc/Code/secret.env,06d3b108ef7f0720052b644362a2377f3f738b20
API Key,api_key extension:env,mohammed0abbas/task,https://github.com/mohammed0abbas/task,.env,vuetify_task/.env,https://github.com/mohammed0abbas/task/blob/554144a5dceb3dd561002bf8c298b58579957120/vuetify_task/.env,da7860cb525d4e5e25fdd9441583937fb0637ecc
API Key,api_key extension:env,jeevakalaiselvam/node-express-react-steam-wrapper,https://github.com/jeevakalaiselvam/node-express-react-steam-wrapper,config.env,server/config.env,https://github.com/jeevakalaiselvam/node-express-react-steam-wrapper/blob/29a0ba1ba137a27a8891fa71a4dfe6fe2860e047/server/config.env,7d2badb3eb77d27786ee7e22ffcee59e9ee96bae
API Key,api_key extension:env,YethishPoojarira-bit/Ai-Support-Companion,https://github.com/YethishPoojarira-bit/Ai-Support-Companion,.env,SemanticKernal/.env,https://github.com/YethishPoojarira-bit/Ai-Support-Companion/blob/ac1ffbda245af4ac6092f779585d53d3cc94db09/SemanticKernal/.env,3638dfdc23a2ccb314fe4f0f7fcedfd7974e7174
API Key,api_key extension:env,eip-public/eip-hermes,https://github.com/eip-public/eip-hermes,defaults.env,installers/hermes/defaults.env,https://github.com/eip-public/eip-hermes/blob/4e7d2789d82795249eeab0d27384edda3ad02894/installers/hermes/defaults.env,91a3e11cf6359c7771d2cc969134381024702c70
API Key,api_key extension:env,sairamanuja/Vastra,https://github.com/sairamanuja/Vastra,example.env,frontend/example.env,https://github.com/sairamanuja/Vastra/blob/2b4aacfc5f6fe17ed725b5bef012e91e4654f329/frontend/example.env,5fba52d1879aa1e082551496602790dca360da30
API Key,api_key extension:env,vatsalver/Practice-Codes,https://github.com/vatsalver/Practice-Codes,.env,dalle clone/server/.env,https://github.com/vatsalver/Practice-Codes/blob/bc55201ba4a464c9c300193e2cc6243a94ab580b/dalle clone/server/.env,1c01fc29154c44bc180ac51099e6f60fe045aef3
API Key,api_key extension:env,joy-void-joy/ai-capabilities-and-risk-demo-hackbook,https://github.com/joy-void-joy/ai-capabilities-and-risk-demo-hackbook,.env,python/3_phonebot_custom_llm/.env,https://github.com/joy-void-joy/ai-capabilities-and-risk-demo-hackbook/blob/3816245a4e149c5d267811718f60c42a6ce500a9/python/3_phonebot_custom_llm/.env,4c71be9ab4f188d2d8584fc6304736318476bf5d
API Key,api_key extension:env,TRADELYBOX/backend_apis,https://github.com/TRADELYBOX/backend_apis,.env,.env,https://github.com/TRADELYBOX/backend_apis/blob/f19e737a987fbca158ae1106c9102e0fe7ca55aa/.env,21ad56cd0f5bc93c4c25d5636ced556ec2183276
API Key,api_key extension:env,saksham1059/hikashow-app,https://github.com/saksham1059/hikashow-app,.env,.env,https://github.com/saksham1059/hikashow-app/blob/49e6d23d8667345a83da877f95f72ecfe6826560/.env,6b91f299020f09468cf6eac6f450f51c3f11c3da
API Key,api_key extension:env,funnymirrors/FUNNY_MIRRORS_6.1,https://github.com/funnymirrors/FUNNY_MIRRORS_6.1,.env,.env,https://github.com/funnymirrors/FUNNY_MIRRORS_6.1/blob/232ac4f675d1f8d525fb8c064d9623bfc8527710/.env,042b997a8ecf25eed3ba18d86e77e398675b5204
API Key,api_key extension:env,rem-org/jaru-cej,https://github.com/rem-org/jaru-cej,.env,.env,https://github.com/rem-org/jaru-cej/blob/d51c68417d4475b82f988d5596d064a4c0d5c4b7/.env,0683aa6e66970853a0f3ba47984ae92d5df88aa9
API Key,api_key extension:env,rudraPratapSing-H/iet_davv_library_ai,https://github.com/rudraPratapSing-H/iet_davv_library_ai,.env,.env,https://github.com/rudraPratapSing-H/iet_davv_library_ai/blob/b0e8c6dd88805454dcce991f2813dad2f0e0e209/.env,af0b4f5f288b9adf08f7b3de50afa38d47ad9694
API Key,api_key extension:env,Best-Boun/Backend,https://github.com/Best-Boun/Backend,.env,.env,https://github.com/Best-Boun/Backend/blob/c84d73cc901e1a4e3a713341d524ef1c294b4a79/.env,54d5c7ac6fe0cf22c8615a73d788f1545c7a9774
API Key,api_key extension:env,Aniket17200/new-app-dateGenze,https://github.com/Aniket17200/new-app-dateGenze,.env,.env,https://github.com/Aniket17200/new-app-dateGenze/blob/03184e910617f1265497e61745dc9e26ac52f720/.env,a7c0854c0d886ed135ca42d99763a27470788e25
API Key,api_key extension:env,Kumo000/CourseKnight,https://github.com/Kumo000/CourseKnight,.env,.env,https://github.com/Kumo000/CourseKnight/blob/37c31a854ac7bd8371b57044cc118a3bde1d6840/.env,bb98706dd35c507a6117c0c6de1a1bb2398dda51
API Key,api_key extension:env,Husain7809/Ecommerce_MERN,https://github.com/Husain7809/Ecommerce_MERN,config.env,backend/config/config.env,https://github.com/Husain7809/Ecommerce_MERN/blob/68a103b5f096f2ee2528039ddcccdbeb18ed963f/backend/config/config.env,1eaf2ef823f75efcb492023805ea04106ca18b20
API Key,api_key extension:env,mustafa-oezdemir/symfony-express,https://github.com/mustafa-oezdemir/symfony-express,.env,.env,https://github.com/mustafa-oezdemir/symfony-express/blob/e3c7a11e4fe059c91c5e9660ba1bc27d3197cf4a/.env,7968edb1887cc7bc5be80a2db877307a1dd8e329
API Key,api_key extension:env,FossXpert/MERN,https://github.com/FossXpert/MERN,.env,100x/udemy-pro/backend/.env,https://github.com/FossXpert/MERN/blob/09cc1eeca55f53c132a8a4bb4f58892ab1b98926/100x/udemy-pro/backend/.env,5f20851ef50310ee5d1813576d406d34ae2ecb27
API Key,api_key extension:env,Amarnath-S02/SkillBridge,https://github.com/Amarnath-S02/SkillBridge,.env,api/.env,https://github.com/Amarnath-S02/SkillBridge/blob/635f48d2235fb9991f41a0469732f56b922d8011/api/.env,e88aabb505b86c5bd7c6f7a69fa5cb497eb1016f
API Key,api_key extension:env,chchenhui/fabscore,https://github.com/chchenhui/fabscore,sample.env,fars_papers/escrowed-batch-reveal-proposal-bias/exp/multi-agent-marketplace/sample.env,https://github.com/chchenhui/fabscore/blob/02b4a474ada3afc0796270b420d2715d064b1c1e/fars_papers/escrowed-batch-reveal-proposal-bias/exp/multi-agent-marketplace/sample.env,a56139cce8c13db8f2a66ee32ccbf84cea43c637
API Key,api_key extension:env,didaco97/Bhuja.IO_SIH2024,https://github.com/didaco97/Bhuja.IO_SIH2024,.env,ChatBot/bot.dida - CopyTS/.env,https://github.com/didaco97/Bhuja.IO_SIH2024/blob/30c008c0eaf184b6e311a7a4875c3767e8993918/ChatBot/bot.dida - CopyTS/.env,12b3c290775db86cc7a9ecf70eb54bb29a85243b
API Key,api_key extension:env,ChiorgloNichita/React-Native,https://github.com/ChiorgloNichita/React-Native,.env,myApp/.env,https://github.com/ChiorgloNichita/React-Native/blob/9e34fbd4f64ae22d04f1997274f369a2e1f6dd78/myApp/.env,95a2be59053028b95c49a3e7946a19bccbad0f62
API Key,api_key extension:env,sury-dev/Disaster-Management-System,https://github.com/sury-dev/Disaster-Management-System,.env,server/.env,https://github.com/sury-dev/Disaster-Management-System/blob/51d7d9d1fad373ed64af9ad0beb7286baf44b8e8/server/.env,60c539fa9ccaa4ef18587c63c6e13a7db89e16ab
API Key,api_key extension:env,Tejaswgupta/tracktrail,https://github.com/Tejaswgupta/tracktrail,.env,backend/.env,https://github.com/Tejaswgupta/tracktrail/blob/f418287a714f3a0423bb9efc33363d90e9ec13e1/backend/.env,665b68390e5f6943affe95d9c9cd04b31487ec82
API Key,api_key extension:env,quangngthanh/digital-humans,https://github.com/quangngthanh/digital-humans,.env,backend/.env,https://github.com/quangngthanh/digital-humans/blob/9f54364e0ffe595c2cb06f042c7bccc251650465/backend/.env,b55bcdf5b5fc11e1dc8ee7dc92feb5e777f60bd6
API Key,api_key extension:env,amitkumarsingh01/GMS_Edutech,https://github.com/amitkumarsingh01/GMS_Edutech,.env,backend/.env,https://github.com/amitkumarsingh01/GMS_Edutech/blob/89ef7f37551f99cd8e6d41bee52c5e348798764c/backend/.env,0b98296e1cb8ab40755d406c8230e15a1ae6bffd
API Key,api_key extension:env,ValentinaRoy/dog-adoption-app,https://github.com/ValentinaRoy/dog-adoption-app,.env,backend/.env,https://github.com/ValentinaRoy/dog-adoption-app/blob/e4f74bd02ff57d79d24738612ad2bef0bd761ad8/backend/.env,9f57a3f000e976409b6b891d42eacf4ff0124bc4
API Key,api_key extension:env,MelvinoRizky/BI-RIS-InternBI,https://github.com/MelvinoRizky/BI-RIS-InternBI,.env,backend/.env,https://github.com/MelvinoRizky/BI-RIS-InternBI/blob/02c6e67a8698a4ca71b41b40804ad3aa1a809c00/backend/.env,0dd2bd22259626dd8f46334c72f624ed8b3debe6
API Key,api_key extension:env,gpocil/scraping---tomexplore,https://github.com/gpocil/scraping---tomexplore,.env,Back-end/.env,https://github.com/gpocil/scraping---tomexplore/blob/5465a70b2002e42224b0d9d978a1e9b62afcc5e0/Back-end/.env,901149a7e594a6d0ae0ce667b0220c273e5dfd43
API Key,api_key extension:env,xoxo08/Auditor,https://github.com/xoxo08/Auditor,.env,seo-auditor/.env,https://github.com/xoxo08/Auditor/blob/498165697cbffcafe1fadc2050a3a1534481e406/seo-auditor/.env,eb4af18ad83bb0475faaa4df07abaff4b57c4506
API Key,api_key extension:env,trishan9/Node-101,https://github.com/trishan9/Node-101,.env,day_19&20&21/.env,https://github.com/trishan9/Node-101/blob/0bbdc0b4e3865648af14df688421393c373fd15a/day_19&20&21/.env,783551342a2939786d61beae24c3b3d7cf9e98e1
API Key,api_key extension:env,DockOrae/DockOrae-Apps,https://github.com/DockOrae/DockOrae-Apps,.env,apps/vllm/nvidia-gb10-dspark-0.1.1/.env,https://github.com/DockOrae/DockOrae-Apps/blob/e3e8ecdeaa92ed4e5e03505b05dca5251cf22d4b/apps/vllm/nvidia-gb10-dspark-0.1.1/.env,813452465fd559152811bc993ff6b6e0eee96ab0
API Key,api_key extension:env,Khoa-Dam/bookticket,https://github.com/Khoa-Dam/bookticket,.example.env,Backend/.example.env,https://github.com/Khoa-Dam/bookticket/blob/9a7a05e3b1705817d556f21a9d74ae7063b97376/Backend/.example.env,3919e84b18d45f45bc3afabeb23ba483e1f3974f
API Key,api_key extension:env,Mdh1229/IMPACT_NAVIGATION_PROTOTYPE__V002,https://github.com/Mdh1229/IMPACT_NAVIGATION_PROTOTYPE__V002,.env,campaign_optimizer/app/.env,https://github.com/Mdh1229/IMPACT_NAVIGATION_PROTOTYPE__V002/blob/ad51d827409601b6e70855f17d4193ee61a5ecda/campaign_optimizer/app/.env,14715f14aa50ce96bc0df7326b1bfd5759e766a2
API Key,api_key extension:env,aman1521coder/berhan_bank_vacancy,https://github.com/aman1521coder/berhan_bank_vacancy,.env,Documents/upwork_fairy/.env,https://github.com/aman1521coder/berhan_bank_vacancy/blob/ac80ad8fd2342d2e61bee0986cfa622776305a4e/Documents/upwork_fairy/.env,dba40e24033013ecb5366398d7b4532bd1360c41
API Key,api_key extension:env,NeoListen/magic-stream-movies,https://github.com/NeoListen/magic-stream-movies,.env,server/magic-stream-movies-server/.env,https://github.com/NeoListen/magic-stream-movies/blob/8043e904c7395e5d3c6c98bf8c3bbfbca101e7a6/server/magic-stream-movies-server/.env,af9d7ce5fe17f9bd863e803221873fc7d8bb5466
API Key,api_key extension:env,Alexander-Evans-Moncloa/ros2-gazebo-ur5-box-mover,https://github.com/Alexander-Evans-Moncloa/ros2-gazebo-ur5-box-mover,colcon_command_prefix_build.sh.env,build/ur_simulation_gazebo/colcon_command_prefix_build.sh.env,https://github.com/Alexander-Evans-Moncloa/ros2-gazebo-ur5-box-mover/blob/2045ade5b858412768dd411763b5dbb125f33a60/build/ur_simulation_gazebo/colcon_command_prefix_build.sh.env,4c6f606c9a4c00bf05267697472616a91660909b
API Key,api_key extension:env,Qiao-Paper/fittrack,https://github.com/Qiao-Paper/fittrack,.env,fittrack/fitness_project/my_fitness_project/.env,https://github.com/Qiao-Paper/fittrack/blob/1df74f046d938b46102e329cb3767d4d5d103421/fittrack/fitness_project/my_fitness_project/.env,186f04c23c4dd5732717fe49a631be21b933f9ef
API Key,api_key extension:env,hula32/SW-expertacademy,https://github.com/hula32/SW-expertacademy,.env,SSAFY/실습문제/0801 프로젝트/pjt-02/도서/skeleton/Example/.env,https://github.com/hula32/SW-expertacademy/blob/dff8b7e20f42a6c8342dcdbdf3b7c5b8aa5fb68a/SSAFY/실습문제/0801 프로젝트/pjt-02/도서/skeleton/Example/.env,46ca7289b84780b38d7b6339ce9d8d3d195d9983
API Key,api_key extension:env,edieblu/RGSoC,https://github.com/edieblu/RGSoC,example.env,prep/react/code/advanced-components/components-cookbook/example.env,https://github.com/edieblu/RGSoC/blob/e83b92c27129afe4cd3ed79ed01b4704c6a78dd2/prep/react/code/advanced-components/components-cookbook/example.env,99f1292300c348ab0e0d00891b325b3b07abf19c
API Key,api_key extension:env,jayshekh/zomatoreel,https://github.com/jayshekh/zomatoreel,.env,Backend/.env,https://github.com/jayshekh/zomatoreel/blob/06abf8205f0b4121480ed2494edb20348634b36b/Backend/.env,bbb62316bc574ce2b48a8b4e8153422a79d48579
API Key,api_key extension:env,tusbar/babel-plugin-dotenv-import,https://github.com/tusbar/babel-plugin-dotenv-import,.env,__tests__/__fixtures__/as-alias/.env,https://github.com/tusbar/babel-plugin-dotenv-import/blob/04a3ad8b0c887306ccf65d0203a6370d0555dc2e/__tests__/__fixtures__/as-alias/.env,0a8c6a9a059df83b3f42260cd1d536c9bfc2efbf
API Key,api_key extension:env,vueadmin/VibeGuard,https://github.com/vueadmin/VibeGuard,.env,test-samples/.env,https://github.com/vueadmin/VibeGuard/blob/51da51640b82d01a2c1e9ed12d0decfee0a8975c/test-samples/.env,0b985bd9e4a1ccfee8957a5c4594e7d017bb3e4b
API Key,api_key extension:env,OmarSharaf/LaunchKit,https://github.com/OmarSharaf/LaunchKit,ci.env,.github/ci.env,https://github.com/OmarSharaf/LaunchKit/blob/ebf59ed1dae3c31c79e7f4c9b3086ea06c5b1194/.github/ci.env,a263958ef542ba005d256dc2a05668451a1d698b
API Key,api_key extension:env,DriftingSands/social-poly-final-project,https://github.com/DriftingSands/social-poly-final-project,dev.env,env/dev.env,https://github.com/DriftingSands/social-poly-final-project/blob/e1cea195212a9e36637f4b6926e00b4fe5bf7699/env/dev.env,1da8a932cd72671813428b9c9e81fd88a586f963
API Key,api_key extension:env,chaitin/veinmind-tools,https://github.com/chaitin/veinmind-tools,.env,plugins/go/veinmind-malicious/embed/scripts/.env,https://github.com/chaitin/veinmind-tools/blob/b5b2af53f44eec2f77d01f9bfb0c379700edc68c/plugins/go/veinmind-malicious/embed/scripts/.env,dd1ab6e38afe6ff87a0c897ec8b899dc94656476
API Key,api_key extension:env,epicweb-dev/web-auth,https://github.com/epicweb-dev/web-auth,.env,exercises/10.email/03.problem.send/.env,https://github.com/epicweb-dev/web-auth/blob/87f02437b6dde4550903bf17bd530359f5d59ff7/exercises/10.email/03.problem.send/.env,fb3e0269b72c52a330c67e88fb5359a9da4041cc
API Key,api_key extension:env,NetWatch-team/SSH-AttackPod,https://github.com/NetWatch-team/SSH-AttackPod,template.env,template.env,https://github.com/NetWatch-team/SSH-AttackPod/blob/00cce5dbeb82b5c6188b973fe926563abc94843e/template.env,aa805864582159b5aa6aa5fa258cf6de83e30356
API Key,api_key extension:env,TamerKhraisha/FinancialDataEngineering,https://github.com/TamerKhraisha/FinancialDataEngineering,.env,conferences/DSC2024/.env,https://github.com/TamerKhraisha/FinancialDataEngineering/blob/88ff03b1349d7df51ec51afcddd3fc60803c38d6/conferences/DSC2024/.env,c38025262ba1c8857ef071b142b273f026549e62
API Key,api_key extension:env,GuoCoder/ai-app,https://github.com/GuoCoder/ai-app,.env,llm-rag/tutorial/08.改进-基于Faiss的大模型知识索引构建/.env,https://github.com/GuoCoder/ai-app/blob/1f2ceb613fe251a5a16e49d887dec1ca5fe86aa3/llm-rag/tutorial/08.改进-基于Faiss的大模型知识索引构建/.env,fe339372fb37c6ab4d67264db28b5e462c4723d2
API Key,api_key extension:env,ImperialCollegeLondon/imap-pipeline-core,https://github.com/ImperialCollegeLondon/imap-pipeline-core,defaults.env,defaults.env,https://github.com/ImperialCollegeLondon/imap-pipeline-core/blob/4b34811d58ef26a12a2f0e52ff12a08360c5ccae/defaults.env,b5bf70bd2688faa50e1657aa9232b5863bf6f2ee
API Key,api_key extension:env,daily-demos/app-message,https://github.com/daily-demos/app-message,example.env,example.env,https://github.com/daily-demos/app-message/blob/bd8c480b4b5d231b0b85e5011c1e94fd1f8c5237/example.env,d8baee40dd63a5741075bccaa82c2a4e7ae11dae
API Key,api_key extension:env,garysng/comfyless,https://github.com/garysng/comfyless,production.env,deploy/production.env,https://github.com/garysng/comfyless/blob/5dd50dfaed415ffe105c2015de33185cd8417819/deploy/production.env,fce0d72de97edc0c3f74d736667a6cf70cd1ffee
API Key,api_key extension:env,Pum2A/react-crypto,https://github.com/Pum2A/react-crypto,.env,.env,https://github.com/Pum2A/react-crypto/blob/5d89b781f3832c9f3f5fc818ed8729092caf854a/.env,343eceb69d3cd241b4e3f7e84ee96c9aa978b6d3
API Key,api_key extension:env,papireddy903/crowdfunding,https://github.com/papireddy903/crowdfunding,.env,.env,https://github.com/papireddy903/crowdfunding/blob/04ed4210a47a6744080133dc4f13417cec8acdba/.env,f1b285d37ffa6e1577b89e3e03fc38384e74dfe9
API Key,api_key extension:env,chandra-mukherjee/DeepMediScan_Smart-Assistant-for-Medical-Imaging,https://github.com/chandra-mukherjee/DeepMediScan_Smart-Assistant-for-Medical-Imaging,.env,.env,https://github.com/chandra-mukherjee/DeepMediScan_Smart-Assistant-for-Medical-Imaging/blob/be4a02d09eade0ea7790910919727e3477a5cdac/.env,8f9504204b25b3a9e98c8226d87fc9bf5cd875d2
API Key,api_key extension:env,98o718/movie-picker,https://github.com/98o718/movie-picker,.env,.env,https://github.com/98o718/movie-picker/blob/9eada069206b371902548e10fa34178c12db5b0e/.env,db19c3f39814c8c2d4432253813af439c8686209
API Key,api_key extension:env,platykurtic-icu/real_time_dashboarding,https://github.com/platykurtic-icu/real_time_dashboarding,.env,superset_setup/docker/.env,https://github.com/platykurtic-icu/real_time_dashboarding/blob/f71d568cb3942472970b5b12c62f81b6203830d7/superset_setup/docker/.env,5cb16d611a14c7aa21aa9f29f1f5a9e5305adf79
API Key,api_key extension:env,KiwiCSE112/kiwi,https://github.com/KiwiCSE112/kiwi,development.env,src/config/development.env,https://github.com/KiwiCSE112/kiwi/blob/ae2a40335f1785b44291c2491896271458c03cf7/src/config/development.env,a547191c321c12cff7f5ce08901220e9bfec9a0f
API Key,api_key extension:env,zech-crannigan/prefect-weather-data-pipeline,https://github.com/zech-crannigan/prefect-weather-data-pipeline,sample.env,sample.env,https://github.com/zech-crannigan/prefect-weather-data-pipeline/blob/36ef506a489caf6e8e6fb56dc5645eec63c787b5/sample.env,3599a10875555b3c9ac250cd21278c6304a4b30b
API Key,api_key extension:env,platykurtic-icu/iot_streaming_analytics,https://github.com/platykurtic-icu/iot_streaming_analytics,.env,superset_setup/docker/.env,https://github.com/platykurtic-icu/iot_streaming_analytics/blob/e11cae7f5007e06f62b5b0a21efcb2d7767ae63a/superset_setup/docker/.env,5cb16d611a14c7aa21aa9f29f1f5a9e5305adf79
API Key,api_key extension:env,tariqkistan/Aelora,https://github.com/tariqkistan/Aelora,.env,lambda/.env,https://github.com/tariqkistan/Aelora/blob/e433028a9875ed0874fb867bb7b47f06d1d84bf2/lambda/.env,e570b8b55999053e360c4e80f83f14881b17966f
API Key,api_key extension:env,marcosfarias2023/docker-supabase,https://github.com/marcosfarias2023/docker-supabase,.env,studio/.env,https://github.com/marcosfarias2023/docker-supabase/blob/4b7216fb2e62a06ca7aded554436560b5d381ea1/studio/.env,4de7d26d76e60dd54c6943d27aa63ea5ac6bdbff
API Key,api_key extension:env,ArslanYM/React-CSS-Gallery,https://github.com/ArslanYM/React-CSS-Gallery,.env,my-project/src/.env,https://github.com/ArslanYM/React-CSS-Gallery/blob/a8245ec03c25474fcf2da065a8649f62bc8c2ab2/my-project/src/.env,634a01ce6516adcdeab1053fa0618ecfc3d2c471
API Key,api_key extension:env,CamrynBowWow/exercise_fitness_app,https://github.com/CamrynBowWow/exercise_fitness_app,.env,.env,https://github.com/CamrynBowWow/exercise_fitness_app/blob/e94889229bdfa835c14cdea7293828390137f91a/.env,ad02499cc1a905e0f31a1ce636d4697151105806
API Key,api_key extension:env,TabulariumAI/ai_agent_core,https://github.com/TabulariumAI/ai_agent_core,.env,.env,https://github.com/TabulariumAI/ai_agent_core/blob/d73ff5830da05f002a0853abce688e6f590fa4b0/.env,9d2ee8010b7d25c95eeaa0eefe96ef280c7c4636
API Key,api_key extension:env,deesatzed/tuhs-abx-steward,https://github.com/deesatzed/tuhs-abx-steward,.env,.env,https://github.com/deesatzed/tuhs-abx-steward/blob/3032e35c2033950660c6ff138d148aaf09fdccb7/.env,9c730712e299aeb5a493d0121bcca2a8de0a6e7d
API Key,api_key extension:env,cjshay/rip-road-api,https://github.com/cjshay/rip-road-api,.env,.env,https://github.com/cjshay/rip-road-api/blob/49e0035bc9754112a601dd335c17f57a29f39587/.env,01bf2f7e148bca313f63714a46ce5f13d0c0b328
API Key,api_key extension:env,adityar15/garchiquickdemonext,https://github.com/adityar15/garchiquickdemonext,.env,.env,https://github.com/adityar15/garchiquickdemonext/blob/0cb878d7d680a1b114f3ef0c7c118906a41703bc/.env,e5963d93b5a5ba6650872318d12b1123088520bd
API Key,api_key extension:env,Ajutate/python-scheduler,https://github.com/Ajutate/python-scheduler,.env,.env,https://github.com/Ajutate/python-scheduler/blob/f5126c109ad55d8eb9216fc32f3f9ea0141df833/.env,828f6d06c3d42f1150e3c723a7a47919136d95a2
API Key,api_key extension:env,reenha-rajendran/quotient24,https://github.com/reenha-rajendran/quotient24,.env,.env,https://github.com/reenha-rajendran/quotient24/blob/bc330b050f36edca1381ef848343a83b95a93ca7/.env,7c4e1774cca1d2c084c031c4af81d6d4e056f3a6
API Key,api_key extension:env,whoAmI-cslim/steven_ask,https://github.com/whoAmI-cslim/steven_ask,.env,.env,https://github.com/whoAmI-cslim/steven_ask/blob/38796f233125ee8315116d60a615c01308ac97b9/.env,af7854b82959ec20fffadb29d36d590d25224ad8
API Key,api_key extension:env,IIC3585-2022/svelte-grupo-09,https://github.com/IIC3585-2022/svelte-grupo-09,.env,.env,https://github.com/IIC3585-2022/svelte-grupo-09/blob/1b7b0dc17e7d44b0c67db444b7b355e0519f90d7/.env,59480c4942a724be8e5af256aaf20d7902341cca
API Key,api_key extension:env,tusharsuthar1256/Img-to-code,https://github.com/tusharsuthar1256/Img-to-code,.env,.env,https://github.com/tusharsuthar1256/Img-to-code/blob/104cd91e6ec2e54922e5203375e682062db2bcc5/.env,55339368de1e5991b3b3b46eafb7d248de8ebf24
API Key,api_key extension:env,replayio-public/playwright-codegen,https://github.com/replayio-public/playwright-codegen,.env,.env,https://github.com/replayio-public/playwright-codegen/blob/efd0885efaeda3f87112bcdcd9fb374270bab5d5/.env,ef2a46cc7ace39a9ebb1664c4e83543a23e6e79c
API Key,api_key extension:env,PrinceNgattaiLam/crm-agent,https://github.com/PrinceNgattaiLam/crm-agent,.env,.env,https://github.com/PrinceNgattaiLam/crm-agent/blob/131c1b3b3314257122327ed798ec1a89fdfd4cdc/.env,5ab3eb85924b0bcb5b3f0a4c1e78f38c4861a588
API Key,api_key extension:env,DevJobalia/RECIPIES-PWA-APP,https://github.com/DevJobalia/RECIPIES-PWA-APP,.env,.env,https://github.com/DevJobalia/RECIPIES-PWA-APP/blob/34ddf082b0a536ab32b409a26417b7e40623f77c/.env,275fa956864ccc5fd66ee091d8bfb2ac64c4b131
API Key,api_key extension:env,sso29/OpenSourceProject,https://github.com/sso29/OpenSourceProject,.env,.env,https://github.com/sso29/OpenSourceProject/blob/0fc0b5533c0c49b3774aba091c8c8941148c62e3/.env,645d88989983112236c08ef13342c42ed3c85ec7
API Key,api_key extension:env,nachog8/TechLab,https://github.com/nachog8/TechLab,.env,.env,https://github.com/nachog8/TechLab/blob/b2213fd5be1fc305ca9ff2a767d8b450895c7a74/.env,c039e5610bee17719c9f7a9d73c22e8c6966b64d
API Key,api_key extension:env,rohitvooda/edu-ai-1,https://github.com/rohitvooda/edu-ai-1,.env,.env,https://github.com/rohitvooda/edu-ai-1/blob/11b3f5aa526227094e68f6f7a3c8099577df4416/.env,dfacbb0bd6f16bbb62efb1eff569f8eaa3a1abd5
API Key,api_key extension:env,nafia007/holocenefilms-main-2,https://github.com/nafia007/holocenefilms-main-2,.env,.env,https://github.com/nafia007/holocenefilms-main-2/blob/4837f26ef82b5c63bc22ce97ddb0ec147f67a714/.env,b397f48e7bf37743788da37fb75e6fd1c85698bd
API Key,api_key extension:env,luciocorker/Study-Mate,https://github.com/luciocorker/Study-Mate,.env,.env,https://github.com/luciocorker/Study-Mate/blob/caa600b243925b65ec52e0fa60ee1aa9d0c6081d/.env,d9e337642033366f1bb6d3f3ebe0d36050352fe1
API Key,api_key extension:env,pkrishna19/Crowdfunding,https://github.com/pkrishna19/Crowdfunding,.env,.env,https://github.com/pkrishna19/Crowdfunding/blob/11bfd6dd6aa3d911350193c69eca7fa8f0d1d645/.env,f1b285d37ffa6e1577b89e3e03fc38384e74dfe9
API Key,api_key extension:env,thutasann/nxcord,https://github.com/thutasann/nxcord,.env,.env,https://github.com/thutasann/nxcord/blob/749ec6e74267281d55348e1edac811db18be64e1/.env,955def40b87d1360c62ae69331906ab756edbe65
API Key,api_key extension:env,veeranna-ahana/mgd_admin_moduleFE,https://github.com/veeranna-ahana/mgd_admin_moduleFE,.env,.env,https://github.com/veeranna-ahana/mgd_admin_moduleFE/blob/0ad29dd7986c16b2f622fc390822836f8fc82707/.env,1ccd560c7d5e8f342ef7d2416fa0c1fe582fb1d8
API Key,api_key extension:env,gmka98/Workouts,https://github.com/gmka98/Workouts,.env,.env,https://github.com/gmka98/Workouts/blob/44ee384f733134b9227704d94f1fb1eb6d0765db/.env,245106b91c662c9d556a7967a8e97887fdb105ad
API Key,api_key extension:env,pedromarangoni-stack/ProjetoManutencaoFabrica,https://github.com/pedromarangoni-stack/ProjetoManutencaoFabrica,.env,.env,https://github.com/pedromarangoni-stack/ProjetoManutencaoFabrica/blob/e7dfd38c4f3a7eafc47986902d2fcc3e2ff958b8/.env,9beb410bf380c48155529a7e591b1d86bfc0b283
API Key,api_key extension:env,chmieladr/gemini-ai-tool,https://github.com/chmieladr/gemini-ai-tool,.env,.env,https://github.com/chmieladr/gemini-ai-tool/blob/97b1c25d66856269aafe3b165d4c1f783d024b2b/.env,6b6ccd2f428f34a1386642e9048d4fd56a994a58
API Key,api_key extension:env,Savelieva0509/pets-api,https://github.com/Savelieva0509/pets-api,.env,.env,https://github.com/Savelieva0509/pets-api/blob/76bcb1f81a8b1992ab732dab385fe361009f6020/.env,b4ee0a76ad59d0f0af916afea5c3543497eb13b4
API Key,api_key extension:env,JATIN7838/Kisan-Saathi-IDX,https://github.com/JATIN7838/Kisan-Saathi-IDX,.env,.env,https://github.com/JATIN7838/Kisan-Saathi-IDX/blob/21a2a5f672357432c4b1e75088c46f9ee99c80ff/.env,14468a7442121e7adfcf77eeaba2f61a989b5526
API Key,api_key extension:env,abhi963007/elegant-wedding-experience,https://github.com/abhi963007/elegant-wedding-experience,.env,.env,https://github.com/abhi963007/elegant-wedding-experience/blob/bdc71db849632c661fee27b5022b9d60e03cd1ff/.env,4ad631b63fc5e304935233043f647f282a852ec0
API Key,api_key extension:env,wakayama-kazuma/dateplaner,https://github.com/wakayama-kazuma/dateplaner,.env,.env,https://github.com/wakayama-kazuma/dateplaner/blob/02579e6841ba458ddb046a4d535c811790d8bf3f/.env,22b2884158ec17b2539d9430c915c743732872d6
API Key,api_key extension:env,cianfhoghlaim/cianfhoghlaim,https://github.com/cianfhoghlaim/cianfhoghlaim,secrets.env,bonneagar/stacks/mylar3/secrets.env,https://github.com/cianfhoghlaim/cianfhoghlaim/blob/fde285c590205c054fe59c32f161df0205b8d03a/bonneagar/stacks/mylar3/secrets.env,b81f01739edc1cb824e11a31589ec678067ae423
API Key,api_key extension:env,Mohamed-Chaari/meteo.tn,https://github.com/Mohamed-Chaari/meteo.tn,.env,.env,https://github.com/Mohamed-Chaari/meteo.tn/blob/055527270c0980d6acb8759b4f62a6c0c964c4a5/.env,4751000c436959c6d683b7b55a176dc66edf0a03
API Key,api_key extension:env,jithukrishnaju-tech/YoutubeClone,https://github.com/jithukrishnaju-tech/YoutubeClone,.env,src/.env,https://github.com/jithukrishnaju-tech/YoutubeClone/blob/4b735b6582e3676451275020b61164c3575f7915/src/.env,5dcd9740aa9f1abc5f089ab791c1aec58af0c438
API Key,api_key extension:env,GeorgeNassef/GPT_API_Demo_AWS_Elastic_Beanstalk,https://github.com/GeorgeNassef/GPT_API_Demo_AWS_Elastic_Beanstalk,.env,demo/.env,https://github.com/GeorgeNassef/GPT_API_Demo_AWS_Elastic_Beanstalk/blob/20eafbc2a0e53b6075ab47ecad84c37e6254590e/demo/.env,e51819fba2f31de7f50918ce0a462ae1cf26ffca
API Key,api_key extension:env,chivta/ruscan,https://github.com/chivta/ruscan,.example.env,backend/.example.env,https://github.com/chivta/ruscan/blob/264f0479433028dcdeae9b1085781d1e7f4f6154/backend/.example.env,1e9abbbaed01602b3c0082503de06c1243b92f56
API Key,api_key extension:env,omarbot122/OMAR-XMD,https://github.com/omarbot122/OMAR-XMD,config.env,config.env,https://github.com/omarbot122/OMAR-XMD/blob/fff0e60e2b7b9eca41727b59e2db2cadd2811276/config.env,c3035da5c5d66db4e59451019199edd66feec0be
API Key,api_key extension:env,Seudonym/browser-agent,https://github.com/Seudonym/browser-agent,sample.env,sample.env,https://github.com/Seudonym/browser-agent/blob/d7bddd356a1b271d5375ee8c29e77b63d650cebf/sample.env,1d6a3ad6744ad2160b723a99ad443c7d6542a4eb
API Key,api_key extension:env,xonoxc/Focal.cli,https://github.com/xonoxc/Focal.cli,sample.env,sample.env,https://github.com/xonoxc/Focal.cli/blob/e0ea9217fa7c8eefece3ba33889a029092473972/sample.env,1d6a3ad6744ad2160b723a99ad443c7d6542a4eb
API Key,api_key extension:env,abeselom-personal/go-ai-service,https://github.com/abeselom-personal/go-ai-service,example.env,example.env,https://github.com/abeselom-personal/go-ai-service/blob/99124370956d62cb9765141d6b9484b135d542ef/example.env,f69e411cd49ca414e081c83e35fb5c25813f13d0
API Key,api_key extension:env,apsdeveloper461/uet-rms-final,https://github.com/apsdeveloper461/uet-rms-final,example.env,example.env,https://github.com/apsdeveloper461/uet-rms-final/blob/cfdb743dd8d9b083a5060c0d607dbe07e4aa52d6/example.env,73d8e7c2799ec442583f87c8ea00fa0f3e60ee08
API Key,api_key extension:env,yamuna220/APIRADx,https://github.com/yamuna220/APIRADx,backend.env,backend.env,https://github.com/yamuna220/APIRADx/blob/c74ae8248f52edf4d82e5b10ddac11ad722c6c21/backend.env,5b88436595b5f9a5e31f97d6c19c40cfcf5b52d9
API Key,api_key extension:env,quyensatoru/shopify_blocker_cms,https://github.com/quyensatoru/shopify_blocker_cms,example.env,example.env,https://github.com/quyensatoru/shopify_blocker_cms/blob/e31b7eef8cdbfdfbc657c51400f8ccc80b18df37/example.env,ccbe06d5718e494fa66bde8fe71d0028f661e885
API Key,api_key extension:env,CS6320Team/nlp-project,https://github.com/CS6320Team/nlp-project,example.env,example.env,https://github.com/CS6320Team/nlp-project/blob/1ac67aa2cef7b43bf0eff4649fd15afd557e42e9/example.env,29070c57caaf6779f4f8907b26c36b8c63f91d88
API Key,api_key extension:env,timokilale/jobMatch,https://github.com/timokilale/jobMatch,.env,backend/.env,https://github.com/timokilale/jobMatch/blob/9364841d733a20c3008340ce60b2d3b6e1ae0538/backend/.env,70d46a4ac97bdbe9d4c2018a89729f815ff92152
API Key,api_key extension:env,Ashrith6904/MasterFolio,https://github.com/Ashrith6904/MasterFolio,.env,backend/.env,https://github.com/Ashrith6904/MasterFolio/blob/7f8fd966a9ef9a05f4a847830c820ff7d69d8603/backend/.env,aee9e4d8ccda54331a13904533c6cfaa11df5792
API Key,api_key extension:env,Pavanasai-Duvvuri/AI-Bookkeeping-Dashboard,https://github.com/Pavanasai-Duvvuri/AI-Bookkeeping-Dashboard,.env,backend/.env,https://github.com/Pavanasai-Duvvuri/AI-Bookkeeping-Dashboard/blob/ae467f4d6c5fc1cdda6ab52434d34a894052abcc/backend/.env,1ecf0960ec4932092152fed7ee0a497240360a0d
API Key,api_key extension:env,EzequielTartaglia/CSE-341-final-project,https://github.com/EzequielTartaglia/CSE-341-final-project,.example.env,.example.env,https://github.com/EzequielTartaglia/CSE-341-final-project/blob/e0f79d07936fd17a590079dfcda95acad9e71d13/.example.env,c9ee60885a5df5dec14b372769c640d12ad338dd
API Key,api_key extension:env,sandyhem/MusicPlayer007-important-,https://github.com/sandyhem/MusicPlayer007-important-,.env,backend/.env,https://github.com/sandyhem/MusicPlayer007-important-/blob/214c2593d3f04348ec5a2e6e126275bc6c7f10f5/backend/.env,afdcc55c448071694bd90168797b2ed3718cd72a
API Key,api_key extension:env,volxdya/music-app,https://github.com/volxdya/music-app,.env,backend/.env,https://github.com/volxdya/music-app/blob/f695fec47426d1393d301f3388f2d64466d14db9/backend/.env,87507dbbe8a2d2970b2f7d905ed23912547e3350
API Key,api_key extension:env,omnox-dev/Demistify-Legal,https://github.com/omnox-dev/Demistify-Legal,.env,backend/.env,https://github.com/omnox-dev/Demistify-Legal/blob/fd8a7f690e1c95a57bf4100b970417904457698a/backend/.env,c3bc8470f128200aace8922193a387b51c0a711d
API Key,api_key extension:env,DreamerAkhilesh/learning-gnai,https://github.com/DreamerAkhilesh/learning-gnai,.env,05_queue/.env,https://github.com/DreamerAkhilesh/learning-gnai/blob/e8e64832c00284fb27ea9e67cfa2ba1f1a4962a4/05_queue/.env,9847a1df18c1ff8797ad55b83f8c3fc2afaedef8
API Key,api_key extension:env,hskim2515/IITP,https://github.com/hskim2515/IITP,.env,iitp-front/.env,https://github.com/hskim2515/IITP/blob/10047a512e941aa62a9151f21071e12457cc1631/iitp-front/.env,ebf81fd2628d834bf032e5123adc0c3e605f7be3
API Key,api_key extension:env,paulchubatyy/djinni-cli,https://github.com/paulchubatyy/djinni-cli,dist.env,dist.env,https://github.com/paulchubatyy/djinni-cli/blob/f2746c727d269f19ed9fada45964fdd6c2f5d950/dist.env,e23ce04b034ca66a6170355de21ecb020b602ec1
API Key,api_key extension:env,Kalabuth/cambio_colombia,https://github.com/Kalabuth/cambio_colombia,.env,cambio_colombia/.env,https://github.com/Kalabuth/cambio_colombia/blob/cf6d5f0d01e38138c96c32a3b315f05f32f6dce2/cambio_colombia/.env,e8e2c76207cc618251299f6e1346ad05d07dcc7b
API Key,api_key extension:env,pmikus/dev-containers,https://github.com/pmikus/dev-containers,docker-compose.env,immich/docker-compose.env,https://github.com/pmikus/dev-containers/blob/cb044c79f83c5a97ffa0d56478f819a6fa79bdf2/immich/docker-compose.env,bd49fb42e472b6f95f6f89924d70fd8f923ab757
API Key,api_key extension:env,bemusicscript/sekai-backend-public,https://github.com/bemusicscript/sekai-backend-public,.env,llm/prediction_gpt/.env,https://github.com/bemusicscript/sekai-backend-public/blob/0b176e33ec1810cedbafec5239f4a42b920b1b32/llm/prediction_gpt/.env,ffde6803b46ce77218734e5f2d9b14ff65effad1
API Key,api_key extension:env,Gaurav-Ve/CGbot,https://github.com/Gaurav-Ve/CGbot,.env,.env,https://github.com/Gaurav-Ve/CGbot/blob/6ff99f9902b50c9663d4ac8a9d7a9e759a7ec1a1/.env,03de7f7df64067641ddd4dc1fdb801b7d09ae7f4
API Key,api_key extension:env,rajshah9305/mobilenumber007,https://github.com/rajshah9305/mobilenumber007,.env,.env,https://github.com/rajshah9305/mobilenumber007/blob/15e956e65ea17fe4a5e5e888c5a4f3c8fa8f8259/.env,be36720bf7f4e67dceca57d0ae4922421b3e4928
API Key,api_key extension:env,tmpoe/hardhat-lottery,https://github.com/tmpoe/hardhat-lottery,.env,.env,https://github.com/tmpoe/hardhat-lottery/blob/a7458e0127db81ae1b06a816b50ea407e134fb0a/.env,64dde9b96c91b0f609e6558baad3f3c11cb8f215
API Key,api_key extension:env,patrik-fredon/homepage-fredon,https://github.com/patrik-fredon/homepage-fredon,.env,.env,https://github.com/patrik-fredon/homepage-fredon/blob/94dde1e2afa4320029dc9891cac4d367a065a63f/.env,c4f9225827ebbb79c941bc4d4a03e7b9ca5f0b90
API Key,api_key extension:env,taufik69/pdash,https://github.com/taufik69/pdash,.env,.env,https://github.com/taufik69/pdash/blob/3e6bdb1ec127b3d9e9f623f7da8d3a85ad96481b/.env,7b2e6a322035b7226cb1dca03bb72c26761a2c3a
API Key,api_key extension:env,Prakhar0407/Prakhar0407-Doctors-Appointment-System,https://github.com/Prakhar0407/Prakhar0407-Doctors-Appointment-System,config.env,Backend/config/config.env,https://github.com/Prakhar0407/Prakhar0407-Doctors-Appointment-System/blob/95663e031cd7fc9f6c78ad391e13f1c676b5653d/Backend/config/config.env,9d94b7caf2006ba805cbbecd790b161e73982945
API Key,api_key extension:env,holyminhlu/cn-da22ttb-holyminhlu-chiasetailieu-nodejs,https://github.com/holyminhlu/cn-da22ttb-holyminhlu-chiasetailieu-nodejs,.env,server/course-service/.env,https://github.com/holyminhlu/cn-da22ttb-holyminhlu-chiasetailieu-nodejs/blob/24f8d693b69cf2fa358392a3217cfe45ed30705b/server/course-service/.env,2f81894114446f33e16c7447add702bde849a960
API Key,api_key extension:env,saadbutt27/EdgeRunner3.2Hackathon,https://github.com/saadbutt27/EdgeRunner3.2Hackathon,.env,x-ray-report-generator/.env,https://github.com/saadbutt27/EdgeRunner3.2Hackathon/blob/a0caf98f9936389ea11dbeef93ebd54bba2b59d7/x-ray-report-generator/.env,f9e2829fbb0cae4cfaef5da65801e405963694e2
API Key,api_key extension:env,CrispenGari/native-startup,https://github.com/CrispenGari/native-startup,.env,cool-pages/google-maps-search-api/.env,https://github.com/CrispenGari/native-startup/blob/989cf385a96140dde025edaa1ca22eda33ed21af/cool-pages/google-maps-search-api/.env,0edb260c4ce8d4cc796043b3e0c8f5e9244c5667
API Key,api_key extension:env,saidheeraj002/google_adk_learnings,https://github.com/saidheeraj002/google_adk_learnings,.env,5-DB-Session-Management/.env,https://github.com/saidheeraj002/google_adk_learnings/blob/d10b78efd924e9784db3410d6c45b79561465801/5-DB-Session-Management/.env,c56fbed1bcdbd8d651f7831c0cdeca9777eff996
API Key,api_key extension:env,umair-jami/agentic-ai,https://github.com/umair-jami/agentic-ai,.env,CoreEd Coding/Basic Agent/.env,https://github.com/umair-jami/agentic-ai/blob/941f11acb5101555eb14df22b7c7d573521b4e60/CoreEd Coding/Basic Agent/.env,74aa24be0b46c61b14bcf476ec986fea52615ca8
API Key,api_key extension:env,amro22397/real-estate-mern-1037,https://github.com/amro22397/real-estate-mern-1037,.env,Client/.env,https://github.com/amro22397/real-estate-mern-1037/blob/3e8d817b55d0e8c83aaf1b603967c90fd22a7ca4/Client/.env,1d4278f4edf62bc6e0a67c9fc18b4a5f5db613f1
API Key,api_key extension:env,ARUN-S01/my_gpt,https://github.com/ARUN-S01/my_gpt,.env,server/.env,https://github.com/ARUN-S01/my_gpt/blob/b974aa7ead560430c6ec79b2462bf7b9b61951f8/server/.env,f097db96babcc2b5278db8095ab9d6fa29cfb00a
API Key,api_key extension:env,tanishqa107/Pixels,https://github.com/tanishqa107/Pixels,.env,Backend/.env,https://github.com/tanishqa107/Pixels/blob/2e6e22df5fa10ea6a2049bbffc7fbe8d5dff76d4/Backend/.env,e9ab59a1c1f459e3b73685bf2ce7ded4ca090cda
API Key,api_key extension:env,ProgViki/VikiMern,https://github.com/ProgViki/VikiMern,.env,backend/.env,https://github.com/ProgViki/VikiMern/blob/41a5bfde9783d4e74a6bdb4a715a590ae36d6b74/backend/.env,2622ee45bfeba0ba2101dbc09801b796ab358cf7
API Key,api_key extension:env,Rabifantasi/agenticai1_5,https://github.com/Rabifantasi/agenticai1_5,.env,chapter_4_agenticai/hello_agent/.env,https://github.com/Rabifantasi/agenticai1_5/blob/139a21052501a749e8a4fe19bc68d4e981625f95/chapter_4_agenticai/hello_agent/.env,3c6e3a032c535466065ee494f68a3df82c2c5c4d
API Key,api_key extension:env,canhbn2003/DATN_PC,https://github.com/canhbn2003/DATN_PC,.env,PC_AI/system/.env,https://github.com/canhbn2003/DATN_PC/blob/d75b80f050eb357d53ae45cc2b8569b96cb3b053/PC_AI/system/.env,4a872312dcb8e7577af4834e315fcd023f415175
API Key,api_key extension:env,huele1802/PBL6,https://github.com/huele1802/PBL6,.env,backend-HueLe/.env,https://github.com/huele1802/PBL6/blob/ab487c12f9a4595167dbf14f4ed05d7024f62ab9/backend-HueLe/.env,f330caabe4381ea663581c413f9a762d84c8b28d
API Key,api_key extension:env,Ligin11/Ligin,https://github.com/Ligin11/Ligin,.env,Job_Portal/server/.env,https://github.com/Ligin11/Ligin/blob/910818807d89cfb6b3728a643b3ae6c72d4daff6/Job_Portal/server/.env,93f05af180d896e8cec6febb7e094f1ebb693fcc
API Key,api_key extension:env,yeshwanth1127/ira,https://github.com/yeshwanth1127/ira,.env,ira/admin/admin-api/.env,https://github.com/yeshwanth1127/ira/blob/eec6a2051103daa70fb74b7ee9ff140f201dc26d/ira/admin/admin-api/.env,982029457bc1859f8f3c3d44dddec4c6b898a967
API Key,api_key extension:env,hamzabilalbaig/Dotex,https://github.com/hamzabilalbaig/Dotex,config.env,backend/config/config.env,https://github.com/hamzabilalbaig/Dotex/blob/58a6488af75e932262651c161c2afce86d798f19/backend/config/config.env,02e0e387206239095663b428426053864bf2f9de
API Key,api_key extension:env,weniv/Modulab_Backend_4,https://github.com/weniv/Modulab_Backend_4,.env,pyhub/DAY-00-fastapi-project-reviews/sample-project/.env,https://github.com/weniv/Modulab_Backend_4/blob/78c5cc8ac65d2db7b3e710f965137bc651bdcc2c/pyhub/DAY-00-fastapi-project-reviews/sample-project/.env,89f1a67837ba54f9c8fa0be2825bd7cb2a48d6de
API Key,api_key extension:env,gsalmanali/beefmesh,https://github.com/gsalmanali/beefmesh,.env,iotnetwork/docker/addons/twins/.env,https://github.com/gsalmanali/beefmesh/blob/7ee33a846bb02b92783313025b212e5e612d77d0/iotnetwork/docker/addons/twins/.env,00a2a54c50b1ba1c522f1529f5090fdf2c34dc74
API Key,api_key extension:env,JagadeeshRallabandi/Impressico-GenAI,https://github.com/JagadeeshRallabandi/Impressico-GenAI,.env,teams-and-individuals-main-Course Materials/Course Materials/Langchain/Notebook/.env,https://github.com/JagadeeshRallabandi/Impressico-GenAI/blob/ed20cb73ff28e4595d1b652887ee8bb535893c63/teams-and-individuals-main-Course Materials/Course Materials/Langchain/Notebook/.env,9513acb3eed040502f77f673b8440cb6e36e74e8
API Key,api_key extension:env,MaximeRsbch/Tfe-project_back,https://github.com/MaximeRsbch/Tfe-project_back,.env,.env,https://github.com/MaximeRsbch/Tfe-project_back/blob/c697563e093e2b9f3cf79a7dfa2f2e8cc059f316/.env,45e1c4947e4334b3477da722d2faa70edfefc6a8
API Key,api_key extension:env,amolmrai/AI-Autohead-Automation,https://github.com/amolmrai/AI-Autohead-Automation,.env,Aray_Playwright/tests/.env,https://github.com/amolmrai/AI-Autohead-Automation/blob/8d893e8dad3dd60b11ee7e44033ba2e2460f3ca9/Aray_Playwright/tests/.env,c40d428668a323f07ac5a1fdb3d9f1e63f2e20bf
API Key,api_key extension:env,sidhyaashu/quick-short-ai-projects,https://github.com/sidhyaashu/quick-short-ai-projects,.env,test-mcp/.env,https://github.com/sidhyaashu/quick-short-ai-projects/blob/69be3a05e46c5145dfc4ecdb3c36e85a55108bf1/test-mcp/.env,df53397e79c86167081d3cb91a88a3a0ac6d8f6c
API Key,api_key extension:env,Ibrahimkhalill/EcomerceFrontendReact,https://github.com/Ibrahimkhalill/EcomerceFrontendReact,.env,.env,https://github.com/Ibrahimkhalill/EcomerceFrontendReact/blob/5c05511de91442bbe85c7cf7380a1454918f9d04/.env,6a5c125c09e019740c2d6aba41c273af2e1b96f9
API Key,api_key extension:env,chairman-jp/CHAIRMAN-Corporate-Site,https://github.com/chairman-jp/CHAIRMAN-Corporate-Site,.env,.env,https://github.com/chairman-jp/CHAIRMAN-Corporate-Site/blob/ad357f53755348338b69d5d1e613fc89a7c2e0ab/.env,c2d19511d616d93290b9b5cc7e536e5486a18031
API Key,api_key extension:env,NguyenBaPhucITITIU20278/Apartment-Management,https://github.com/NguyenBaPhucITITIU20278/Apartment-Management,.env,.env,https://github.com/NguyenBaPhucITITIU20278/Apartment-Management/blob/0d98ea18e2895c208d10e9a834c3cdb17b345a8c/.env,8b7a5377a4fe05f900b64ecba2eac1a14e5426db
API Key,api_key extension:env,gestaomit-dev/recursos-suop,https://github.com/gestaomit-dev/recursos-suop,.env,.env,https://github.com/gestaomit-dev/recursos-suop/blob/602f86c4c097a53e07df3fa3ba3186a7c82b3126/.env,16730e39510834f1d8c0a6d3c55d674f046a3e91
API Key,api_key extension:env,qr0n/stop-the-spend,https://github.com/qr0n/stop-the-spend,.env,.env,https://github.com/qr0n/stop-the-spend/blob/9c51cacfcf97ed2bd9fb6c6720ea73a355b3e133/.env,0b31c6582e46afc70b6dfe69ad713861c4325b4f
API Key,api_key extension:env,csitdev/CSPOS,https://github.com/csitdev/CSPOS,.env,.env,https://github.com/csitdev/CSPOS/blob/03a53a976f8b913ffb6e4d4e5a2249ea3cc9de84/.env,08f18f2a205d561377b42c42a748770579ce7dc7
API Key,api_key extension:env,sunnnyy04/chaiaurbackened,https://github.com/sunnnyy04/chaiaurbackened,.env,.env,https://github.com/sunnnyy04/chaiaurbackened/blob/22dd3a338ba88895994d1db4c36517b9b8e0d117/.env,cc1199f48b41a1aa5c29553a0fc768385563203d
API Key,api_key extension:env,curately/dynamic-route-repro,https://github.com/curately/dynamic-route-repro,.env,.env,https://github.com/curately/dynamic-route-repro/blob/221cd85596277cd13b3495a1806cc06dc8cccc14/.env,1a3d3f3719dd0b6fde70eaebbc885257b4b1e771
API Key,api_key extension:env,ICAS03/uni-portal,https://github.com/ICAS03/uni-portal,.env,.env,https://github.com/ICAS03/uni-portal/blob/a68de7110ce67bb55ae04b763916dc25aece2a70/.env,9df9862e4ec674c4d17eca2e9eae333e58e4a6f7
API Key,api_key extension:env,tusher1612/MovieFlix,https://github.com/tusher1612/MovieFlix,.env,.env,https://github.com/tusher1612/MovieFlix/blob/050f41cf55073e3765af85e9c5ba12f29c11589f/.env,2516d176c30f97578636c3e54755254c736543dc
API Key,api_key extension:env,nashman100/101024415_comp3123_labtest2,https://github.com/nashman100/101024415_comp3123_labtest2,.env,.env,https://github.com/nashman100/101024415_comp3123_labtest2/blob/a93ee38c99f0ce1515e6e512156185ef631f8131/.env,a894e6465a6caabce4e05ef37ee87c98447d5ea4
API Key,api_key extension:env,ritvarsbiksis/job-board,https://github.com/ritvarsbiksis/job-board,.env,.env,https://github.com/ritvarsbiksis/job-board/blob/aa22f0c146ab1f3fbbd4bc7b01b9eae0d8edcbcf/.env,a69a6271d33e797a4ab83a80b7ab22b3f63a1357
API Key,api_key extension:env,rohit45717/attendease,https://github.com/rohit45717/attendease,.env,.env,https://github.com/rohit45717/attendease/blob/20edf7169b87586e3d8b16bd24f2a4f0efd6c04f/.env,a3c77239204da44228f0dcf8fb1fd4c36338ae84
API Key,api_key extension:env,PaulJPhilp/effect-talk-website,https://github.com/PaulJPhilp/effect-talk-website,.env,.env,https://github.com/PaulJPhilp/effect-talk-website/blob/531d86d57323d7d2ec362c6cad8b3b88275f44c1/.env,4fb52d288cdb688b6d2b0347604426b920ba3757
API Key,api_key extension:env,tlopesx/InPeace-Backend,https://github.com/tlopesx/InPeace-Backend,.env,.env,https://github.com/tlopesx/InPeace-Backend/blob/19f4e85026e4ec9272c1226a631e3ba367cd69a6/.env,36cc60c68134b3487cecc9c691bc9252e9d296ea
API Key,api_key extension:env,Chamiya09/DriveNow-Vehicle-Rental-Service-Frontend,https://github.com/Chamiya09/DriveNow-Vehicle-Rental-Service-Frontend,.env,.env,https://github.com/Chamiya09/DriveNow-Vehicle-Rental-Service-Frontend/blob/b3a721509ad957a91cc66edfe8b30980bd9f657f/.env,763c7855a1c422f24991d74217254181289a8f1e
API Key,api_key extension:env,ayoub0030/MirorAI,https://github.com/ayoub0030/MirorAI,.env,.env,https://github.com/ayoub0030/MirorAI/blob/540a73163718f7c95c9310d9e7040ea474cdbd1a/.env,4907961e4835482501c0dfd6c7389a5323ed5d68
API Key,api_key extension:env,kamalbuilds/sei-social-agent,https://github.com/kamalbuilds/sei-social-agent,.env,.env,https://github.com/kamalbuilds/sei-social-agent/blob/74cbde85fbec22bf3e6bd27df9a275f105058b81/.env,ad7980b3b20ffa0401f3a0e2ce169aed946fd951
API Key,api_key extension:env,indupattem/Auto-pptagent,https://github.com/indupattem/Auto-pptagent,.env,.env,https://github.com/indupattem/Auto-pptagent/blob/7eb1b5b068a54ee524da8c9eb7cd66b3a2a3a1ef/.env,d65aee4424c6b833792ff1eb19d732cbc7629a1c
API Key,api_key extension:env,nish-bit/rag-chatbot,https://github.com/nish-bit/rag-chatbot,.env,.env,https://github.com/nish-bit/rag-chatbot/blob/ee53f123f2ba5fd1776d795ab6937f664fbfb20b/.env,3e3213122bf85543df5b69a73faede42759a7bbe
API Key,api_key extension:env,amandarodgsc/revisao_gustavo,https://github.com/amandarodgsc/revisao_gustavo,.env,.env,https://github.com/amandarodgsc/revisao_gustavo/blob/a6afff510b9886813592616078af73df1999269b/.env,521917fe2a6051fdfd80facde0fece6186f17878
API Key,api_key extension:env,Sahiljain24/File-Uploader,https://github.com/Sahiljain24/File-Uploader,.env,.env,https://github.com/Sahiljain24/File-Uploader/blob/855f0bc95051ada614f02a7cdf63c85859e59e9b/.env,b7b9a8843c49d61a98be895b3d594a9e98e6ce36
API Key,api_key extension:env,Manifestest1/coreuiwebapp,https://github.com/Manifestest1/coreuiwebapp,.env,.env,https://github.com/Manifestest1/coreuiwebapp/blob/1f7b897ce3d9360fd0ec41a11f742e53841438d6/.env,93307043eceecc26307cc6d837dcadbc87ab858d
API Key,api_key extension:env,Nicholasvp/ecosafety_form_clientes,https://github.com/Nicholasvp/ecosafety_form_clientes,.env,.env,https://github.com/Nicholasvp/ecosafety_form_clientes/blob/a3bff28774d73b88a37605c43cf140bfb6a94afa/.env,f29d81545c9d2db13afb34734371162581669c82
API Key,api_key extension:env,Thekiller1987/SGIPC,https://github.com/Thekiller1987/SGIPC,.env,.env,https://github.com/Thekiller1987/SGIPC/blob/70709fe89ab118f6b2f882df5357bbe0a7bd835c/.env,c19743374f427836532d83320a4ed746d4b1a7d7
API Key,api_key extension:env,MaNdeZZZ/FlexiTask_Website,https://github.com/MaNdeZZZ/FlexiTask_Website,.env,.env,https://github.com/MaNdeZZZ/FlexiTask_Website/blob/696eb846dd4a1cd05b2fe4d517571543323ff19f/.env,448867bd8b3ded3db52768057ae75892ede634d8
API Key,api_key extension:env,ankur182/GOLD-GYM,https://github.com/ankur182/GOLD-GYM,.env,.env,https://github.com/ankur182/GOLD-GYM/blob/f9dd8f01e6db4ddf54e7a7b607823c3489d87014/.env,9eb0e2b944bf26d5f1e2690aee05975212b31f05
API Key,api_key extension:env,tejatanush/SpeechDiarizatioTranscription_TitleGenerationUsingNLP,https://github.com/tejatanush/SpeechDiarizatioTranscription_TitleGenerationUsingNLP,.env,.env,https://github.com/tejatanush/SpeechDiarizatioTranscription_TitleGenerationUsingNLP/blob/c565cd84c29bd00003640232403290ea368bbe7d/.env,081912e85471e246b3907ef3283ee28a6f381615
API Key,api_key extension:env,orlancst/test-menu-restaurante,https://github.com/orlancst/test-menu-restaurante,.env,.env,https://github.com/orlancst/test-menu-restaurante/blob/4713f81fae2bb36e8bee2c0cf1ba78b8237dc7a1/.env,fe5fce9ebe2cc10a58d0f1e65540c5e00c3f5941
API Key,api_key extension:env,umid2401/FakestoreApi,https://github.com/umid2401/FakestoreApi,.env,.env,https://github.com/umid2401/FakestoreApi/blob/a57c6bae9487af689ed75745fbb4ac369c7cf387/.env,24cf830268b090f813b122a4d194ed3b21005e4d
API Key,api_key extension:env,kibinzxc/assignment-open-api,https://github.com/kibinzxc/assignment-open-api,.env,.env,https://github.com/kibinzxc/assignment-open-api/blob/96132d094415060ef18d0ec85e8b1d3c2c38e14f/.env,0bfdfb17bbf407d5b00925e58e315d851e4c83e6
API Key,api_key extension:env,GodsfavourJesse/point-bridge,https://github.com/GodsfavourJesse/point-bridge,.env,.env,https://github.com/GodsfavourJesse/point-bridge/blob/06c15487b53dfa1be152ae014ac36583f94fa6e9/.env,90a828a8fbac192e567b48af128fd007423a601d
API Key,api_key extension:env,sonu2363/Option-Trading-using-ExpressJs,https://github.com/sonu2363/Option-Trading-using-ExpressJs,.env,.env,https://github.com/sonu2363/Option-Trading-using-ExpressJs/blob/fcb501a9395fd7ac4d7a55662cc8cb2f2b689f59/.env,fa7469cf24881210b07b409e533d83fd48de63f1
API Key,api_key extension:env,MAHNOORSHK/Crypto-Currency-Agent-Assignment-2,https://github.com/MAHNOORSHK/Crypto-Currency-Agent-Assignment-2,.env,.env,https://github.com/MAHNOORSHK/Crypto-Currency-Agent-Assignment-2/blob/7f70cb93c3148fe015713c60e3af566b7529db29/.env,772e72de02e17fce4b73279d95c12ded828c884c
API Key,api_key extension:env,samreensami/Agent_SDK,https://github.com/samreensami/Agent_SDK,.env,.env,https://github.com/samreensami/Agent_SDK/blob/5291e3927d3449aa37e24c80be2ca258c1791a00/.env,88c82c12df83d644cbfd4fe327d1a9f8eb39acbc
API Key,api_key extension:env,olasharaff/KwaraLegend,https://github.com/olasharaff/KwaraLegend,.env,.env,https://github.com/olasharaff/KwaraLegend/blob/33f767b880ed6e8cfe4b68f5b860a618ffcf4f9b/.env,5a43afa6ba3e7418e2801ff71239a83c44e561a7
API Key,api_key extension:env,RansSelected/baby_zoomers,https://github.com/RansSelected/baby_zoomers,.env,.env,https://github.com/RansSelected/baby_zoomers/blob/5b0503278363a521dc4396efe40e4132052d083c/.env,f4d870dc8d345f2b4dbc1debe33bc9534f390c68
API Key,api_key extension:env,Fendyra/kavana-app,https://github.com/Fendyra/kavana-app,.env,.env,https://github.com/Fendyra/kavana-app/blob/5e34d63fee3ea325b98ca8fdf4f1e88976be6fef/.env,36da66a6df61a7f940a025de4dca19ad2e44c383
API Key,api_key extension:env,rajapandiyans/gensyx-website,https://github.com/rajapandiyans/gensyx-website,.env,.env,https://github.com/rajapandiyans/gensyx-website/blob/b8db5bc6d15e822c71517240ee0ceba922f33d05/.env,488e7aafd12bb4ec87713ab2273e76ef3f97f535
API Key,api_key extension:env,MAlejandroR/LaraFavoritos,https://github.com/MAlejandroR/LaraFavoritos,.env,.env,https://github.com/MAlejandroR/LaraFavoritos/blob/81724004ec025a1a9f76094f47f7c0d3789e93b0/.env,ca476008a30364bb1fa6283f7078c71fa36692e9
API Key,api_key extension:env,seshakiran/local-speech-to-speech,https://github.com/seshakiran/local-speech-to-speech,local-models.env,local-models.env,https://github.com/seshakiran/local-speech-to-speech/blob/8d6758c972d55f29e3a8b60f7490a2f6ce669899/local-models.env,c77ffbeca3fdad5b6a6771c9807aa08b81a3c999
API Key,api_key extension:env,MitchellZeleny/SportsScores,https://github.com/MitchellZeleny/SportsScores,key.env,key.env,https://github.com/MitchellZeleny/SportsScores/blob/784bc79e550ebd437d95da912678616aceecf9eb/key.env,d097683296742ebb9bf62490aae4d3c0548c5208
API Key,api_key extension:env,Rehansaputradewantoro/bot-sinyal,https://github.com/Rehansaputradewantoro/bot-sinyal,vars.env,vars.env,https://github.com/Rehansaputradewantoro/bot-sinyal/blob/8a6e5afc49e6c10f8628450c3c7e1984b82e8b68/vars.env,55a56057a2b4ec19d151d00add8d9c2d075f73f4
API Key,api_key extension:env,nissrinayy/lockinapp,https://github.com/nissrinayy/lockinapp,.env,api/.env,https://github.com/nissrinayy/lockinapp/blob/1298e042a4792c50748c05a924ce79257eaf8adf/api/.env,6a0588a8f317708dad7276de3c749d72fd5aef19
API Key,api_key extension:env,ptrvsrg/places,https://github.com/ptrvsrg/places,sample.env,sample.env,https://github.com/ptrvsrg/places/blob/1371745818e0ed8e7d3c4b8f47839dcf21b3a97f/sample.env,dbb3d03a96761553e036a6eb87da4f7ac64c7f77
API Key,api_key extension:env,Dhruv-praju/ShopIT-server,https://github.com/Dhruv-praju/ShopIT-server,config.env,config.env,https://github.com/Dhruv-praju/ShopIT-server/blob/888b1f0c7d7b62e467a79ba849c106ee0207b5e6/config.env,6a6ca6a5cd27538aacdf5be4d8be6cc86fdbbfa4
API Key,api_key extension:env,venubattu472-cyber/Ai-based-code-review-assistant,https://github.com/venubattu472-cyber/Ai-based-code-review-assistant,.env,docker/.env,https://github.com/venubattu472-cyber/Ai-based-code-review-assistant/blob/4f5a8c4e3bd34f8413fbdb24e41c132d64438200/docker/.env,778542088189c2e1a99c9e3b1f7aa7a82d527c00
API Key,api_key extension:env,AKHegde22/New-Members,https://github.com/AKHegde22/New-Members,example.env,example.env,https://github.com/AKHegde22/New-Members/blob/1e2d2f316c5780848db96fa708ee93c007d85cff/example.env,bbe5b3edcba74784fc631425e246946dc568b99c
API Key,api_key extension:env,ashishMenon05/NEXUS-AI,https://github.com/ashishMenon05/NEXUS-AI,default.env,default.env,https://github.com/ashishMenon05/NEXUS-AI/blob/6a6a0f9273309697472266a454ef43f157be95e5/default.env,09d5f35495868a898792b97211b3cf5f1295019f
API Key,api_key extension:env,Dinhh-Chan/base-nesjs,https://github.com/Dinhh-Chan/base-nesjs,example.env,example.env,https://github.com/Dinhh-Chan/base-nesjs/blob/b47b87d8ba84092fe35b9ae3300d344157fa634a/example.env,ebeed4e38960e149a0d4bdfc6827e34805da72a7
API Key,api_key extension:env,TonyDastan/workwave,https://github.com/TonyDastan/workwave,.env,backend/.env,https://github.com/TonyDastan/workwave/blob/bfd1110fb395e6b9a252f0599eaa8a011cd29163/backend/.env,b3435ef2107eaf36b97276a60368b5a98c4136bf
API Key,api_key extension:env,DuyVu285/Apparels-Website,https://github.com/DuyVu285/Apparels-Website,.env,backend/.env,https://github.com/DuyVu285/Apparels-Website/blob/1608a33c2b66a424fc6f7e7ba677a6518347643d/backend/.env,efa45d682758a2c256713afa90d8a89dee4364c5
API Key,api_key extension:env,T-Ilhan/GenAI_Genesis,https://github.com/T-Ilhan/GenAI_Genesis,.env,backend/.env,https://github.com/T-Ilhan/GenAI_Genesis/blob/ab0976e8a732ec906dd80e0e20b584fcf0076a66/backend/.env,bd497c5f4e8b721cea24fc9c2fe36f797d890fb4
API Key,api_key extension:env,noothiakshith/NexisERP,https://github.com/noothiakshith/NexisERP,.env,backend/.env,https://github.com/noothiakshith/NexisERP/blob/d86edad4ca022c5518df2541cc11f0e8b4745353/backend/.env,fcca7ea1a3cabc33cbc71bf7764af00b9dae9ba3
API Key,api_key extension:env,shubhampandey050705/AgriVision,https://github.com/shubhampandey050705/AgriVision,.env,backend/.env,https://github.com/shubhampandey050705/AgriVision/blob/531ff9087b74fdfa79df9c64f0f2fb833ecf3696/backend/.env,3c378f2d5851670e9c46be5458df318d4d7b33bb
API Key,api_key extension:env,neilchadders/next-app,https://github.com/neilchadders/next-app,.example.env,.example.env,https://github.com/neilchadders/next-app/blob/9e4935f42e2ce2760db8a170ee3a5623b3e00549/.example.env,862e9ad2157321df9765da632fed9062fe748413
API Key,api_key extension:env,chilufya-hunter/weather-app,https://github.com/chilufya-hunter/weather-app,.env,backend/.env,https://github.com/chilufya-hunter/weather-app/blob/b80964c771bb8e8d616690650fb8a72ea3faa2ad/backend/.env,1fd283042c601d601766914bc07d2faabb494a14
API Key,api_key extension:env,Arindamsharma12/algoshastra,https://github.com/Arindamsharma12/algoshastra,.env,backend/.env,https://github.com/Arindamsharma12/algoshastra/blob/ffd3939d1fd9a9d21f256f374f63028228915d5b/backend/.env,8933e1ea4593d76ee2cc704a280547061ca6f180
API Key,api_key extension:env,Likhith623/cfc_Familya,https://github.com/Likhith623/cfc_Familya,.env,backend/.env,https://github.com/Likhith623/cfc_Familya/blob/832f73935a78a0ba81e8e4d70f9b7456de44cca9/backend/.env,ef823b10fc071db6f682f1275469b78d1bc59707
API Key,api_key extension:env,stefanbosak/gemini-cli,https://github.com/stefanbosak/gemini-cli,.env,.gemini/.env,https://github.com/stefanbosak/gemini-cli/blob/7b95994c7ef8ff5f1be09733faa9a95aeccfdf2a/.gemini/.env,4f742999f851ea4ea3e9b79d994454bb96b5f72e
API Key,api_key extension:env,OmarAkhter/LossAndFoundFront-Back-End,https://github.com/OmarAkhter/LossAndFoundFront-Back-End,.env,FrontEnd/.env,https://github.com/OmarAkhter/LossAndFoundFront-Back-End/blob/45f751a35b8852d02a15f9cb0ea5591fac07b5e3/FrontEnd/.env,5ee3ddd0b04a7df71b84416b3149a3c23cb75544
API Key,api_key extension:env,123superhanan/FitZone,https://github.com/123superhanan/FitZone,.env,projects/.env,https://github.com/123superhanan/FitZone/blob/5546373005cfd305631ab2e737494e28a6001f55/projects/.env,13554643ac80bf7a33c5c70cddc1bf2066c24051
API Key,api_key extension:env,r-eifler/IPEXCO-frontend,https://github.com/r-eifler/IPEXCO-frontend,explainer.env,setup/backend_and_services/explainer.env,https://github.com/r-eifler/IPEXCO-frontend/blob/c3aa63102c36cf67e1224b09fa90bbeb9236d2d5/setup/backend_and_services/explainer.env,24a9880e669434894acd49fef05ccf6b603e93ec
API Key,api_key extension:env,Aadarsh-max/Prepai-backend,https://github.com/Aadarsh-max/Prepai-backend,.env,.env,https://github.com/Aadarsh-max/Prepai-backend/blob/2220f240507a9842febd01ae953589746e23c380/.env,77261759e2021ea98a3d09c6690b52829ae60100
API Key,api_key extension:env,mohamedkharma/WeatherDash-Pro,https://github.com/mohamedkharma/WeatherDash-Pro,.env,weatherdash/.env,https://github.com/mohamedkharma/WeatherDash-Pro/blob/3a198e63cdd118d37fa044d1e9a7af15cc41e66f/weatherdash/.env,5788b139a92d97b8ec5f96955a0e98764c9eca02
API Key,api_key extension:env,ewynona/telegram_ai,https://github.com/ewynona/telegram_ai,.env,app/telegram_ai/.env,https://github.com/ewynona/telegram_ai/blob/716351c9faab13e3a88ab7b96dc128c686cc3b68/app/telegram_ai/.env,edf9ec7ef11685017da19c9360e57c870516f32a
API Key,api_key extension:env,vickytoria01234-cpu/GOLDBUYERSUSA,https://github.com/vickytoria01234-cpu/GOLDBUYERSUSA,hollaex-kit.env,server/hollaex-kit.env,https://github.com/vickytoria01234-cpu/GOLDBUYERSUSA/blob/bd1c4f04f7f1800c3de5061b3afff370af3c315b/server/hollaex-kit.env,c4137ea9162b3e3e83a5640707a0d12f0abba417
API Key,api_key extension:env,yuvraj-singh047/AgriVision-Project,https://github.com/yuvraj-singh047/AgriVision-Project,.env,AgriVision_Backend/.env,https://github.com/yuvraj-singh047/AgriVision-Project/blob/9d325eb80df557d3bdf03013e7221da4a6a4f16d/AgriVision_Backend/.env,e791896cd3e217cb5e75752624f6cea513972de5
API Key,api_key extension:env,Zeros2112/LinguaBot--MadurAIOpenTecHakathon,https://github.com/Zeros2112/LinguaBot--MadurAIOpenTecHakathon,.env,extracting_articles/.env,https://github.com/Zeros2112/LinguaBot--MadurAIOpenTecHakathon/blob/17d9e62ec96778b84d0f62433195e94a21576e07/extracting_articles/.env,25b07f7dc0630dc05300ce7374bfba50fccbd830
API Key,api_key extension:env,sonali2520/Job-Portal-Backend,https://github.com/sonali2520/Job-Portal-Backend,.env,.env,https://github.com/sonali2520/Job-Portal-Backend/blob/a9fcd29a988b75a26b7a7646966f1ab0f23b5f8e/.env,bd6f919a22f3b12db68feee9f151f20ad6950f55
API Key,api_key extension:env,kwon0koang/test_langchain,https://github.com/kwon0koang/test_langchain,.env,.env,https://github.com/kwon0koang/test_langchain/blob/7226c968ae0150ead1a3deab15c507f860956adb/.env,544f8170cd00250c2e3506b383ae92e4e1ae022c
API Key,api_key extension:env,AvyakthS/Web3-Subscriptions-Platform__Upgradable-Architecture-Implementation,https://github.com/AvyakthS/Web3-Subscriptions-Platform__Upgradable-Architecture-Implementation,.env,.env,https://github.com/AvyakthS/Web3-Subscriptions-Platform__Upgradable-Architecture-Implementation/blob/71cfa457a88d6597358fb9b6eb3d92ee5a4011ab/.env,2c99765b0039558964d8d99a9217c26ec5a49094
API Key,api_key extension:env,devcoyolia/Coyolia-Website-Backend,https://github.com/devcoyolia/Coyolia-Website-Backend,.env,.env,https://github.com/devcoyolia/Coyolia-Website-Backend/blob/faf00b446ee28f871f55d0cabbbb41a3de2b04e5/.env,87913bf7da4a0503266052fe9e0c66e45e474ead
API Key,api_key extension:env,vigyaat23/JeevanDharaa,https://github.com/vigyaat23/JeevanDharaa,.env,.env,https://github.com/vigyaat23/JeevanDharaa/blob/865a87e9d474c91562124c7267e80631d85da048/.env,8c2099ac693d93bc61725deb1a83c7c799246261
API Key,api_key extension:env,bhavyashah-7/CampCreeks,https://github.com/bhavyashah-7/CampCreeks,.env,.env,https://github.com/bhavyashah-7/CampCreeks/blob/28767a91242ab416088e368a479f8c2a8b761960/.env,4c9d0d638dbdd33936d38908af8d707788b207f6
API Key,api_key extension:env,Ruuudy1/TechAssignment_2_ECE140A,https://github.com/Ruuudy1/TechAssignment_2_ECE140A,.env,.env,https://github.com/Ruuudy1/TechAssignment_2_ECE140A/blob/817938ceb6d79889b20d095fa9d826e2d6163df3/.env,992e0c3ae15eba3e25b2e6dfadb7c0135d1e8889
API Key,api_key extension:env,joycejoyce/weather-app,https://github.com/joycejoyce/weather-app,.env,.env,https://github.com/joycejoyce/weather-app/blob/79161fb5833e2f6f6610f572a3257b8eb8cbdac3/.env,0aaa5ed5aae8c6ca3ff8fcd052d9c40b6aceb549
API Key,api_key extension:env,abdulmazidakash/f-crack-ai-server-practice,https://github.com/abdulmazidakash/f-crack-ai-server-practice,.env,.env,https://github.com/abdulmazidakash/f-crack-ai-server-practice/blob/d225712247ed0350c6bbd95bda35f82a4c94b9ca/.env,a3bc1e7a4c0bd009f3356b99392d4ee21b7b04ac
API Key,api_key extension:env,icampillo/prediction-ia,https://github.com/icampillo/prediction-ia,.env,.env,https://github.com/icampillo/prediction-ia/blob/acb47b2daa14917d982fa5fd3491bd65ec11b1d8/.env,90ee8708de3c4ac0bef16c7d62178be66184bc71
API Key,api_key extension:env,Hassan-Ahamad172636/myVideo-Backend,https://github.com/Hassan-Ahamad172636/myVideo-Backend,.env,.env,https://github.com/Hassan-Ahamad172636/myVideo-Backend/blob/31e823d62700941dd3ab650f2f9bc47340124fc5/.env,5acbe57f3630e0904e3a73dfe94814746085f7a8
API Key,api_key extension:env,evelynnssousa/Cesio,https://github.com/evelynnssousa/Cesio,.env,.env,https://github.com/evelynnssousa/Cesio/blob/0cb92b210ece8180ebc706551151a2ceece54aee/.env,58b389f70a9a496096ba50ae8152bb3cfc16677e
API Key,api_key extension:env,rajmohancheck1/Eccommerce,https://github.com/rajmohancheck1/Eccommerce,config.env,backend/config/config.env,https://github.com/rajmohancheck1/Eccommerce/blob/67df712d9e556e49d0ef33aa2cbf7b667d5b5c18/backend/config/config.env,b433ef22d607ac0169a3e51867c594d8aba47600
API Key,api_key extension:env,m1np3m/InfoWhisper,https://github.com/m1np3m/InfoWhisper,.env,Datacollection_pipeline/.env,https://github.com/m1np3m/InfoWhisper/blob/f4a2f7b8cf860444d81774a3063104cb5132611a/Datacollection_pipeline/.env,ab5c2302824983719de8db30389bf2c88c04a36d
API Key,api_key extension:env,priyankapvernekar/GeminiPOC,https://github.com/priyankapvernekar/GeminiPOC,.env,QnA/.env,https://github.com/priyankapvernekar/GeminiPOC/blob/9420d887496feabde53f524aa45841a839797182/QnA/.env,b3b74da38fdb62a091b1a721a0cc9ef4f0b3eea8
API Key,api_key extension:env,pbsvk/Ebook_Maker_using_ChatGPT,https://github.com/pbsvk/Ebook_Maker_using_ChatGPT,nano.env,nano.env,https://github.com/pbsvk/Ebook_Maker_using_ChatGPT/blob/660b56c237280b597315431319759679c30a294d/nano.env,d291da35de434e4f679cb13279f94bb4ba85c89d
API Key,api_key extension:env,maryloumtz/projetCinema,https://github.com/maryloumtz/projetCinema,.env,.env,https://github.com/maryloumtz/projetCinema/blob/6919c55b7e960defc06e6f6582887b8f5123508a/.env,0afbece5f4dbd7709ec23c2224ac256aebe0e67b
API Key,api_key extension:env,alokhj83077/wzml,https://github.com/alokhj83077/wzml,config.env,config.env,https://github.com/alokhj83077/wzml/blob/bf1051cc1f07fcdf5ab7f93b60f6ca5b868451ef/config.env,566934611d20d05aa48cedafe93d930bc0353e98
API Key,api_key extension:env,colinwithpower/Codepath-WEB-102,https://github.com/colinwithpower/Codepath-WEB-102,.env,week5/.env,https://github.com/colinwithpower/Codepath-WEB-102/blob/0d790fa028f6d3f82aa842de5cb898f967d0bd23/week5/.env,9047f0822ded5ce75978b1b6eceaf60082a1fee0
API Key,api_key extension:env,Yashl-Ammar/FreelancingPlatform,https://github.com/Yashl-Ammar/FreelancingPlatform,.env,ReportManagement/.env,https://github.com/Yashl-Ammar/FreelancingPlatform/blob/5cbdbc652c673c47e16309f338d1f3a902b60593/ReportManagement/.env,3688002d4a9fd512a23f82955f73464a6c30d4ac
API Key,api_key extension:env,Dibakor007/Nasa-Space-Apps-Challenge,https://github.com/Dibakor007/Nasa-Space-Apps-Challenge,.env,Bionova-x(project)/backend/.env,https://github.com/Dibakor007/Nasa-Space-Apps-Challenge/blob/19bda4549d31ce204695ebb0911b627b6c02a30f/Bionova-x(project)/backend/.env,16e29bd9968c9100cded1193519c83cda04cd883
API Key,api_key extension:env,Juromelouise/Hinono-server,https://github.com/Juromelouise/Hinono-server,.env,config/.env,https://github.com/Juromelouise/Hinono-server/blob/a13d91cf03320a3c5846f7d3fd21cdef7579450e/config/.env,4aaa82587795501255322b2eb37086a0996d4bf1
API Key,api_key extension:env,VamsiEnduri/26MernJobFinderProject,https://github.com/VamsiEnduri/26MernJobFinderProject,.env,server/.env,https://github.com/VamsiEnduri/26MernJobFinderProject/blob/6ad9706b4746f68ef404f8694c3860d47d4ea5ca/server/.env,fc3cb0aa4af1fe9a8aadf6a692acec76f9624771
API Key,api_key extension:env,029-CHIRAG/QuickChat,https://github.com/029-CHIRAG/QuickChat,.env,server/.env,https://github.com/029-CHIRAG/QuickChat/blob/4af02f76ec2b81eec7042f5c33a489d2595848ae/server/.env,33949e753ba225439490e7de9e804cf522f1a028
API Key,api_key extension:env,ayushprajapat0/jobFlow,https://github.com/ayushprajapat0/jobFlow,.env,server/.env,https://github.com/ayushprajapat0/jobFlow/blob/141d9783fbde8a603ea73e580bf38e54324a7fb1/server/.env,150a8f08ebdd0be64d938396bd8a220b47986420
API Key,api_key extension:env,iAmKush123/lms-full-stack,https://github.com/iAmKush123/lms-full-stack,.env,server/.env,https://github.com/iAmKush123/lms-full-stack/blob/c3be4d11312380f1efec8c53816c00c474ea0b4e/server/.env,09acf6588053871babbab2e8b62063679286a47a
API Key,api_key extension:env,palak0617/Backend---project-,https://github.com/palak0617/Backend---project-,.env,backend/.env,https://github.com/palak0617/Backend---project-/blob/710efc131415760d1f817bc5a43799736615e967/backend/.env,071baa22ee1ce967094ee6dd0a05ba11d7143a52
API Key,api_key extension:env,Emely2023/Tasks,https://github.com/Emely2023/Tasks,.env,backend/.env,https://github.com/Emely2023/Tasks/blob/eba4d2a3945ff0b39be7859a41353006276d942e/backend/.env,b30b290ddb486bc45d04fc26018c1ad0ab130f20
API Key,api_key extension:env,sahhhall/UMSMern,https://github.com/sahhhall/UMSMern,.env,backend/.env,https://github.com/sahhhall/UMSMern/blob/e5823ba5b0684daf7c70adb0a988199eb525af4f/backend/.env,7cedacae1653c017e4ecee1f1e9e10585a3f7d01
API Key,api_key extension:env,Omveshsingh/ai-goal-assistant,https://github.com/Omveshsingh/ai-goal-assistant,.env,backend/.env,https://github.com/Omveshsingh/ai-goal-assistant/blob/36ad6ba9680ec3fd9c5c6b7a6bba7aadeb5d8417/backend/.env,a1404a316d2be350cae265e473fe5ef93559e5f6
API Key,api_key extension:env,Mentallyspammed1/worldguide,https://github.com/Mentallyspammed1/worldguide,.env,pyrmethus_volumatic_bot_ccxt/.env,https://github.com/Mentallyspammed1/worldguide/blob/177fc14e4dc76bedd7c039d684e4358509b45a27/pyrmethus_volumatic_bot_ccxt/.env,da49f498a1c8513f0edd1c264ad215faf2b4cf63
API Key,api_key extension:env,rohit45717/AttendSmart,https://github.com/rohit45717/AttendSmart,.env,.env,https://github.com/rohit45717/AttendSmart/blob/095cf75b8e14ab36f5cff55ea16950c024c8aaec/.env,a3c77239204da44228f0dcf8fb1fd4c36338ae84
API Key,api_key extension:env,CodrinCT/aquisitions,https://github.com/CodrinCT/aquisitions,.env,.env,https://github.com/CodrinCT/aquisitions/blob/f8e2754bd334f8be0d2167c57ae4f80343b0c8b2/.env,bd9edff1bc54bda8904d283f5708fd99cf71bc6b
API Key,api_key extension:env,aniksaha12/audiototext,https://github.com/aniksaha12/audiototext,.env,.env,https://github.com/aniksaha12/audiototext/blob/b01714e28f867f5cc892f5060a6990ae2ca929d6/.env,3471e587457e665228f849c16bafdb697957b854
API Key,api_key extension:env,SyntaxErr0r1/KNN,https://github.com/SyntaxErr0r1/KNN,example.env,example.env,https://github.com/SyntaxErr0r1/KNN/blob/0842bd98ae50a8079d7ca3e7a1a1c4e421e49078/example.env,6a282d67094d6f1a50ea3c0d7323acc1839c4700
API Key,api_key extension:env,mohamedkharma/WeatherDash,https://github.com/mohamedkharma/WeatherDash,.env,weatherdash/.env,https://github.com/mohamedkharma/WeatherDash/blob/a7cb8f8c1a4ddb4c6e228d59c63f44391712492b/weatherdash/.env,5788b139a92d97b8ec5f96955a0e98764c9eca02
API Key,api_key extension:env,rubenpenap/web-auth,https://github.com/rubenpenap/web-auth,.env,exercises/10.email/03.problem.send/.env,https://github.com/rubenpenap/web-auth/blob/8c3ae9c85bd890578ddc9b3030cd117d754718ba/exercises/10.email/03.problem.send/.env,fb3e0269b72c52a330c67e88fb5359a9da4041cc
API Key,api_key extension:env,kamalprajapat21/MajorProject01,https://github.com/kamalprajapat21/MajorProject01,.env,Host_side/.env,https://github.com/kamalprajapat21/MajorProject01/blob/bc8197b9ec5fc127bfe5da927518d751e21f1317/Host_side/.env,939c71cb9af99251e0ff3a61f71061d2ad7ec51e
API Key,api_key extension:env,apin25/NodeJs-Belajar,https://github.com/apin25/NodeJs-Belajar,.env,sanber-be-58-final-project-alvin/.env,https://github.com/apin25/NodeJs-Belajar/blob/6bfa5c7be99359aca57289dca6ad52b087a305c0/sanber-be-58-final-project-alvin/.env,53f82b959c17b28524c9e23702ad1263ab1b6f92
API Key,api_key extension:env,harshitsharma8592/vedio2text,https://github.com/harshitsharma8592/vedio2text,.env,video2text-backend/.env,https://github.com/harshitsharma8592/vedio2text/blob/31b4cecafdb1c66daa7c98475631811318d7e761/video2text-backend/.env,107b59bd1f99cfad90ceeb5d29a7adb2df01ba9f
API Key,api_key extension:env,PrinceTirumalasetti/Infosys,https://github.com/PrinceTirumalasetti/Infosys,.env,responsible-ai-fairness/responsible-ai-fairness/src/.env,https://github.com/PrinceTirumalasetti/Infosys/blob/cf7b0eef409b08726bc82e00a0ba6635c7c1918d/responsible-ai-fairness/responsible-ai-fairness/src/.env,ec8bf53e757f9943fec91608b863913b21f67576
API Key,api_key extension:env,Uzhavarz-Connect/Uzhavar-s-Connect-x-A-arogyaX,https://github.com/Uzhavarz-Connect/Uzhavar-s-Connect-x-A-arogyaX,.env,Multilingual text translations in regional languages/.env,https://github.com/Uzhavarz-Connect/Uzhavar-s-Connect-x-A-arogyaX/blob/4d16c2b0eeeb09324ddea3e8df4491bab55336a2/Multilingual text translations in regional languages/.env,eca5cccb86ef566af3a8bff06e473d568a8f746a
API Key,api_key extension:env,deepanshuMeteor/AI-For-SoftwareDeveloper,https://github.com/deepanshuMeteor/AI-For-SoftwareDeveloper,sample.env,Devops_with_AI_Ubuntu/sample.env,https://github.com/deepanshuMeteor/AI-For-SoftwareDeveloper/blob/240e8a22abf720bd1556f1e67f5d5a168968fcd9/Devops_with_AI_Ubuntu/sample.env,7260626ca7c657c10987fbf3ff86a8d221f1bb1c
API Key,api_key extension:env,SUNWOONGKYU/SUNNY_ECOSYSTEM,https://github.com/SUNWOONGKYU/SUNNY_ECOSYSTEM,.env,HDH_Fintech/Web_ClaudeCode_Bridge/.env,https://github.com/SUNWOONGKYU/SUNNY_ECOSYSTEM/blob/4acf3d412c9166f141cd5d3d7887b070edd9a45b/HDH_Fintech/Web_ClaudeCode_Bridge/.env,86bcbb28747a914385dfea1a9a17c14395915095
API Key,api_key extension:env,suskebura/tamyokiy-backend,https://github.com/suskebura/tamyokiy-backend,.env,.env,https://github.com/suskebura/tamyokiy-backend/blob/239fe87f12fa081c15b2674da0adf3a9049aa786/.env,7bf551df75285559748ecac872c9d9366a631325
API Key,api_key extension:env,Myttyyytytyyttt/baba-hackaton-full,https://github.com/Myttyyytytyyttt/baba-hackaton-full,.example.env,twitterbaba/eliza/scripts/jsdoc-automation/.example.env,https://github.com/Myttyyytytyyttt/baba-hackaton-full/blob/ec459e255926e267011255fdbded7e5c1c3da98d/twitterbaba/eliza/scripts/jsdoc-automation/.example.env,5c7a3b7f5ea726410c18193472acfefaa0864d10
API Key,api_key extension:env,DimTony/hngstagetwofrontendplusdesign,https://github.com/DimTony/hngstagetwofrontendplusdesign,.env,.env,https://github.com/DimTony/hngstagetwofrontendplusdesign/blob/0e8310eea286b78f4a346cc9a7a5740196e59eb1/.env,be1146b97cc67e5639b8dd56109bc77f41fc31ed
API Key,api_key extension:env,prashulkale/Compiler,https://github.com/prashulkale/Compiler,.env,.env,https://github.com/prashulkale/Compiler/blob/f6ca8ec78319c0c443585b07d8eaa8c8e4188d76/.env,91782b4323f1bcf5f98438be0c35c64582600e19
API Key,api_key extension:env,Arnab2023/smock-E-commerce-website-backend-,https://github.com/Arnab2023/smock-E-commerce-website-backend-,.env,.env,https://github.com/Arnab2023/smock-E-commerce-website-backend-/blob/f68b24c34f420976e7b0b0a168bdc94ef0cb7b82/.env,a62a724e143ec8cb176ef9321fceaa3877f5516b
API Key,api_key extension:env,kevohm/stay_vacation,https://github.com/kevohm/stay_vacation,.deploy.env,.deploy.env,https://github.com/kevohm/stay_vacation/blob/8356909890a05a49e7a7eb4e9985a7163d525c06/.deploy.env,44bba06b4b6c2f372e1ce9dc5218a1df1a3a0293
API Key,api_key extension:env,phrackdude/volume_algo,https://github.com/phrackdude/volume_algo,trading_config.env,trading_config.env,https://github.com/phrackdude/volume_algo/blob/08a4b9dad38ea37cabee870753b94146a211d52f/trading_config.env,5d488b940c0d3337c9be1f979de1fcf9c049ad67
API Key,api_key extension:env,brandonvellien/kitchenact,https://github.com/brandonvellien/kitchenact,.env,backend/.env,https://github.com/brandonvellien/kitchenact/blob/985e4e6fec64d4b67caa5feb98d6d9f942ea2baf/backend/.env,cc3a3f2406101024113771f53f87d4c7fb0303ba
API Key,api_key extension:env,kshitijtapale/Language_Model,https://github.com/kshitijtapale/Language_Model,.env,Language_Model_For_Docker/backend/lmapp/.env,https://github.com/kshitijtapale/Language_Model/blob/07539be0d154bc21fc4a29d590935b356234732f/Language_Model_For_Docker/backend/lmapp/.env,1b3e53eac9a51ddb8bf7ca1d15d1a25a01fe803f
API Key,api_key extension:env,12aptor/codigo-g31,https://github.com/12aptor/codigo-g31,.env,semana06/flask-boilerplate/.env,https://github.com/12aptor/codigo-g31/blob/8424b7305ca5a00025e35d313a72d4dd3f703007/semana06/flask-boilerplate/.env,6d7752d1db7d9ea90c58666edee67e536ab370f8
API Key,api_key extension:env,joshle298/Debrief,https://github.com/joshle298/Debrief,.env,api/.env,https://github.com/joshle298/Debrief/blob/5cfaed12d43e35d870260ff681b93ff951d9441a/api/.env,0f5b5e67a1b161216ecdbe12759c5eec0e18e429
API Key,api_key extension:env,horsekitlin/RNSkelton,https://github.com/horsekitlin/RNSkelton,.env,template/.env,https://github.com/horsekitlin/RNSkelton/blob/ae06707ca051ec5a8dbd79826b70682481dcc690/template/.env,1ee97aaa49febd3dc4561b5aac420610766dcfb3
API Key,api_key extension:env,andreevnikola/camavan,https://github.com/andreevnikola/camavan,.env,.env,https://github.com/andreevnikola/camavan/blob/d12466e17ccbf568f901603122b615df24c0a290/.env,23bda346fdb5ad6056d30ebf09d6662e95283651
API Key,api_key extension:env,husen004/Training-App-API,https://github.com/husen004/Training-App-API,.env,.env,https://github.com/husen004/Training-App-API/blob/e97db5efaefad3d98435308969927d74fb2a98d2/.env,3ce35d4a11d0efa29b53c40ab36725f3e7c1d548
API Key,api_key extension:env,andremoreira73/lyfx_agents_public,https://github.com/andremoreira73/lyfx_agents_public,example.env,example.env,https://github.com/andremoreira73/lyfx_agents_public/blob/a7f4751faa098685f6a3ab4a8cee0d8be2611aff/example.env,506dac62957052a9ce0e2bc8d5cc835988ddf035
API Key,api_key extension:env,heathshults/form-builder-from-prompt-react,https://github.com/heathshults/form-builder-from-prompt-react,.env,.env,https://github.com/heathshults/form-builder-from-prompt-react/blob/acf3d538fa5f5062d78608e69bf9eb0f0057f1a8/.env,798db02674f269fed08d4879437b63e4b782b5ed
API Key,api_key extension:env,numansenlik/Graduation-Project-Code16,https://github.com/numansenlik/Graduation-Project-Code16,.env,.env,https://github.com/numansenlik/Graduation-Project-Code16/blob/a689a21aca3cd16dafc67278298c7dc574fdc9d4/.env,3da77da0e610ab0f6b62b0b04a58e39ab322ab6e
API Key,api_key extension:env,boufi9/appmeteo,https://github.com/boufi9/appmeteo,.env,.env,https://github.com/boufi9/appmeteo/blob/e77fc06a1ffcd2e06e25c3e9aa24c6fb24a109fe/.env,7ea375b584ec3169708010c1328e7eea8c2d013a
API Key,api_key extension:env,alteakapxhiu/PythonProject,https://github.com/alteakapxhiu/PythonProject,.env,.env,https://github.com/alteakapxhiu/PythonProject/blob/2673d190f419ba1bf5d3a769696621163123466a/.env,f0ecd77fa15a42031da14949c7ca4c83371e7968
API Key,api_key extension:env,SightBob/SUT-EventManager-WEB-APP,https://github.com/SightBob/SUT-EventManager-WEB-APP,.env,.env,https://github.com/SightBob/SUT-EventManager-WEB-APP/blob/015884a7bad9010b164a5598d21b8c9edccd83d4/.env,b1ad4fbb8be2c2aae0630c58e78cdeab7c474cf8
API Key,api_key extension:env,juanzafe/speed-music,https://github.com/juanzafe/speed-music,.env,.env,https://github.com/juanzafe/speed-music/blob/b4f211b0faa528deeec4b5f3c2e1b82c10531623/.env,5a48bb71987199df74a648cdc865d869292dc229
API Key,api_key extension:env,Elale1984/fsd_movie_app,https://github.com/Elale1984/fsd_movie_app,.env,.env,https://github.com/Elale1984/fsd_movie_app/blob/8507c1d271e20eef494db15700055dea8babe34c/.env,1d72ab4a9c69a2440f2103d518092b90196be595
API Key,api_key extension:env,Miompolly/myportfolio-bn,https://github.com/Miompolly/myportfolio-bn,.env,.env,https://github.com/Miompolly/myportfolio-bn/blob/5d28b25b132aae49b0de5cfc2b2a850e4fd96b01/.env,d61042a939ffcf80e2efcf2e5a2f676637ed64f6
API Key,api_key extension:env,Dreeows/FITTECH-WEB-APP,https://github.com/Dreeows/FITTECH-WEB-APP,.env,.env,https://github.com/Dreeows/FITTECH-WEB-APP/blob/23f22d427394af485c28670476e0fdd8fecf8c2b/.env,0d401358bdfd997b985a17b8208d4161b5ad1011
API Key,api_key extension:env,nishanth-vemula/chatapp,https://github.com/nishanth-vemula/chatapp,.env,.env,https://github.com/nishanth-vemula/chatapp/blob/cf6bdf9786d57346e437ecc46d7e43bf61ed8aeb/.env,e7e96f86b489e614546ba800eb54c000013d3518
API Key,api_key extension:env,shivansht5963/Sketchify-main,https://github.com/shivansht5963/Sketchify-main,.env,.env,https://github.com/shivansht5963/Sketchify-main/blob/7b267244289fae536c98e04eb000a21bf9d9446e/.env,77fd630f76d81b7736fce90e54a5b04cd6c8ff02
API Key,api_key extension:env,Aanchi-glitch2744/Jobify-Application,https://github.com/Aanchi-glitch2744/Jobify-Application,.env,.env,https://github.com/Aanchi-glitch2744/Jobify-Application/blob/4bf9e2ddcd4db2919c667e73c81a18363fdefb99/.env,50ae3c50eaad7a4a281c88cdcc35387df4042f47
API Key,api_key extension:env,Saif-EldinHatem/FitCheck-Frontend,https://github.com/Saif-EldinHatem/FitCheck-Frontend,.env,.env,https://github.com/Saif-EldinHatem/FitCheck-Frontend/blob/439a135df9a67b5bbcf83e52fe2fca74c1b52c27/.env,350ad1dadec27377b7f83b6e2f05fde11ad16653
API Key,api_key extension:env,Nashra-Tazmeen/LinkedIn--Profile--Summarizer-,https://github.com/Nashra-Tazmeen/LinkedIn--Profile--Summarizer-,.env,.env,https://github.com/Nashra-Tazmeen/LinkedIn--Profile--Summarizer-/blob/3d59489726fdc8d8d068272f8b10f3f7de00ef26/.env,066bb8b8e38107be70afb6766385be9215211d3c
API Key,api_key extension:env,fahmadiqbal1/Job-Application,https://github.com/fahmadiqbal1/Job-Application,.env,.env,https://github.com/fahmadiqbal1/Job-Application/blob/15eee842896c2283f61cf6ed1d9c828cb0ba4189/.env,6e3dd16c80abfdcc89437340985f789333d865d6
API Key,api_key extension:env,Oktafianugrahadi/sanber-be-58-final-project-Okta,https://github.com/Oktafianugrahadi/sanber-be-58-final-project-Okta,.env,.env,https://github.com/Oktafianugrahadi/sanber-be-58-final-project-Okta/blob/195e3b6fedaf1fd34316aa613b6bc18dec7a6ec4/.env,7c5d1e3da8bc9871b80f901236fef9a5caae17f0
API Key,api_key extension:env,Rakeshmaragani/Elevate-You-Learn-Prepare-Succeed,https://github.com/Rakeshmaragani/Elevate-You-Learn-Prepare-Succeed,.env,.env,https://github.com/Rakeshmaragani/Elevate-You-Learn-Prepare-Succeed/blob/f90303b945d31a625c107366652ecc3b83123ebc/.env,836364bd447e6659166dc4b710289b8616bf0eb4
API Key,api_key extension:env,lordofmops/catTinder,https://github.com/lordofmops/catTinder,.env,.env,https://github.com/lordofmops/catTinder/blob/9fd684662805640e7211c553779d8e67c1d245ca/.env,6011c69cc45afae01873e01e1a180636ee95825c
API Key,api_key extension:env,neelp-git/generative-ai,https://github.com/neelp-git/generative-ai,.env,.env,https://github.com/neelp-git/generative-ai/blob/779592e441b7b7ea481a08b72c37777fb906db50/.env,67793feffa83e27fe0170039f4067c499517e719
API Key,api_key extension:env,raghu-gurram/Scheme_Saathi,https://github.com/raghu-gurram/Scheme_Saathi,.env,.env,https://github.com/raghu-gurram/Scheme_Saathi/blob/a0b8871df6e85c5953b21c05b82d78fe30ba8b72/.env,690004fe281d16868841f26fb4aa48806c7f6789
API Key,api_key extension:env,Jsanchezv6/bustrack2025,https://github.com/Jsanchezv6/bustrack2025,.env,.env,https://github.com/Jsanchezv6/bustrack2025/blob/5c8c5c65f713a1d77cc65efb4faa2abf18fe89c3/.env,ce969f5cf486395deaeddf417503b3149dcb312a
API Key,api_key extension:env,delettrea/apod-project,https://github.com/delettrea/apod-project,.env,.env,https://github.com/delettrea/apod-project/blob/7f4f5535ef3252feabd2c15140dfb4bdedb0398b/.env,4d4c27208339d7618ecbd46b51d54dfbcc5e6cab
API Key,api_key extension:env,ami-raian/Dreamemirates-identity-haji-saddam-gold-shop,https://github.com/ami-raian/Dreamemirates-identity-haji-saddam-gold-shop,.env,.env,https://github.com/ami-raian/Dreamemirates-identity-haji-saddam-gold-shop/blob/fcbdfd8b419b2f688cc0965206c3da71c239dee7/.env,103caf3b2e2b8a2bbfb83747ad206f689824bd53
API Key,api_key extension:env,eddyizm/paper-trail,https://github.com/eddyizm/paper-trail,.dev.env,.dev.env,https://github.com/eddyizm/paper-trail/blob/fab5ecb497f6178d8d4a974a20045d38ebb44fa3/.dev.env,0f51637e59c787c9d74787180139c152ab5563e4
API Key,api_key extension:env,tsechinchi/agent-proj,https://github.com/tsechinchi/agent-proj,keys.env,keys.env,https://github.com/tsechinchi/agent-proj/blob/0ae3a237d064d559bbf6228b0c869d1767a85246/keys.env,6e5e3586c373316cc7ea6d725d98a0a55870a67a
API Key,api_key extension:env,janginh/SW_contest,https://github.com/janginh/SW_contest,.env,bat/.env,https://github.com/janginh/SW_contest/blob/3a61fff56c26257299ac4ec2286b9f391c590664/bat/.env,2b0f7795a5f0e47fa7cb21244ec346f7597a7226
API Key,api_key extension:env,SamuelBrooks115/Denari,https://github.com/SamuelBrooks115/Denari,FMP-API.env,frontend/FMP-API.env,https://github.com/SamuelBrooks115/Denari/blob/500584adc77276ef6e52ceaf2bca0b707f7aaf20/frontend/FMP-API.env,6ba82cdb38e411ff7ac1c7b7b2f1a0aa4f8b4fa0
API Key,api_key extension:env,digitex-erp/bell24h,https://github.com/digitex-erp/bell24h,.env,server/.env,https://github.com/digitex-erp/bell24h/blob/96347393585503a350b3849d6308ab6719659d39/server/.env,10b3df7b3bb3b5f7c7565bde2df9af2a543db983
API Key,api_key extension:env,JustRob12/Laboratory-T7-T8-Docker,https://github.com/JustRob12/Laboratory-T7-T8-Docker,.env,server/.env,https://github.com/JustRob12/Laboratory-T7-T8-Docker/blob/fa98c774e0b1d5f92f1db055fdfdaf099049d0dd/server/.env,dda6f3d72dfce75091c8c8d4ac865f337150c62d
API Key,api_key extension:env,Abitha2701/CodeLearn,https://github.com/Abitha2701/CodeLearn,.env,backend/.env,https://github.com/Abitha2701/CodeLearn/blob/591514b7bf28a2497c4cea156b17ae08af32d796/backend/.env,1d27ae8cc8b2f7539fb63c906236777578b74587
API Key,api_key extension:env,satvik1406/briefly,https://github.com/satvik1406/briefly,.env,backend/.env,https://github.com/satvik1406/briefly/blob/3806220056265f8630555de4981d162d14d50f7a/backend/.env,0159b52fe800156eee3fc81cde9ede4cc2838ae2
API Key,api_key extension:env,SantOvalle08/ProyectoAnalisisAlgoritmos,https://github.com/SantOvalle08/ProyectoAnalisisAlgoritmos,.env,Backend/.env,https://github.com/SantOvalle08/ProyectoAnalisisAlgoritmos/blob/b3bc659149f1427a9338fe5840df845a095d3ef2/Backend/.env,5de108e98a02552a595c97e52b328bdd766ee776
API Key,api_key extension:env,Raiden126/vonage_video_website,https://github.com/Raiden126/vonage_video_website,.env,backend/.env,https://github.com/Raiden126/vonage_video_website/blob/d48c75b1afad70ff9ada932831b36f01ef00ccee/backend/.env,85e5b7ff63149921a5f7ba5776a14018fc8be269
API Key,api_key extension:env,WerKdev/SABER-TCC,https://github.com/WerKdev/SABER-TCC,.env,backend/.env,https://github.com/WerKdev/SABER-TCC/blob/a98263598c823d2beff12b3500f6a10142f1f48e/backend/.env,ee40ba3d527f6755fe85bae79c2e3345fefc6fef
API Key,api_key extension:env,RanjeetPatel2017/Hr_Mangement,https://github.com/RanjeetPatel2017/Hr_Mangement,.env,backend/.env,https://github.com/RanjeetPatel2017/Hr_Mangement/blob/4c40365d7057d7bea19484d7765349331cfd3bc3/backend/.env,c5bb0e9ce5041f5392ab37f1121df1a02089c7af
API Key,api_key extension:env,Abuczy/CineTrack,https://github.com/Abuczy/CineTrack,.env,backend/.env,https://github.com/Abuczy/CineTrack/blob/86c9e3b23e0b58ff997ef440fc51e2b9268e5ba0/backend/.env,ab5771dd9123d087a099235601751f1ad73458e4
API Key,api_key extension:env,twsf-strugg1es/E-learning-Based-AI-Tutoring-System,https://github.com/twsf-strugg1es/E-learning-Based-AI-Tutoring-System,.env,frontend/.env,https://github.com/twsf-strugg1es/E-learning-Based-AI-Tutoring-System/blob/e51d157df335be5490ae678ceb59467356608347/frontend/.env,d6a17e902492f51d88976a114047b8e00328c926
API Key,api_key extension:env,dev-kumarankit/galetti,https://github.com/dev-kumarankit/galetti,local.env,envs/local.env,https://github.com/dev-kumarankit/galetti/blob/a6bf0201ae8b75c0154e4bf87b56ddd091910061/envs/local.env,2f86fa2e94a8087d1591c1743d76cc596aa028f3
API Key,api_key extension:env,Gogvych/Agentic_Grocery_AI_Assistant,https://github.com/Gogvych/Agentic_Grocery_AI_Assistant,.env,.env,https://github.com/Gogvych/Agentic_Grocery_AI_Assistant/blob/03445f926e1f55eff1cec412bed2f249795163fe/.env,fcf9a8cce527e03c9dc57a95f8a1df97ea2e6aaa
API Key,api_key extension:env,WengWeng7/AI-Cashier-FYP2,https://github.com/WengWeng7/AI-Cashier-FYP2,.env,LLM_Module/.env,https://github.com/WengWeng7/AI-Cashier-FYP2/blob/a2bc15b2ad9c7a3d3be9cc213da4f4084946edbe/LLM_Module/.env,b8d79805bc270ca4d8a98003f69d71dca8cbf044
API Key,api_key extension:env,darkblue1015/pro-spectAI,https://github.com/darkblue1015/pro-spectAI,.env,react-chat/.env,https://github.com/darkblue1015/pro-spectAI/blob/bc7cc3e11daae5a249a4a41d37d7317862015946/react-chat/.env,43be8fa946ac52cbf038ade52cc24aac9e068036
API Key,api_key extension:env,SOMANcode786/Agentic_AI,https://github.com/SOMANcode786/Agentic_AI,.env,Browser_use/.env,https://github.com/SOMANcode786/Agentic_AI/blob/f05ec9c75bc87a098d2f9604187a02518eef1b24/Browser_use/.env,9b064a9077aea4f4169f468432d45e5e48cb9dc9
API Key,api_key extension:env,KatrinaFan0122/changleweiyang,https://github.com/KatrinaFan0122/changleweiyang,demo.env,backend/demo.env,https://github.com/KatrinaFan0122/changleweiyang/blob/0aaa2f5e2b3d643ef418767c6ec00fc6dbba9da0/backend/demo.env,c0aacdbe8a4471ccaa7c5d8a1bdace963b1cfc43
API Key,api_key extension:env,PasinduHirumal/liquor-web-app,https://github.com/PasinduHirumal/liquor-web-app,.env,web-frontend/.env,https://github.com/PasinduHirumal/liquor-web-app/blob/24b464c9987abc0f153fb03de491fa9372fe7b55/web-frontend/.env,a862b023afbad95b0f2f6a02fb2b3d9cf687a45d
API Key,api_key extension:env,snelson4693/shahboogie,https://github.com/snelson4693/shahboogie,python-dotenv.env,python-dotenv.env,https://github.com/snelson4693/shahboogie/blob/73e1ed122aad902ddb58af3cf8117f6e25e65ade/python-dotenv.env,91326f96cefb97aff8fc912f48adc82b8c9da7e4
API Key,api_key extension:env,MIRACULOUS65/NovaAid,https://github.com/MIRACULOUS65/NovaAid,.env,FRONTEND/novaaid-app/.env,https://github.com/MIRACULOUS65/NovaAid/blob/7f69956143164d57f6b294e3c31ab0bcda12be77/FRONTEND/novaaid-app/.env,c3fe2deeb93468893d3829de336c0c45d67bd5c9
API Key,api_key extension:env,LyvieSaba/VEF-2VF05CU,https://github.com/LyvieSaba/VEF-2VF05CU,.env,.env,https://github.com/LyvieSaba/VEF-2VF05CU/blob/8eec6109627eeea46734dc10c52da785ec85b0fa/.env,709eb21e8883e12858455b40a2c520898ee13575
API Key,api_key extension:env,Fly0708/ctrip-backend,https://github.com/Fly0708/ctrip-backend,.env,.env,https://github.com/Fly0708/ctrip-backend/blob/26539b9a4439c5ac325594e000b7b8169fc07e55/.env,9551ce18a7f3f53ac2aedbdc792e3d83bfd8bfdb
API Key,api_key extension:env,Future2003s/ProjectQR,https://github.com/Future2003s/ProjectQR,.env,server/.env,https://github.com/Future2003s/ProjectQR/blob/232dd50c73b34da0a6a381c9779d6958c6c338e2/server/.env,b21b727534d4d000697f9bb3412967eabcad3ede
API Key,api_key extension:env,Heet-Sheth/RFP,https://github.com/Heet-Sheth/RFP,example.env,BE/example.env,https://github.com/Heet-Sheth/RFP/blob/3664b8a458df25e06266367e9271175b92196ae1/BE/example.env,ba4b413476851c1945c19b0f8ae80e3f69088077
API Key,api_key extension:env,Isaiahg46/workflows-lesson,https://github.com/Isaiahg46/workflows-lesson,.env,Develop/environment/.env,https://github.com/Isaiahg46/workflows-lesson/blob/d68f405e61e70dd13eb77ee0ea42e27220928c4f/Develop/environment/.env,c2f063dedded6173981b586482fa8e42bed176cf
API Key,api_key extension:env,Katarina37/oib_tim04,https://github.com/Katarina37/oib_tim04,.env,infrastructure/microservices/audit-microservice/.env,https://github.com/Katarina37/oib_tim04/blob/20d377d212779a727d5301d0c6786a33b772c21b/infrastructure/microservices/audit-microservice/.env,e08deed0e770694f71498836b975e1f07cbca591
API Key,api_key extension:env,aldob-mohamed96/sell,https://github.com/aldob-mohamed96/sell,.env,env/.env,https://github.com/aldob-mohamed96/sell/blob/c6b0371a2ca4be82da1f99ebdf2c02f9573f09fe/env/.env,e71b09a6130a973b888999f3cc9e631a884e3110
API Key,api_key extension:env,GAIR-NLP/AgencyBench,https://github.com/GAIR-NLP/AgencyBench,.env,AgencyBench-v2/Research/scenario4/.env,https://github.com/GAIR-NLP/AgencyBench/blob/ec65324be69e81bd4fe394ef6a86d48b8fa5da56/AgencyBench-v2/Research/scenario4/.env,99a4bd24482bad144210ba031ad17a2994b582f3
API Key,api_key extension:env,priamai/CyberQA,https://github.com/priamai/CyberQA,example.env,example.env,https://github.com/priamai/CyberQA/blob/331e4e2c0a5060bd4248e05d34a8030c051acc9c/example.env,9bb19fdd5627d2fa95519417ae1ec25ad22c8249
API Key,api_key extension:env,nightona-co/nightona,https://github.com/nightona-co/nightona,.env,apps/nightona-e2e/.env,https://github.com/nightona-co/nightona/blob/3a0af2b34cf789ce5cb9385ef1d8b17cc65c977c/apps/nightona-e2e/.env,a7fc56c401ae681fcc2b2cf713db0647b32e2d82
API Key,api_key extension:env,Cindyzzz616/Mora,https://github.com/Cindyzzz616/Mora,keys.env,backend/Entities/keys.env,https://github.com/Cindyzzz616/Mora/blob/9130d4bdc0ae062822001a54821bca77466174cd/backend/Entities/keys.env,87f2e7c1435e1d2b22ab71270c556ac722520ac4
API Key,api_key extension:env,jthom2/email-chat,https://github.com/jthom2/email-chat,example_env.env,example_env.env,https://github.com/jthom2/email-chat/blob/e4fcb11de6db867380f83f605ad9699b377f33a1/example_env.env,9847a1df18c1ff8797ad55b83f8c3fc2afaedef8
API Key,api_key extension:env,emirkoz7/watchy,https://github.com/emirkoz7/watchy,.env,.env,https://github.com/emirkoz7/watchy/blob/c8d583a5fc5a1198821b7471e9c89d13cc9a4880/.env,acc15b016d4722780a9be890845f773aab461d7f
API Key,api_key extension:env,Zeriabo/Zwash,https://github.com/Zeriabo/Zwash,.env,.env,https://github.com/Zeriabo/Zwash/blob/82b2af5a4a46cda52c4c17a46ba7102b2556c168/.env,7e633badadca8fa8b5dd897bf05197301b8da0d1
API Key,api_key extension:env,Treedy2020/WeChatLog,https://github.com/Treedy2020/WeChatLog,.env,.env,https://github.com/Treedy2020/WeChatLog/blob/5a88812b0f17cb6477834891a841e4642c64f361/.env,411dd749fc9505b1951c941f5646111530029459
API Key,api_key extension:env,KENnotcode/Estoria,https://github.com/KENnotcode/Estoria,.env,.env,https://github.com/KENnotcode/Estoria/blob/82d6fe49a27e37c00524ed0d14d1716da08a1cf9/.env,7bd9d797f5eda0e04cb932787e61c7927e4d2bf9
API Key,api_key extension:env,dareljohnson/chatgpt-text-image-video-console-app,https://github.com/dareljohnson/chatgpt-text-image-video-console-app,.env,.env,https://github.com/dareljohnson/chatgpt-text-image-video-console-app/blob/9a69483904401755636ee543b11d6729fc9a9b17/.env,3f8bbf03294e0e33e2159af19793c9a5d5ce7e12
API Key,api_key extension:env,vuflysocial/mai-dashboard,https://github.com/vuflysocial/mai-dashboard,.env,.env,https://github.com/vuflysocial/mai-dashboard/blob/f59e39ccbe9f5783ec17f3ea068967fb39f55be0/.env,a111aff7ac30099d6050841aaaa5e051d54ebb32
API Key,api_key extension:env,amitamrutiya/MeetnChat,https://github.com/amitamrutiya/MeetnChat,sample.env,apps/web/sample.env,https://github.com/amitamrutiya/MeetnChat/blob/516521b6a752217525c89d552296a08236543b77/apps/web/sample.env,e3ae7b6aee933f5a02e197dc7073ebb597daf233
API Key,api_key extension:env,arsmm/dravprt,https://github.com/arsmm/dravprt,config.env,config.env,https://github.com/arsmm/dravprt/blob/03cd0f9e124ef47a5dadeadd8c411c9e078bff75/config.env,15986b496a10e68d3388eab47060402ee7c645b5
API Key,api_key extension:env,AlteredPixel/libredesk-mcp,https://github.com/AlteredPixel/libredesk-mcp,example.env,example.env,https://github.com/AlteredPixel/libredesk-mcp/blob/3beb7c21e7012b28fe39a174f87059f095c16adb/example.env,f9ac63c924638834e9e67d8c52e4156ee8881cbd
API Key,api_key extension:env,4danny03/debre-bisrat-web-portal,https://github.com/4danny03/debre-bisrat-web-portal,.env,.env,https://github.com/4danny03/debre-bisrat-web-portal/blob/dc5f1c46b30f0f3f80ef74fa4e6db25a35a6c497/.env,df3496437f8f149abc70ede9bc0c39bb99374a43
API Key,api_key extension:env,harinivasudatla/AISearchDemo,https://github.com/harinivasudatla/AISearchDemo,.env,.env,https://github.com/harinivasudatla/AISearchDemo/blob/e3c7323a5b28fe5c8e6a3695588ba52061f6df17/.env,80e2a8e26467b438b738b1d4baee3382844e742e
API Key,api_key extension:env,saragolbek/LoveLitReviews,https://github.com/saragolbek/LoveLitReviews,.env,.env,https://github.com/saragolbek/LoveLitReviews/blob/3bd342cd737329a72dc2a6190b8534ce2d25bf68/.env,75c634b3569e27e1daabb89cf27f4f6138d1714b
API Key,api_key extension:env,dhanushkajayasekara/watchwiz,https://github.com/dhanushkajayasekara/watchwiz,.env,.env,https://github.com/dhanushkajayasekara/watchwiz/blob/0adeaeadea7d125b038bc81afd955ce8fcb7a0e2/.env,abb862800b623ee6a54d5aa5fcd63bed091fdff1
API Key,api_key extension:env,Markon2223/Dagu_senior,https://github.com/Markon2223/Dagu_senior,.env,.env,https://github.com/Markon2223/Dagu_senior/blob/17db1753f7119597f29f7bfa9889ac9e249d3a3d/.env,078e680587a7a7c042d2e700fa7725c83d8faa29
API Key,api_key extension:env,FabioMDS-SC/20261sre-projeto-final,https://github.com/FabioMDS-SC/20261sre-projeto-final,.env,.env,https://github.com/FabioMDS-SC/20261sre-projeto-final/blob/381d244a0ebd260f8916f1c15ff903502f6dd671/.env,c4b4f8a8562bc65cda8c2195302eda818ce645b4
API Key,api_key extension:env,bilguunbekyu-cell/ChessWebV2,https://github.com/bilguunbekyu-cell/ChessWebV2,.env,.env,https://github.com/bilguunbekyu-cell/ChessWebV2/blob/b157849891469e060889e6b8b41f320fe869b398/.env,73bd3fbf571d444c4b2dfa54372fdeb1920dd921
API Key,api_key extension:env,Carlosgmdev/ClimaApp,https://github.com/Carlosgmdev/ClimaApp,.env,.env,https://github.com/Carlosgmdev/ClimaApp/blob/a92419670c2d398f09c49a851502aac9ba5a2607/.env,f453b7fcafd03e5855adff5b1ada3ea633ab1f23
API Key,api_key extension:env,IdeaQru/fishappnew,https://github.com/IdeaQru/fishappnew,.env,.env,https://github.com/IdeaQru/fishappnew/blob/f1815d9c429f6fe4800bd4d8b14ca33969f074ab/.env,9a87cd1a6f2d2420250af895ce8300a543a24d6a
API Key,api_key extension:env,Prakashdeshmuk/Project1,https://github.com/Prakashdeshmuk/Project1,.env,.env,https://github.com/Prakashdeshmuk/Project1/blob/caef1df847e5eca9e4ed9911e30284adc143b5ff/.env,74e5bfd1296a6d996aa6da0126a6e7c38d6aa44e
API Key,api_key extension:env,abdurahmanabdi/weatherApp,https://github.com/abdurahmanabdi/weatherApp,.env,.env,https://github.com/abdurahmanabdi/weatherApp/blob/710386d8cb5b1bf07d566d19c62d22541bef0349/.env,6127f03969bf71523386c85e44f21e03f6768a14
API Key,api_key extension:env,DebanikM/AbncomAI,https://github.com/DebanikM/AbncomAI,.env,.env,https://github.com/DebanikM/AbncomAI/blob/d2afb864cd9982df10c22d638392d67fb57635bd/.env,188a9a35108b4537f8a8edccb1dddf51834251e4
API Key,api_key extension:env,deljumojtaba/golang-bookings,https://github.com/deljumojtaba/golang-bookings,.env,.env,https://github.com/deljumojtaba/golang-bookings/blob/5e67a7ad2c4cdb363c09680e38d3c1c1c9d44855/.env,b5ee9a9b5bbb4c3c87cf6e42ecd762c42faa1420
API Key,api_key extension:env,MedaDivya05/Testmusic-main,https://github.com/MedaDivya05/Testmusic-main,.env,.env,https://github.com/MedaDivya05/Testmusic-main/blob/f9f5b1d36b2c82f48f3b904bc2a368c394e354fc/.env,bab13914010ad2f3135461c54cf83a5d24f57bb6
API Key,api_key extension:env,linetgitonga/MAMASCAN_BACKEND,https://github.com/linetgitonga/MAMASCAN_BACKEND,.env,.env,https://github.com/linetgitonga/MAMASCAN_BACKEND/blob/42e32e4768d622ef1a5febc3dd994acb734817c4/.env,3b081e1b43ed22ed2f31a22770440e4a764d1431
API Key,api_key extension:env,muhammad-hamza-liaqat/user-management-system,https://github.com/muhammad-hamza-liaqat/user-management-system,.env,.env,https://github.com/muhammad-hamza-liaqat/user-management-system/blob/215cd30f1ea36f8ec155f23ede6a62c410f2a758/.env,753b54d6eb08f150c1d014b5988d96b2a91b0a52
API Key,api_key extension:env,Navishh/ai-saas-platform,https://github.com/Navishh/ai-saas-platform,.env,.env,https://github.com/Navishh/ai-saas-platform/blob/05038598c59626f54cf630b5f6a9c216c1215506/.env,735e3654767d5f337716d19712409aa61786dce1
API Key,api_key extension:env,CardSorting/untitled-folder-17,https://github.com/CardSorting/untitled-folder-17,.env,.env,https://github.com/CardSorting/untitled-folder-17/blob/9799267e45f3567964c34858ace2cf8870cb2e3a/.env,b595ccfe64d6de35aaeaf59bf58be371cee71e16
API Key,api_key extension:env,Merc-git-cpu/Assigno,https://github.com/Merc-git-cpu/Assigno,.env,.env,https://github.com/Merc-git-cpu/Assigno/blob/9aff40ddd1a5f355d8715b1a12644841d10541ed/.env,7311346bb41f8ab51a8a3f56ac4b3cf5eadfd317
API Key,api_key extension:env,Minhal128/adversity-trading-app,https://github.com/Minhal128/adversity-trading-app,.env,.env,https://github.com/Minhal128/adversity-trading-app/blob/db69ff1e7155002fd91d8fde82c2cc76b77a59a1/.env,6ae275c8984d03182850706e4cac50c9324896ff
API Key,api_key extension:env,wrmarte/MuscleRHB,https://github.com/wrmarte/MuscleRHB,.env,.env,https://github.com/wrmarte/MuscleRHB/blob/d5b894595755cf42a5952d64073940d65eebccd7/.env,1762609e9254e8c524030eaea0bb4ff3f93ed996
API Key,api_key extension:env,qin-net/agentstudy,https://github.com/qin-net/agentstudy,.env,.env,https://github.com/qin-net/agentstudy/blob/787fdc520d6bd6584d0bce08dd1337ab8ebd711a/.env,1cbc24040273bc227c867f4cd477722763d3c63c
API Key,api_key extension:env,Anupamashetty27/Slide_decker,https://github.com/Anupamashetty27/Slide_decker,ML.env,ML.env,https://github.com/Anupamashetty27/Slide_decker/blob/826b9816450422c8b01f3e43ed49421530073dab/ML.env,495d3cebaa5ff32639818ea9897b0ed79ae73038
API Key,api_key extension:env,cjsauvain/ft_transcendance,https://github.com/cjsauvain/ft_transcendance,.env,srcs/.env,https://github.com/cjsauvain/ft_transcendance/blob/a6d8f04bf9e736659e60e09c00c761a8aad302a3/srcs/.env,421e94e4bc95cba756373123ef9eb64b862f387a
API Key,api_key extension:env,Messillas10/PoC-agentrrhh,https://github.com/Messillas10/PoC-agentrrhh,example.env,example.env,https://github.com/Messillas10/PoC-agentrrhh/blob/609c50df53fdce8e23eb8c78b756b94ffd0ede87/example.env,cea7f0f6d5a513d6f4a2d15485f2de8014850183
API Key,api_key extension:env,Asertwice020/TalkBox,https://github.com/Asertwice020/TalkBox,.env,Server/.env,https://github.com/Asertwice020/TalkBox/blob/7aa3878885f635d6d67336d60ad87ce1d4535527/Server/.env,ac12b82ba85698acfc320e89296d52c2791ae972
API Key,api_key extension:env,Tharnikaa/FinAddl,https://github.com/Tharnikaa/FinAddl,.env,server/.env,https://github.com/Tharnikaa/FinAddl/blob/56522d6e2cf09d6f14454d5d88fb6e4222342e1a/server/.env,246ba69edfb0378d4203878ed7d642684f22f9f1
API Key,api_key extension:env,vithushen/portfolio-vithu,https://github.com/vithushen/portfolio-vithu,.env,server/.env,https://github.com/vithushen/portfolio-vithu/blob/f1c5f9bf5c4c950313d5b6a7ccc939177d8d83aa/server/.env,2013ef538debcabd3fe3d5373f975479511bc24f
API Key,api_key extension:env,amultiwary/Cravery,https://github.com/amultiwary/Cravery,.env,Backend/.env,https://github.com/amultiwary/Cravery/blob/044399dcac999affa8cbff0b88ece56e270e0028/Backend/.env,3f1b61c2df23c2d656823c5b2cb9045d0072053b
API Key,api_key extension:env,Sujith-Nihar/Clinical-RAG,https://github.com/Sujith-Nihar/Clinical-RAG,.env,backend/.env,https://github.com/Sujith-Nihar/Clinical-RAG/blob/b8f4f23590a149813e78624315d47ac9945f68f3/backend/.env,d22ec5d98899dd54da76d3c670eb63143074ffdb
API Key,api_key extension:env,rodrigonyam/react-movie,https://github.com/rodrigonyam/react-movie,.env,backend/.env,https://github.com/rodrigonyam/react-movie/blob/3ce62f5836b6d36e5c5cdceddf1d77c22cafd3e5/backend/.env,ec6677bca77fecc9e0ebb484b6245a46339c7b35
API Key,api_key extension:env,mohanasrujana/briefly,https://github.com/mohanasrujana/briefly,.env,backend/.env,https://github.com/mohanasrujana/briefly/blob/e499233c8e1b200af7dceb1d98bbef56d5eb4a46/backend/.env,0159b52fe800156eee3fc81cde9ede4cc2838ae2
API Key,api_key extension:env,schrodingersket/winter2025-darve-rotation,https://github.com/schrodingersket/winter2025-darve-rotation,.default.env,.default.env,https://github.com/schrodingersket/winter2025-darve-rotation/blob/a8b6a8938fff81dd91a156e67168e10d38f0710d/.default.env,957253614db1f7b33eaec0d6b19b818ff4b989d9
API Key,api_key extension:env,piyushshahi01/rapidsos-main,https://github.com/piyushshahi01/rapidsos-main,.env,backend/.env,https://github.com/piyushshahi01/rapidsos-main/blob/0e10b631e16b06cc5c1ab6b29d3bea0d530605ff/backend/.env,d37750b8eb67180f140dbc253b975303f51431cc
API Key,api_key extension:env,krioryxpmprd-alt/effective-fiesta,https://github.com/krioryxpmprd-alt/effective-fiesta,.env,backend/.env,https://github.com/krioryxpmprd-alt/effective-fiesta/blob/a69d52a2817c42e1faf1e65732f84f81ff494a08/backend/.env,7b66e5ffc01b032cb8b3f08dc602766ecd2ec2e9
API Key,api_key extension:env,vyom-nikhra/votechain,https://github.com/vyom-nikhra/votechain,.env,backend/.env,https://github.com/vyom-nikhra/votechain/blob/efa276fae3a33f15db8cd8da948dced1912a262b/backend/.env,b37b4eb7f5885c9b3031c10bb0d8fbfb58dc31d3
API Key,api_key extension:env,janith-official/CeylonNaturalGems-SSD,https://github.com/janith-official/CeylonNaturalGems-SSD,.env,backend/.env,https://github.com/janith-official/CeylonNaturalGems-SSD/blob/b08cacf69ac4c23d08739020c721d3db940f1126/backend/.env,5645ba8a61388ba73e1177b30599ae142e6e12d8
API Key,api_key extension:env,Fidowahyu/Sanggar-anak-kucica,https://github.com/Fidowahyu/Sanggar-anak-kucica,.env,backend/.env,https://github.com/Fidowahyu/Sanggar-anak-kucica/blob/9ed9dedbd9d7d8c9e872b87b130bf19f777bbd46/backend/.env,39882c6b4f528cc05a120a304fc0745dfc653bc3
API Key,api_key extension:env,silent-cipher/echoFlow,https://github.com/silent-cipher/echoFlow,template.env,contracts/oracles/template.env,https://github.com/silent-cipher/echoFlow/blob/7ffe6ddd0cb938e2f426fbe527a2bf0a6530eb77/contracts/oracles/template.env,cd995f22fd113f00ab70860bff02bd57a155cf25
API Key,api_key extension:env,JimmyBryant/youtube-auto-process,https://github.com/JimmyBryant/youtube-auto-process,prod.env,config/prod.env,https://github.com/JimmyBryant/youtube-auto-process/blob/cb6490a89837eba3a1d3e93faeda09c5d35e8130/config/prod.env,1e5efaa63453e83dcf880cb80a9bf7e1bd26a2ab
API Key,api_key extension:env,lukky44-bit/Course_recommendation_system_with_llm_integration,https://github.com/lukky44-bit/Course_recommendation_system_with_llm_integration,.env,mern/server/.env,https://github.com/lukky44-bit/Course_recommendation_system_with_llm_integration/blob/92752604854aea5ef755a00de57098cf8c9c1107/mern/server/.env,73249852a6bbc042e7544dd748995022f6dfd56b
API Key,api_key extension:env,seidmekuriaw3-oss/welloyewa_new,https://github.com/seidmekuriaw3-oss/welloyewa_new,dev.env,devops/environments/dev.env,https://github.com/seidmekuriaw3-oss/welloyewa_new/blob/d75ead00149c255de861bd3dbe8db19dc0ec944f/devops/environments/dev.env,a6b4d65f8210ea438198900a15e845bdc8b70a27
API Key,api_key extension:env,Yashini-Hettiarachchi/bus_system,https://github.com/Yashini-Hettiarachchi/bus_system,.env,bus-system-main/.env,https://github.com/Yashini-Hettiarachchi/bus_system/blob/530840ad0dc8652fb3a472a38678e01a74a9f166/bus-system-main/.env,f38aa123ffde24f6e0ccda31aee50c1a5f99a2b6
API Key,api_key extension:env,YoungGilMad/frontend,https://github.com/YoungGilMad/frontend,.env,.env,https://github.com/YoungGilMad/frontend/blob/eac139c0f56d8a622bbea292255a0c183bcd0921/.env,26322d9f7af97cd9a5276412875f0d19c2556976
API Key,api_key extension:env,gemac2/emacross-bot,https://github.com/gemac2/emacross-bot,.env,.env,https://github.com/gemac2/emacross-bot/blob/874bbfbf7b6c92761cebac7798a4240a5854c284/.env,93a67672b425e73ae0c25b1e458a1c5f3be86b93
API Key,api_key extension:env,Bayrem12/Python_Lab4,https://github.com/Bayrem12/Python_Lab4,.env,.env,https://github.com/Bayrem12/Python_Lab4/blob/eddbf871aa532e6ae77b8e33962cb6a7d8e628a5/.env,ec95ba87c31b480edc6d0ce3ee6d08e42caf7106
API Key,api_key extension:env,Felakz/J-C-Studio,https://github.com/Felakz/J-C-Studio,.env,.env,https://github.com/Felakz/J-C-Studio/blob/b49dbf19185e8c84eee60a6997a4c5b27f96970e/.env,0a298e9e9222dd3da3c6ae8fb6f27f9f095b2ab0
API Key,api_key extension:env,SLAfathers/schoenstatt-revamp-frontend,https://github.com/SLAfathers/schoenstatt-revamp-frontend,.env,.env,https://github.com/SLAfathers/schoenstatt-revamp-frontend/blob/7164bf4447256e905c7eada0080ad0cb7ac825fd/.env,6f5e2af56de01f133e418ddb434cc86d28a77184
API Key,api_key extension:env,txmaniac/ai-game-gen,https://github.com/txmaniac/ai-game-gen,.env,.env,https://github.com/txmaniac/ai-game-gen/blob/0949fe5bc21585b848bbef962e46e92339c7454c/.env,3eafb04f982b75b6170bdf5a974f2f6e351e2e1e
API Key,api_key extension:env,arieluthfi/gemini-ai-api-project,https://github.com/arieluthfi/gemini-ai-api-project,.env,.env,https://github.com/arieluthfi/gemini-ai-api-project/blob/75cfafc05e64df5f7fe723a835eae20ddaeb9bb9/.env,dfd44daa3fd3afbd2631070a3544fa8810a5ead1
API Key,api_key extension:env,voraingautam/Assignment_Feedback_App,https://github.com/voraingautam/Assignment_Feedback_App,.env,.env,https://github.com/voraingautam/Assignment_Feedback_App/blob/b42e8e3ae14616e1603f39cb762ad3f25382175b/.env,3a5bd85618cc08ab07f589c9d38f838bab656382
API Key,api_key extension:env,OfensiveAI/PlantID,https://github.com/OfensiveAI/PlantID,.env,.env,https://github.com/OfensiveAI/PlantID/blob/4a18d5c2f625427e32f3f10dac4c125f337940c4/.env,2138943e64a0e012a7c33f9da45b712af3d458c7
API Key,api_key extension:env,JayaweeraPAM/ITP75BACKEND,https://github.com/JayaweeraPAM/ITP75BACKEND,.env,.env,https://github.com/JayaweeraPAM/ITP75BACKEND/blob/0f8ed908dd37b882f6be71a12b1434db0f2df1e2/.env,04be7fb7c0f4cf5224de79e9fdb049ca5fbbe81d
API Key,api_key extension:env,Shifat80/iHospital,https://github.com/Shifat80/iHospital,.env,.env,https://github.com/Shifat80/iHospital/blob/4b0f55167b580d5c4cd367f40ed1acf6540a5c7f/.env,633ad90b705839219f14dfdeee4dce8c42546918
API Key,api_key extension:env,JanaAbdallah/Web2Video-Backend,https://github.com/JanaAbdallah/Web2Video-Backend,.env,.env,https://github.com/JanaAbdallah/Web2Video-Backend/blob/1d774412b979dd57516fb324d969912141bf652a/.env,e6effdbdf03cab05148f97afffecfeaae3e7f30d
API Key,api_key extension:env,delcode92/norman_log_node_server,https://github.com/delcode92/norman_log_node_server,.env,.env,https://github.com/delcode92/norman_log_node_server/blob/f54ae40dd396e0f4f07cb08449e2036477be42d7/.env,adebdb3293602e28cb2a80f6ef62502db0e2199d
API Key,api_key extension:env,trapti2003/E-Auction-for-Vehicles,https://github.com/trapti2003/E-Auction-for-Vehicles,config.env,Backend/config/config.env,https://github.com/trapti2003/E-Auction-for-Vehicles/blob/1bfb3581fbf06a5378563c02ed95d399d52923a3/Backend/config/config.env,9e8fd33e236b2d26ed96c53414e3068a2c91d52a
API Key,api_key extension:env,thanhhoa214/classforge,https://github.com/thanhhoa214/classforge,key.env,backend/algorithm/key.env,https://github.com/thanhhoa214/classforge/blob/fe5c5f252b75db6bbe1d7faf39c03f5322227597/backend/algorithm/key.env,008df96222c3c9ceef504e4ddfc99de38bda3e1a
API Key,api_key extension:env,amirex128/erevana,https://github.com/amirex128/erevana,.env,.env,https://github.com/amirex128/erevana/blob/5f5224cd9543ab9211232010e4581305c4b125c3/.env,1c0a0e4d630b3562741b2c5ce362a95a00200928
API Key,api_key extension:env,LokeshkumarVD/farmer-advisory-system,https://github.com/LokeshkumarVD/farmer-advisory-system,.env,farmer-portal-backend/.env,https://github.com/LokeshkumarVD/farmer-advisory-system/blob/35f16389820962516baa12a8381acbbdf4beabc6/farmer-portal-backend/.env,6cd85eb422f85cbf4fa09edf5bf69d5cd5dd582a
API Key,api_key extension:env,prashanth-31/NeuraForge-The_Digital_Frontier_of_Autonomous_Intelligence,https://github.com/prashanth-31/NeuraForge-The_Digital_Frontier_of_Autonomous_Intelligence,.env,implementation/backend/.env,https://github.com/prashanth-31/NeuraForge-The_Digital_Frontier_of_Autonomous_Intelligence/blob/adaffeb69ec27098e9f5d0ed36ca118c68d14bd9/implementation/backend/.env,42c3ecdcd3c940a01fb8770bd38c8bba31bc5d6c
API Key,api_key extension:env,dannyphang/mahjong,https://github.com/dannyphang/mahjong,.env,server-api/.env,https://github.com/dannyphang/mahjong/blob/ee7453b25421bcea9e650d2fde2bb046747affad/server-api/.env,c86ce2554e85179cd73b141619b9c57e729314c0
API Key,api_key extension:env,lunhutlinh/ai-chatbot,https://github.com/lunhutlinh/ai-chatbot,.env,CHATBOT/CHATBOT/chatbot/.env,https://github.com/lunhutlinh/ai-chatbot/blob/40491c9122fc651086f33c78a4b5477f29f74d7d/CHATBOT/CHATBOT/chatbot/.env,bc6ee9e8d8bb28771dedd582a57de6ccaf621b83
API Key,api_key extension:env,RAM231103/final_year_project_cse03,https://github.com/RAM231103/final_year_project_cse03,.env,legal_assistant_chatbot/.env,https://github.com/RAM231103/final_year_project_cse03/blob/83873eac6e7a8526cd5d3c2cff46dd6f8c47feeb/legal_assistant_chatbot/.env,2f91b982a7bdd2b606ecdd4eda5ee3314866832b
API Key,api_key extension:env,liusenjun/Bad-Witch,https://github.com/liusenjun/Bad-Witch,.env,Bad rebuild with python/.env,https://github.com/liusenjun/Bad-Witch/blob/040ab1f92788c5025ab351664a54cd14a3dba8b4/Bad rebuild with python/.env,1e4475a4837577b243aff25633db7bc08531a770
API Key,api_key extension:env,Emmanuelonyo/inv,https://github.com/Emmanuelonyo/inv,.env,xdb/.env,https://github.com/Emmanuelonyo/inv/blob/1abb44a7382f4e8ebb3165819b0922cf912192b1/xdb/.env,2fe32c74647fe2c58b010da9204048b3a4a620bd
API Key,api_key extension:env,sh3ngsh3ng/hepmil-scraper,https://github.com/sh3ngsh3ng/hepmil-scraper,demo.env,demo.env,https://github.com/sh3ngsh3ng/hepmil-scraper/blob/2004f0ba3c103ed214e23a3cdfb196b10983f787/demo.env,9f2a4e92b895d371f15b90ea2c46ef23971f577f
API Key,api_key extension:env,xingzhaonian/object,https://github.com/xingzhaonian/object,.env,agent/.env,https://github.com/xingzhaonian/object/blob/f40f2aa6cb632210c12433655c9dad8a03dc0e93/agent/.env,6664eabb4b319b30403f15025e58f2e8c0ed5ade
API Key,api_key extension:env,nithishkumarr27/Agentic_AI_Workshop,https://github.com/nithishkumarr27/Agentic_AI_Workshop,.env,Day 7/.env,https://github.com/nithishkumarr27/Agentic_AI_Workshop/blob/8e31f5926f1a26a92dd0ad42556a8a6ce73768f7/Day 7/.env,94d5186fc8a0b088ec23a04776a631c95d3e1766
API Key,api_key extension:env,swordferns/swordferns,https://github.com/swordferns/swordferns,.env,resend/.env,https://github.com/swordferns/swordferns/blob/323c8e42da85a378793c1f250d8813d57b11b8f7/resend/.env,fcf07045230d2bd7fe2b09dc492dca77b0c8ea9f
API Key,api_key extension:env,sweekar2999/Property_Rental-App,https://github.com/sweekar2999/Property_Rental-App,.env,client/.env,https://github.com/sweekar2999/Property_Rental-App/blob/991645b2b50fbf683f154ea29fe7929930737abc/client/.env,46689a7ca8ffb77272d5636c8c7bb3881b056221
API Key,api_key extension:env,david-campo04/Books,https://github.com/david-campo04/Books,.env,books_/.env,https://github.com/david-campo04/Books/blob/66f60933204d453d0aa1b0d69bdf3c904c07b611/books_/.env,82720ddf0006c3e9b225d2113374e30c8804cc2b
API Key,api_key extension:env,umidjon-developer/Beckend,https://github.com/umidjon-developer/Beckend,.env,config/.env,https://github.com/umidjon-developer/Beckend/blob/540546500423dedfefdfa200d6e7a2f6f95ee117/config/.env,e3567b8f0c1e9f1d242c3730b5f3a9bce8282163
API Key,api_key extension:env,huyngquang02-1633/music-web-mern,https://github.com/huyngquang02-1633/music-web-mern,.env,client/.env,https://github.com/huyngquang02-1633/music-web-mern/blob/3006e39b82c76e31347d410c0b9ea9c443170bbd/client/.env,2d59443321eacecb2062f7d9a1ba011b104675c0
API Key,api_key extension:env,Fathima-naj/FurniNest-Fullstack,https://github.com/Fathima-naj/FurniNest-Fullstack,.env,backend/.env,https://github.com/Fathima-naj/FurniNest-Fullstack/blob/8e804161cc049de563dba4310b759eab74798d1b/backend/.env,08ccd12192a8bf9b87595371ebadfb29dce03e2f
API Key,api_key extension:env,NikhilKumarapp/News-Portal,https://github.com/NikhilKumarapp/News-Portal,.env,backend/.env,https://github.com/NikhilKumarapp/News-Portal/blob/f951a5ea24d4a03263fd0ee39ce2d2a6dc971248/backend/.env,9fd3b22bd17861a4d97dde19b7e11cdb296b1b83
API Key,api_key extension:env,puravbs/RT-chat-application,https://github.com/puravbs/RT-chat-application,.env,backend/.env,https://github.com/puravbs/RT-chat-application/blob/ff0650e3b4970880f4bde727bdaf9d0aa7e93c0a/backend/.env,eea9b0b99452bf023e96890415b3660c811c0572
API Key,api_key extension:env,Shashank5705/Hotel-booking,https://github.com/Shashank5705/Hotel-booking,.env,backend/.env,https://github.com/Shashank5705/Hotel-booking/blob/73d99d1c5762e30258dede186d9cf535b8ef811e/backend/.env,5e2289de9b78bdd42866f1ef8d0de5560104e413
API Key,api_key extension:env,codewithamitjee/demonextjsapp,https://github.com/codewithamitjee/demonextjsapp,.env,src/rendering/.env,https://github.com/codewithamitjee/demonextjsapp/blob/52d37145b46e6cc23b97202adfcfa3d6659d9936/src/rendering/.env,defeb4121f076c687edbc2e533e97291c3b61ab4
API Key,api_key extension:env,MapleShop/MapleShop,https://github.com/MapleShop/MapleShop,config.env,back/config/config.env,https://github.com/MapleShop/MapleShop/blob/019064668e875406498912cef30b486fb6d1dea2/back/config/config.env,606e3e411648d4d175b2b98ca5615ee62bc189a9
API Key,api_key extension:env,roloc/game-library-analysis,https://github.com/roloc/game-library-analysis,config.example.env,skills/game-library-analysis/assets/config.example.env,https://github.com/roloc/game-library-analysis/blob/4d4d2765fef6faee336cd3a9c53d9fe6938a6991/skills/game-library-analysis/assets/config.example.env,daeda52754bfb68fefc987f54bbc578ed6fae586
API Key,api_key extension:env,VedantDNA/opengrant,https://github.com/VedantDNA/opengrant,.env,opengrant-contracts/.env,https://github.com/VedantDNA/opengrant/blob/8461cd4becfa8bfa833f13fcbf18d248820e4e23/opengrant-contracts/.env,1ae92e8bfeaee6ffa925d2df2b3f73f113d8cb11
API Key,api_key extension:env,onesecoConnect/ICLOUD-DEV-WORKSPACE,https://github.com/onesecoConnect/ICLOUD-DEV-WORKSPACE,.env,localSpace/tools/lms-project/lms-project/.env,https://github.com/onesecoConnect/ICLOUD-DEV-WORKSPACE/blob/b5c29f11eff53217a45817fb89d176d29396f1f9/localSpace/tools/lms-project/lms-project/.env,48be7525ccee1963aa59151e3dd8366f2bfbc959
API Key,api_key extension:env,Mohsinraza23/Assignment_04,https://github.com/Mohsinraza23/Assignment_04,.env,python-25-projects/Weather Program Python Project/.env,https://github.com/Mohsinraza23/Assignment_04/blob/ba9a79e6cb4cd6ecedcf64bbd4bb30f882f3739b/python-25-projects/Weather Program Python Project/.env,a3d6c1df3cacdb2f2239699f5fa6bf29fa2f36a8
API Key,api_key extension:env,rahardjo23/BuzzWire,https://github.com/rahardjo23/BuzzWire,.env,.env,https://github.com/rahardjo23/BuzzWire/blob/8928118cf7c1c69a376c8cc525d9de14c7c4789b/.env,88471a3995a1f67eb932daf04547153d41718c57
Bearer Token,"""Bearer "" language:javascript",shufflewzc/faker2,https://github.com/shufflewzc/faker2,ql.js,ql.js,https://github.com/shufflewzc/faker2/blob/25f335242a93ad79d5283c1b32e74b479c0ae043/ql.js,10a7edb6e8e375c7bc73ff4e65fdd27aa1862152
Bearer Token,"""Bearer "" language:javascript",feverrun/my_scripts,https://github.com/feverrun/my_scripts,ql.js,ql.js,https://github.com/feverrun/my_scripts/blob/a709c74823710784325429b4a3f8625da0d0bafc/ql.js,8e55aafffd6fd464354cc585d778e59237fc2fa2
Bearer Token,"""Bearer "" language:javascript",kelvin-mai/nest-commerce,https://github.com/kelvin-mai/nest-commerce,etl.js,etl.js,https://github.com/kelvin-mai/nest-commerce/blob/68e1598bea1793b4aaca2d1ca9a6dd6f23749800/etl.js,bbcf3bd32d19702b1f00ea8f1113bbafc2d2dfea
Bearer Token,"""Bearer "" language:javascript",JDWXX/ql_all,https://github.com/JDWXX/ql_all,ql.js,ql.js,https://github.com/JDWXX/ql_all/blob/d504405cf85484b39bd70e62259ac35982935c58/ql.js,a98819e1617ee18886862d09f57babf568f910da
Bearer Token,"""Bearer "" language:javascript",jghaines/lambda-auth0-authorizer,https://github.com/jghaines/lambda-auth0-authorizer,lib.js,lib.js,https://github.com/jghaines/lambda-auth0-authorizer/blob/ba6a94aaeafed43ee7dc05517001139ca9842d4f/lib.js,c36140d82cb103f3f9112b842441f0ba7bd1d029
Bearer Token,"""Bearer "" language:javascript",YourAhTzu/ac,https://github.com/YourAhTzu/ac,ql.js,ql.js,https://github.com/YourAhTzu/ac/blob/e037851817b8cb1c832ba77069a17e69ea9cba02/ql.js,84933994206a6f0a3e83e9c28af248b219ffab30
Bearer Token,"""Bearer "" language:javascript",yejigao/9526498,https://github.com/yejigao/9526498,ql.js,ql.js,https://github.com/yejigao/9526498/blob/ffe78f92bf2ad9f61c47968cad3cb09ff92db1a0/ql.js,70a077cfe1d43774e1ee906082d29ef581024d53
Bearer Token,"""Bearer "" language:javascript",defunctzombie/npm-github,https://github.com/defunctzombie/npm-github,app.js,app.js,https://github.com/defunctzombie/npm-github/blob/75246592bccb844796b9fb5ac7bf455375fc1133/app.js,e2a91ec5fa221478c32877658afef6da70a5d3cf
Bearer Token,"""Bearer "" language:javascript",JDWXX/jd_job,https://github.com/JDWXX/jd_job,ql.js,ql.js,https://github.com/JDWXX/jd_job/blob/91a6402f974027c887d94929f79b3087fcbd7243/ql.js,20d2b165db41e1bda66b72344719787ee533474d
Bearer Token,"""Bearer "" language:javascript",LinYuanovo/scripts,https://github.com/LinYuanovo/scripts,dt.js,dt.js,https://github.com/LinYuanovo/scripts/blob/764a531f4fcd15ab94c7e6a45d6310c80a65bb38/dt.js,6b2729975bf80fb01ec2da13eed052facb0e2cdc
Bearer Token,"""Bearer "" language:javascript",MoritzLaurer/GPT-google-sheets,https://github.com/MoritzLaurer/GPT-google-sheets,GPT.gs,GPT.gs,https://github.com/MoritzLaurer/GPT-google-sheets/blob/264aa6a7c9a9ea1f44ca7d54e38a355d01de8701/GPT.gs,8b9d52825f95ba3e9f024143fb62c529ec27c6bf
Bearer Token,"""Bearer "" language:javascript",yowiv08/elm,https://github.com/yowiv08/elm,ql.js,ql.js,https://github.com/yowiv08/elm/blob/ef7ce7d962ff0fbcb97ff0633ae36f6905fa67f4/ql.js,b019ae36a75e1e9fbbb9638d487fb013dce1c791
Bearer Token,"""Bearer "" language:javascript",mmig/speech-to-flac,https://github.com/mmig/speech-to-flac,app.js,app.js,https://github.com/mmig/speech-to-flac/blob/cfc49679bc36dd16688ce6ee934d95d7a9b0c1c2/app.js,1fee79e156870fec97281dbda04eb3fa99fedd5f
Bearer Token,"""Bearer "" language:javascript",wudongdefeng/tem-update,https://github.com/wudongdefeng/tem-update,ql.js,ql.js,https://github.com/wudongdefeng/tem-update/blob/a9185cb233cc6c44e107a8dbcf483e31a9487fe6/ql.js,94a13f01f345b27e5c57066f9b8f3a6df614a96b
Bearer Token,"""Bearer "" language:javascript",lelehub/OpenAI-Proxy-Api,https://github.com/lelehub/OpenAI-Proxy-Api,app.js,app.js,https://github.com/lelehub/OpenAI-Proxy-Api/blob/89014816583233e7f3ce4cb8888c119e349cd23c/app.js,fcbf15ea7149f159b1fccbbf934b2d970588d4ee
Bearer Token,"""Bearer "" language:javascript",crazyuyun/JDJB-1,https://github.com/crazyuyun/JDJB-1,ql.js,ql.js,https://github.com/crazyuyun/JDJB-1/blob/d03de50b9c874a9ae857d679c8e7f4d33edbeb14/ql.js,ddbeb4701c15caf27a6a031d1a0df0cb918ecd38
Bearer Token,"""Bearer "" language:javascript",Metalab/events_twitter,https://github.com/Metalab/events_twitter,X.gs,X.gs,https://github.com/Metalab/events_twitter/blob/db4f1da3d1449935ca8ac312b016ed8c6a07711c/X.gs,55b013341067273eabaf820d70d42e2745c25829
Bearer Token,"""Bearer "" language:javascript",boid-com/boidValidator,https://github.com/boid-com/boidValidator,db.js,db.js,https://github.com/boid-com/boidValidator/blob/fcdc8b7a67ee4385a3ed54be470784ab2bca0e4e/db.js,ca28cc15d9d7f53f25c7a635476a63776783fe4f
Bearer Token,"""Bearer "" language:javascript",yizhiyan/ninja_next,https://github.com/yizhiyan/ninja_next,ql.js,ql.js,https://github.com/yizhiyan/ninja_next/blob/53490e6e183dc0d5e94b2eec06b31e3a0877a9ab/ql.js,ef9a2fc78a57a7756e2f06f9697f97859c6cfeb3
Bearer Token,"""Bearer "" language:javascript",metaforget/faker3backup,https://github.com/metaforget/faker3backup,ql.js,ql.js,https://github.com/metaforget/faker3backup/blob/16b142972186372dc35d014dd6cdc15a3d6d6fdc/ql.js,802d1a65ff8af89512de625dccb01e9bb09731df
Bearer Token,"""Bearer "" language:javascript",InterhumanAI/interhuman-video-analyzer-codealong,https://github.com/InterhumanAI/interhuman-video-analyzer-codealong,api.js,api.js,https://github.com/InterhumanAI/interhuman-video-analyzer-codealong/blob/fc44e4c5ce18fb0aff20352c81910abc990a99b3/api.js,56066d6a5dc5e6bbb7e81758468230201654d046
Bearer Token,"""Bearer "" language:javascript",faintout/myself-script,https://github.com/faintout/myself-script,fs.js,fs.js,https://github.com/faintout/myself-script/blob/54015393f71c916b1e04f8a995c0c96d792661cf/fs.js,a10a8c9c14147933d042b28dc9e3b65f0c68f14e
Bearer Token,"""Bearer "" language:javascript",DevNight-CNX/covid-19-cnx,https://github.com/DevNight-CNX/covid-19-cnx,purge,purge,https://github.com/DevNight-CNX/covid-19-cnx/blob/1174d25974cce789433d6dc249fa37315cf409ca/purge,189f8609056e2178814912565676eddff74cb3bd
Bearer Token,"""Bearer "" language:javascript",dabit3/lens-create-publication-example,https://github.com/dabit3/lens-create-publication-example,api.js,api.js,https://github.com/dabit3/lens-create-publication-example/blob/811c836462ae199ccd6939e1b3af3cc9d5bd66ad/api.js,07c0d5c0d7c15b75613ef4f4c3a70e219fa72c7e
Bearer Token,"""Bearer "" language:javascript",jiangbaibai0/eleme,https://github.com/jiangbaibai0/eleme,ql.js,ql.js,https://github.com/jiangbaibai0/eleme/blob/be0a639b401266175c99e0c57787c5c8f0ebd7df/ql.js,1006dc1ba3691da438955c9e0f7835729ccc628b
Bearer Token,"""Bearer "" language:javascript",zsy987/JD-Scripts,https://github.com/zsy987/JD-Scripts,ql.js,ql.js,https://github.com/zsy987/JD-Scripts/blob/7370e3e6aa0b7cc8a212aae7ab38585008fe4f4b/ql.js,c5582b4c49e4f7c981928c96593e1f056810efd3
Bearer Token,"""Bearer "" language:javascript",CertStone/logto-account-portal,https://github.com/CertStone/logto-account-portal,.js,.js,https://github.com/CertStone/logto-account-portal/blob/3f7be03ca27e934942c08b1999cf86864d3fcd58/.js,8d22c82ec454780d51ef35af44c26160aea011d1
Bearer Token,"""Bearer "" language:javascript",faintout/myself-script,https://github.com/faintout/myself-script,hz.js,hz.js,https://github.com/faintout/myself-script/blob/54015393f71c916b1e04f8a995c0c96d792661cf/hz.js,24a4bcb11aec4dbbf22d95e2d53b3eccdb860927
Bearer Token,"""Bearer "" language:javascript",noonhub/node-uber-sample,https://github.com/noonhub/node-uber-sample,app.js,app.js,https://github.com/noonhub/node-uber-sample/blob/34a55c895bdf2062b9e9eb3b6b4e5dd413e2e80b/app.js,b10c72c13e677cd99413713baa0299c7f2301e00
Bearer Token,"""Bearer "" language:javascript",isnifer/react-native-hasura-chat,https://github.com/isnifer/react-native-hasura-chat,App.js,App.js,https://github.com/isnifer/react-native-hasura-chat/blob/73f67c0aee370e2740f537e3ddc4f38eb894394c/App.js,2c5cbaa8f7892f66a9357ef6eaf64dea1628c19f
Bearer Token,"""Bearer "" language:javascript",sammdec/point-cli,https://github.com/sammdec/point-cli,cli.js,cli.js,https://github.com/sammdec/point-cli/blob/ac9bd8385eaf278a012b3e1ba83ceb3c3f4adc49/cli.js,b070995518a413ec44c00f691298fdb7d6856d1c
Bearer Token,"""Bearer "" language:javascript",xixilove8/elm_new,https://github.com/xixilove8/elm_new,ql.js,ql.js,https://github.com/xixilove8/elm_new/blob/1ad3bf0289691ddf910ff2c1707697569418a850/ql.js,d3895368579a16ccddf118c135a9e3807e3abd22
Bearer Token,"""Bearer "" language:javascript",bigeasy/vizsla,https://github.com/bigeasy/vizsla,cc.js,cc.js,https://github.com/bigeasy/vizsla/blob/6565daafc3d9c87328c110022460e72f4eebe734/cc.js,53843abc97b5d767b5e8964d3de3830ea6b02346
Bearer Token,"""Bearer "" language:javascript",sffott/bienaoccc_hym,https://github.com/sffott/bienaoccc_hym,ql.js,ql.js,https://github.com/sffott/bienaoccc_hym/blob/393b06d63e378bbac6d53248be7e14cff715714b/ql.js,af3e438f684fdc65d57148462923b0c9f4814f6f
Bearer Token,"""Bearer "" language:javascript",Xx1aoy1/scripts,https://github.com/Xx1aoy1/scripts,dw.js,dw.js,https://github.com/Xx1aoy1/scripts/blob/301a9e67e619054537b258123d36859e97deea29/dw.js,9a3f9311b2b536f028bba477ac0a4acdfa067b36
Bearer Token,"""Bearer "" language:javascript",HumanBrainProject/hbp-collaboratory-demo-app,https://github.com/HumanBrainProject/hbp-collaboratory-demo-app,app.js,app.js,https://github.com/HumanBrainProject/hbp-collaboratory-demo-app/blob/e4a77e936c8ffa51d51dba2e495746dc6e199382/app.js,0969deb4aa76769dfefbee5bf682984b102b23a3
Bearer Token,"""Bearer "" language:javascript",ritazh/speech-to-text-demo,https://github.com/ritazh/speech-to-text-demo,app.js,app.js,https://github.com/ritazh/speech-to-text-demo/blob/381df1ba0a155a0beff747f46faa932a1f796c2a/app.js,b39cda474b474d5883f7e9b0bc9493e68f8a7e53
Bearer Token,"""Bearer "" language:javascript",pangbai6/pangbai,https://github.com/pangbai6/pangbai,ql.js,ql.js,https://github.com/pangbai6/pangbai/blob/ec79cfa31fa7dd5e0aa5807698d1e9f0ed3eba00/ql.js,70e0f402cedec5fc549869cae74067b9168145db
Bearer Token,"""Bearer "" language:javascript",lala123963/lingk5,https://github.com/lala123963/lingk5,jd.js,jd.js,https://github.com/lala123963/lingk5/blob/9ec947e70689b92a32a353bbef9d6acca5a08ed1/jd.js,fd6ceb84c96ba862d851180692ecf054ca7ef86e
Bearer Token,"""Bearer "" language:javascript",LinMoste/eat_e,https://github.com/LinMoste/eat_e,ql.js,ql.js,https://github.com/LinMoste/eat_e/blob/ba56a557bad81169440eff9b2f43a6dd5340f3b4/ql.js,421ab7ef2c8491ab690648362d3dff3248be9e13
Bearer Token,"""Bearer "" language:javascript",rogerin/UberHackAPI,https://github.com/rogerin/UberHackAPI,app.js,app.js,https://github.com/rogerin/UberHackAPI/blob/680fd8dd1c46d32beb1fe30fae83ba48e6bffa15/app.js,2c48b81ac6ee277ebe206ba80f3672b211fd808c
Bearer Token,"""Bearer "" language:javascript",LambdaSection/Metatron,https://github.com/LambdaSection/Metatron,ai.js,ai.js,https://github.com/LambdaSection/Metatron/blob/69be135b3426b605da749e0ae8509a04992a1c81/ai.js,b4a4320f6bcc6cd1c3632af5e0e9d1db155a9d53
Bearer Token,"""Bearer "" language:javascript",ghedu/weilan_scripts,https://github.com/ghedu/weilan_scripts,ql.js,ql.js,https://github.com/ghedu/weilan_scripts/blob/9f6b54db2e20aa5c2b6fac2b1a4e346efea958ef/ql.js,4e1aaf142a614db2346e5f4791ae4004019ad9d5
Bearer Token,"""Bearer "" language:javascript",ngdikman/QL,https://github.com/ngdikman/QL,ql.js,ql.js,https://github.com/ngdikman/QL/blob/13de6e7529e87da15da15b8787450413b362ae3b/ql.js,6c1b93ba413c013630238c9b55e53e00f10eabb7
Bearer Token,"""Bearer "" language:javascript",twilson63/topflix,https://github.com/twilson63/topflix,db.js,db.js,https://github.com/twilson63/topflix/blob/4faaaa0fa2317e636186be185632035e2cc4e4e3/db.js,10b5bfd0cecff9dee83199f40796632b7b48b154
Bearer Token,"""Bearer "" language:javascript",jojorb/expo-multistack,https://github.com/jojorb/expo-multistack,App.js,App.js,https://github.com/jojorb/expo-multistack/blob/2f6d169c49895828325ef62ed5f8f9cdc89c2b25/App.js,804fd2fad2562ad703fad9cffae91cac2a5d87cf
Bearer Token,"""Bearer "" language:javascript",suvansh/CeLLM,https://github.com/suvansh/CeLLM,all.gs,all.gs,https://github.com/suvansh/CeLLM/blob/7426a24ab86efbd664899b07bb6ef3bfb110edfb/all.gs,b4faeaf539c45b713c87bf4a17dc2d399c5a11e2
Bearer Token,"""Bearer "" language:javascript",Webflow-Examples/middleware-example,https://github.com/Webflow-Examples/middleware-example,app.js,app.js,https://github.com/Webflow-Examples/middleware-example/blob/a5f790c18e933510a701cd5db539d141b746775d/app.js,51ebc2878af4e59ea65ddf9f9ece25bc4dd4b79f
Bearer Token,"""Bearer "" language:javascript",navgurukul/PDLD-FE-DASHBOARD,https://github.com/navgurukul/PDLD-FE-DASHBOARD,api.js,api.js,https://github.com/navgurukul/PDLD-FE-DASHBOARD/blob/15fb207c18912ce37d5d9aa233f540ad3ae330bf/api.js,7c9398d8f4dd8bdeaed0f038a0004023e3c36028
Bearer Token,"""Bearer "" language:javascript",maads/tibber-pulse-live,https://github.com/maads/tibber-pulse-live,app.js,app.js,https://github.com/maads/tibber-pulse-live/blob/7c6c6079d36487a3b46f82124245762d2a312bef/app.js,bb9c5f91ea302962fdba4a8ddd3e41bead2c1539
Bearer Token,"""Bearer "" language:javascript",zainarain279/sosovalue,https://github.com/zainarain279/sosovalue,so.js,so.js,https://github.com/zainarain279/sosovalue/blob/5f990bbbb072f1c9b11f3a43209291bc4d6b6ef2/so.js,6458dd6f7aa99e9ef4c74f780cc8f48e4a29443a
Bearer Token,"""Bearer "" language:javascript",r1ddev/morgenBlock,https://github.com/r1ddev/morgenBlock,js.js,js.js,https://github.com/r1ddev/morgenBlock/blob/5c80dbe574c97b6b8a6b6c2325dac15cb6943a22/js.js,53a8ed431e4cf7dc5ea7eb5a234cef91640b561b
Bearer Token,"""Bearer "" language:javascript",shiya/node-upload-file,https://github.com/shiya/node-upload-file,app.js,app.js,https://github.com/shiya/node-upload-file/blob/3fdd0f7a547099c70e8318418cbd09ea1f65f517/app.js,28c80b4bede56ea42e24164899a4a51110b68e5b
Bearer Token,"""Bearer "" language:javascript",rubykube/ranger-example-nodejs,https://github.com/rubykube/ranger-example-nodejs,app.js,app.js,https://github.com/rubykube/ranger-example-nodejs/blob/0dbf1426a77530ce41e78ff7bf386e4d17ed7ff9/app.js,c8e411b35c0191ea57fb56798449d45858838a9a
Bearer Token,"""Bearer "" language:javascript",code4fukui/ai_chat,https://github.com/code4fukui/ai_chat,ai.js,ai.js,https://github.com/code4fukui/ai_chat/blob/9a52582781177c318853ecbc8ac9d7666f010b44/ai.js,69b5f183c78f00aa2091f4c2597639d5dbbae322
Bearer Token,"""Bearer "" language:javascript",boid-com/BoidPowerOracleProto,https://github.com/boid-com/BoidPowerOracleProto,db.js,db.js,https://github.com/boid-com/BoidPowerOracleProto/blob/2810b94c4dc57280fd0247daf21330c66192c422/db.js,693cec7552463937d69817717e0b48559b37b66a
Bearer Token,"""Bearer "" language:javascript",kkshell/jd_kenji,https://github.com/kkshell/jd_kenji,ql.js,ql.js,https://github.com/kkshell/jd_kenji/blob/7503259d13e3ad7c8be616df85e3f4712a9fbc19/ql.js,864947a2fc11952fd2b89dc48cf6d3732a890cb2
Bearer Token,"""Bearer "" language:javascript",kcole93/readability-api,https://github.com/kcole93/readability-api,app.js,app.js,https://github.com/kcole93/readability-api/blob/7546c0d7bc50a7fe9ff8f49f3823afdf5316fde9/app.js,62b0fb27786f2f6657c256bf5faa52a2d8ae262d
Bearer Token,"""Bearer "" language:javascript",noejunior299/innova-bot,https://github.com/noejunior299/innova-bot,app.js,app.js,https://github.com/noejunior299/innova-bot/blob/d46d662b35f6310e34de9f843051d86353c39355/app.js,e0fcafb6fbc1a13bd768e9cffd733982b5beb499
Bearer Token,"""Bearer "" language:javascript",kixton/product-hunt,https://github.com/kixton/product-hunt,app.js,app.js,https://github.com/kixton/product-hunt/blob/5eef532bd5ad29bf6e50874cb3d9ef5b7b0f0688/app.js,4fbdd1cce0ba48982e35d6447ce0ce26aed7dc4f
Bearer Token,"""Bearer "" language:javascript",pondersource/node-peppol,https://github.com/pondersource/node-peppol,get.js,get.js,https://github.com/pondersource/node-peppol/blob/6ebda09e301af7280d4c885bb0b5247ada081d69/get.js,70e6a8120fc5deb21aa7dbb69273a5c83b43f844
Bearer Token,"""Bearer "" language:javascript",SuMaiKaDe/blinko-telegram-bot,https://github.com/SuMaiKaDe/blinko-telegram-bot,ai.js,ai.js,https://github.com/SuMaiKaDe/blinko-telegram-bot/blob/4bf9accc0c649df340d98be0f233728d5435e355/ai.js,102cdadd95b5fe06f7c80f8ca1a1f4305e27e247
Bearer Token,"""Bearer "" language:javascript",avocado-workflow/shared-wido-verifier,https://github.com/avocado-workflow/shared-wido-verifier,c2.js,c2.js,https://github.com/avocado-workflow/shared-wido-verifier/blob/63393ebbb98872fbadcdadc7364db1a4aa4aa59b/c2.js,28e2ca1ddcf6541ca9a1d4fc04bd907d599d4c07
Bearer Token,"""Bearer "" language:javascript",pesarkhobeee/TabChi,https://github.com/pesarkhobeee/TabChi,ai.js,ai.js,https://github.com/pesarkhobeee/TabChi/blob/e91f5a5b20fe451118d255a07fb7c989eb6bea9f/ai.js,e6ce096613e794de964524e1367ec9ef482e03af
Bearer Token,"""Bearer "" language:javascript",whatbeato/vie,https://github.com/whatbeato/vie,app.js,app.js,https://github.com/whatbeato/vie/blob/d1062ffcb6315ab39be5fab25ab1efdfa57ae1cd/app.js,be6307e303acae2defe804045c5eb4d84b35e6f8
Bearer Token,"""Bearer "" language:javascript",hitbit-app/app,https://github.com/hitbit-app/app,App.js,App.js,https://github.com/hitbit-app/app/blob/d926c33948ca153edcc7bcde4eafccb52e0c4574/App.js,820cdddc7f780487921cb68973cddc5a013c4467
Bearer Token,"""Bearer "" language:javascript",nakajmg/hiyoko,https://github.com/nakajmg/hiyoko,app.js,app.js,https://github.com/nakajmg/hiyoko/blob/22fa6139095c8ae2db2a19aebbb712be5b5d979b/app.js,c63db5501362553dab53e3311e2ac3714e3ff84b
Bearer Token,"""Bearer "" language:javascript",Ytong825/elm-old,https://github.com/Ytong825/elm-old,ql.js,ql.js,https://github.com/Ytong825/elm-old/blob/51344cf167b98c47c2084be6f9548ecb493559fd/ql.js,65ac33ff86643f78a97edc8c3e42a61c910b9bf4
Bearer Token,"""Bearer "" language:javascript",WackyDawg/Tapswap-Clicker-v2.0,https://github.com/WackyDawg/Tapswap-Clicker-v2.0,old.js,old.js,https://github.com/WackyDawg/Tapswap-Clicker-v2.0/blob/70c3429b0cbeec2c5bee610779c1820f5de02bf1/old.js,c3c5b59a7d937121fd28dd102821fd5f655a2bc1
Bearer Token,"""Bearer "" language:javascript",Jim-oVo/ql-js,https://github.com/Jim-oVo/ql-js,qc.js,qc.js,https://github.com/Jim-oVo/ql-js/blob/9af06760e36c7c602d4d15ebf366216b288f7560/qc.js,ec0fff6a0591b98081a0bf3e9a72da7f38f3fa3d
Bearer Token,"""Bearer "" language:javascript",xinruzhishuei/ssss,https://github.com/xinruzhishuei/ssss,ql.js,ql.js,https://github.com/xinruzhishuei/ssss/blob/def4bf83989c3e86cd9b9a8800fe4370d5d95f46/ql.js,0d19832aebdcf67b37840d03497a64c0e26e5ac7
Bearer Token,"""Bearer "" language:javascript",a001980/faker2,https://github.com/a001980/faker2,ql.js,ql.js,https://github.com/a001980/faker2/blob/aeb5dcc76066ae8b7f0685725e561f1aa1e84f09/ql.js,d1cea515b6282b654585fc5ef0cf6aaf19e18e00
Bearer Token,"""Bearer "" language:javascript",Michelle8395/chamasmart,https://github.com/Michelle8395/chamasmart,ai.js,ai.js,https://github.com/Michelle8395/chamasmart/blob/3ad6e814096a7af69892c5dd2ba7573a53f82cfc/ai.js,949e220e614c1b650f3c349d83a8195abb885303
Bearer Token,"""Bearer "" language:javascript",NuadaHu/Learning,https://github.com/NuadaHu/Learning,ql.js,ql.js,https://github.com/NuadaHu/Learning/blob/64cb4489e7c9c90a4926ed0810bca098a5983a1a/ql.js,9c687bacf670dc1d286dfacfe29921353a0ba99a
Bearer Token,"""Bearer "" language:javascript",Charles-Hello/Study_Shell,https://github.com/Charles-Hello/Study_Shell,ql.js,ql.js,https://github.com/Charles-Hello/Study_Shell/blob/d71b0d61a5c376a3fed35bd3a839ca66f24f18e3/ql.js,912ddf36d20c733a79a9ef660c2244ab25d52d44
Bearer Token,"""Bearer "" language:javascript",ineffyble/UpToDiscord,https://github.com/ineffyble/UpToDiscord,up.js,up.js,https://github.com/ineffyble/UpToDiscord/blob/a401fa52b6567cce08b1bb9e6906209519622039/up.js,d817247604a979eed364122b652e977bf99cb13c
Bearer Token,"""Bearer "" language:javascript",qukai518/King_JDjs,https://github.com/qukai518/King_JDjs,ql.js,ql.js,https://github.com/qukai518/King_JDjs/blob/48b0687b09b40c7c1ca4768e2f4308763e287c91/ql.js,db15c574bfc1b9d7556a69cd6d48daa12c03a3dd
Bearer Token,"""Bearer "" language:javascript",VivekBhat/Provision-Servers,https://github.com/VivekBhat/Provision-Servers,do.js,do.js,https://github.com/VivekBhat/Provision-Servers/blob/91f42568b75f27d8d199cb2c79dfee8a30ccf1af/do.js,63e2aac37d5ac1d49b3da7a34b66ff7a6dc0ba22
Bearer Token,"""Bearer "" language:javascript",asaraog/pakka,https://github.com/asaraog/pakka,wa.js,wa.js,https://github.com/asaraog/pakka/blob/3006f9646583f2425b0888b46a5f1abdd0d4d51a/wa.js,3371fd464ca07a5b22a29aa0970fa69c167bca16
Bearer Token,"""Bearer "" language:javascript",Andre3456-del/Asap-network-,https://github.com/Andre3456-del/Asap-network-,ai.js,ai.js,https://github.com/Andre3456-del/Asap-network-/blob/6acdfc66ef93d40efa6018ade8eaf0cbc9bb70fb/ai.js,2bdd78534014b5faf6b6a36cbcd60cb696ef9ac3
Bearer Token,"""Bearer "" language:javascript",toki0179/Dashboardsy,https://github.com/toki0179/Dashboardsy,db.js,db.js,https://github.com/toki0179/Dashboardsy/blob/dc34f1533f28693d5f4a85383c48e10d2d43d8ea/db.js,6931277ddfc91c5694b80a81dec3ae28ed50e7a5
Bearer Token,"""Bearer "" language:javascript",mmoura-dev/provisionamento-k8s,https://github.com/mmoura-dev/provisionamento-k8s,k6.js,k6.js,https://github.com/mmoura-dev/provisionamento-k8s/blob/71bf55e9e38233fdf0f8f0b24f2304ae4c3b0696/k6.js,479544e671bdace27ff80b96f8130d0aeb427be5
Bearer Token,"""Bearer "" language:javascript",Shadid12/netlify-edge,https://github.com/Shadid12/netlify-edge,db.js,db.js,https://github.com/Shadid12/netlify-edge/blob/e343364689ac86a12a22b8769a5d96cc365258ef/db.js,817a8b5cbc4153930b637c45b0371e710e17a151
Bearer Token,"""Bearer "" language:javascript",ZefanHu/typingmind-extension,https://github.com/ZefanHu/typingmind-extension,ts.js,ts.js,https://github.com/ZefanHu/typingmind-extension/blob/2c88718f4927176b6e9e524ff7f13c277a51970e/ts.js,708d211b377af5d601ce13951b724638c38c25cc
Bearer Token,"""Bearer "" language:javascript",Aquariushsj/faker,https://github.com/Aquariushsj/faker,ql.js,ql.js,https://github.com/Aquariushsj/faker/blob/c166af006c29bb5ef523cf4d9788a2b84fd68e8d/ql.js,db832c93d97ca84e3676ddb72d04320d17b19790
Bearer Token,"""Bearer "" language:javascript",BlueMaplePlus/JdRobot,https://github.com/BlueMaplePlus/JdRobot,ql.js,ql.js,https://github.com/BlueMaplePlus/JdRobot/blob/17675df738e55f58421d293b23b1830abc5b1dd4/ql.js,96f32d9ad98606f034b3ce0ae706546cde4747ee
Bearer Token,"""Bearer "" language:javascript",tona-chheun/openai-realtime-console,https://github.com/tona-chheun/openai-realtime-console,ws.js,ws.js,https://github.com/tona-chheun/openai-realtime-console/blob/cd3b8498dd9ae50e8a3a5f1796bb89f3052ec242/ws.js,efa125dd10f767f2063869889b677e55a8df5444
Bearer Token,"""Bearer "" language:javascript",IgnacioRodriguez01/k6-stress-kit,https://github.com/IgnacioRodriguez01/k6-stress-kit,k6.js,k6.js,https://github.com/IgnacioRodriguez01/k6-stress-kit/blob/e77a128db2233d6756b15c81216fbf1119c2e53b/k6.js,dd3cb796990665e8a4fb38cb05c0d08aa1f28422
Bearer Token,"""Bearer "" language:javascript",leozinpvp/sla,https://github.com/leozinpvp/sla,ai.js,ai.js,https://github.com/leozinpvp/sla/blob/d56a03c55599a084557858aaec1c7404b3ce2167/ai.js,c575e6d2e41703cb1170d970a63eceb9a81a6020
Bearer Token,"""Bearer "" language:javascript",ballimsuhayl-commits/family-pa,https://github.com/ballimsuhayl-commits/family-pa,ai.js,ai.js,https://github.com/ballimsuhayl-commits/family-pa/blob/7f887d46d27736a890de95b0a2becfc2ea5c32ec/ai.js,0b4d86dc4d6470ef24bdac7156c639df0e9dcc1a
Bearer Token,"""Bearer "" language:javascript",aaabdoulaye/mikaty_payment,https://github.com/aaabdoulaye/mikaty_payment,om.js,om.js,https://github.com/aaabdoulaye/mikaty_payment/blob/a405ae6d27868447e7412b42a97f2c9d6ca8c406/om.js,ca2ba70456d1ddf9bd0613fe025f0de92c073f3f
Bearer Token,"""Bearer "" language:javascript",Sunder-Kumar/founder-os,https://github.com/Sunder-Kumar/founder-os,ai.js,ai.js,https://github.com/Sunder-Kumar/founder-os/blob/989a9b8c4f71ea8cac258af74fc3cde41f58d7ff/ai.js,274bbc93c45ac7e32fb9ff0104f36604d722f562
Bearer Token,"""Bearer "" language:javascript",yang-smith/bookmark_organizer_extension,https://github.com/yang-smith/bookmark_organizer_extension,ai.js,ai.js,https://github.com/yang-smith/bookmark_organizer_extension/blob/12efb6046ecc89e1e95b6e84aaf6b60bb13a9ce1/ai.js,7a7f1a8e8d40a66405ab59dc6b31efa791338132
Bearer Token,"""Bearer "" language:javascript",rakeshpetit/nest-ecom,https://github.com/rakeshpetit/nest-ecom,etl.js,etl.js,https://github.com/rakeshpetit/nest-ecom/blob/c991511b9065405776ec1bdca3c28b78806d4289/etl.js,c1f113380a26c12ea53cd43d91097f43227fed0a
Bearer Token,"""Bearer "" language:javascript",shonore/Fickle,https://github.com/shonore/Fickle,App.js,App.js,https://github.com/shonore/Fickle/blob/baa9697e6f993ee5c492279cef09ae328a0f448d/App.js,e62696fe39ac26660be03eecfd9468685d66ed61
Bearer Token,"""Bearer "" language:javascript",Kimutai01/nessvie-backend,https://github.com/Kimutai01/nessvie-backend,App.js,App.js,https://github.com/Kimutai01/nessvie-backend/blob/2e8370f098bf03e91a5104221b085cac343be78a/App.js,262afac7aabc76532e586703906e0585da6fbb25
Bearer Token,"""Bearer "" language:javascript",dddware/bot-de-qualiter,https://github.com/dddware/bot-de-qualiter,gpt.js,gpt.js,https://github.com/dddware/bot-de-qualiter/blob/8711fad163ac4ace0d86fce5fd0b9d82ae7fa5e1/gpt.js,4513cf1b5aac66bb312b0b591cdcfd2bfe3008e0
Bearer Token,"""Bearer "" language:javascript",mdimranhasanmahin/hello-ai,https://github.com/mdimranhasanmahin/hello-ai,api.js,api.js,https://github.com/mdimranhasanmahin/hello-ai/blob/48be73863ee412780292e57ed4362cdb2d4aba95/api.js,fbba5977421131ea1afc50a2c7098ad1b7f31215
Bearer Token,"""Bearer "" language:javascript",Superheroghost/VisionAI,https://github.com/Superheroghost/VisionAI,api.js,api.js,https://github.com/Superheroghost/VisionAI/blob/ad425af6d0d38050b4f51c39375775aa2022fa78/api.js,d0c991f8a1999478cbdf7ba2358998bce3124ee1
Bearer Token,"""Bearer "" language:javascript",ronanyeah/spotify-fresh,https://github.com/ronanyeah/spotify-fresh,fns.js,fns.js,https://github.com/ronanyeah/spotify-fresh/blob/549bd04c56cb477dc8e0d0baf31f859186282673/fns.js,d41290af864e5aa6e15335081474516dceaff398
Bearer Token,"""Bearer "" language:javascript",shufflewzc/faker3,https://github.com/shufflewzc/faker3,ql.js,ql.js,https://github.com/shufflewzc/faker3/blob/c309ef7500d688d817eab4903f37f741df9d2a03/ql.js,10a7edb6e8e375c7bc73ff4e65fdd27aa1862152
Bearer Token,"""Bearer "" language:javascript",PipedreamHQ/pipedream,https://github.com/PipedreamHQ/pipedream,smartsheet.app.mjs,components/smartsheet/smartsheet.app.mjs,https://github.com/PipedreamHQ/pipedream/blob/e323a923254aa4143be3ba2c27703165de42df8d/components/smartsheet/smartsheet.app.mjs,4299ff1b8c1b10d59728b0edb8e0099aa791730f
Bearer Token,"""Bearer "" language:javascript",shufflewzc/faker4,https://github.com/shufflewzc/faker4,ql.js,ql.js,https://github.com/shufflewzc/faker4/blob/1cdb6c9ca0bedd8c16b815c9e9dd3b748b29186e/ql.js,10a7edb6e8e375c7bc73ff4e65fdd27aa1862152
Bearer Token,"""Bearer "" language:javascript",matt-major-zz/do-wrapper,https://github.com/matt-major-zz/do-wrapper,request-helper.js,src/request-helper.js,https://github.com/matt-major-zz/do-wrapper/blob/db1db00462e9cb0115a1ce894122dfff7895b154/src/request-helper.js,9a195bd15a1296ba119f6c724853cf1d61b411bc
Bearer Token,"""Bearer "" language:javascript",wudongdefeng/wool,https://github.com/wudongdefeng/wool,ql.js,ql.js,https://github.com/wudongdefeng/wool/blob/9e24f478ceb31ea4b11d6127d52d919d93bd2844/ql.js,70a077cfe1d43774e1ee906082d29ef581024d53
Bearer Token,"""Bearer "" language:javascript",twilson63/npm-gitlab,https://github.com/twilson63/npm-gitlab,app.js,app.js,https://github.com/twilson63/npm-gitlab/blob/fcb45df0bbb2b985be30bfe6118e190b990f2237/app.js,e2a91ec5fa221478c32877658afef6da70a5d3cf
Bearer Token,"""Bearer "" language:javascript",qingcheng2022/QL,https://github.com/qingcheng2022/QL,ql.js,ql.js,https://github.com/qingcheng2022/QL/blob/5d1afdcb5a6516195f7cadbc1225ed9219a0d7cb/ql.js,b019ae36a75e1e9fbbb9638d487fb013dce1c791
Bearer Token,"""Bearer "" language:javascript",drizzle888/faker2,https://github.com/drizzle888/faker2,ql.js,ql.js,https://github.com/drizzle888/faker2/blob/227bd4d9b399c7ef5cbafc1a060e5952dfe3bf9e/ql.js,a98819e1617ee18886862d09f57babf568f910da
Bearer Token,"""Bearer "" language:javascript",hubing0917/hyominnn2,https://github.com/hubing0917/hyominnn2,ql.js,ql.js,https://github.com/hubing0917/hyominnn2/blob/cb3a35bbe9248cfe860c62bd299114b232f0dcaa/ql.js,802d1a65ff8af89512de625dccb01e9bb09731df
Bearer Token,"""Bearer "" language:javascript",feiniao43/faker3,https://github.com/feiniao43/faker3,ql.js,ql.js,https://github.com/feiniao43/faker3/blob/4e7104bc85d3bd8c26ab2a7786fec9e2b9835c52/ql.js,a98819e1617ee18886862d09f57babf568f910da
Bearer Token,"""Bearer "" language:javascript",ZhengchaoCao/faker3,https://github.com/ZhengchaoCao/faker3,ql.js,ql.js,https://github.com/ZhengchaoCao/faker3/blob/d35d56c65ae060f4526156619f1360b0241bba80/ql.js,802d1a65ff8af89512de625dccb01e9bb09731df
Bearer Token,"""Bearer "" language:javascript",gdzy1987/yydspure,https://github.com/gdzy1987/yydspure,ql.js,ql.js,https://github.com/gdzy1987/yydspure/blob/902614bd662eee93bf958315447cdf2c0cd2e405/ql.js,802d1a65ff8af89512de625dccb01e9bb09731df
Bearer Token,"""Bearer "" language:javascript",wjx0428/wjx,https://github.com/wjx0428/wjx,ql.js,ql.js,https://github.com/wjx0428/wjx/blob/c01d9891ae9781195678ec7b0ef41caf36e24caf/ql.js,a98819e1617ee18886862d09f57babf568f910da
Bearer Token,"""Bearer "" language:javascript",shyg866/JDWXX-ql_al,https://github.com/shyg866/JDWXX-ql_al,ql.js,ql.js,https://github.com/shyg866/JDWXX-ql_al/blob/0e7a8990e59d832c6ca1023aabb58ddfc6fe5cae/ql.js,a98819e1617ee18886862d09f57babf568f910da
Bearer Token,"""Bearer "" language:javascript",hpi-swa-lab/sandblocks-text,https://github.com/hpi-swa-lab/sandblocks-text,copilot.js,extensions/copilot.js,https://github.com/hpi-swa-lab/sandblocks-text/blob/969a78aa3c6acb7b18df87fe1119e629ddac2995/extensions/copilot.js,5a3f67e993f910fdb40326128400e80b19e83f03
Bearer Token,"""Bearer "" language:javascript",buqian123/faker3,https://github.com/buqian123/faker3,ql.js,ql.js,https://github.com/buqian123/faker3/blob/08ceac8db095f919f992113430bc287335e3de5a/ql.js,70e0f402cedec5fc549869cae74067b9168145db
Bearer Token,"""Bearer "" language:javascript",sync-auto/JDWXX,https://github.com/sync-auto/JDWXX,ql.js,ql.js,https://github.com/sync-auto/JDWXX/blob/495808bcfff616ca6e016cceb2c670914b758e15/ql.js,20d2b165db41e1bda66b72344719787ee533474d
Bearer Token,"""Bearer "" language:javascript",yizhidadage/dage,https://github.com/yizhidadage/dage,ql.js,ql.js,https://github.com/yizhidadage/dage/blob/56f4557d6907ba84b8f1c6af00429ce7fec5833d/ql.js,70a077cfe1d43774e1ee906082d29ef581024d53
Bearer Token,"""Bearer "" language:javascript",tuoro/Personal-Script,https://github.com/tuoro/Personal-Script,ql.js,ql.js,https://github.com/tuoro/Personal-Script/blob/be187b219b03389b7050791e2cd87c18d3f57f3e/ql.js,70e0f402cedec5fc549869cae74067b9168145db
Bearer Token,"""Bearer "" language:javascript",xiaoweihg/bienaoccc_hym,https://github.com/xiaoweihg/bienaoccc_hym,ql.js,ql.js,https://github.com/xiaoweihg/bienaoccc_hym/blob/e9167cda50af3622053117eeac535e7c437e0f5d/ql.js,af3e438f684fdc65d57148462923b0c9f4814f6f
Bearer Token,"""Bearer "" language:javascript",luckyboy321/yydspure,https://github.com/luckyboy321/yydspure,ql.js,ql.js,https://github.com/luckyboy321/yydspure/blob/8233bab09a3635a2be593cd9680453e0333075a9/ql.js,802d1a65ff8af89512de625dccb01e9bb09731df
Bearer Token,"""Bearer "" language:javascript",jiangbaibai0/im,https://github.com/jiangbaibai0/im,ql.js,ql.js,https://github.com/jiangbaibai0/im/blob/d72710260b3b929c3ba0f7c0751e84f9515d8c4a/ql.js,1006dc1ba3691da438955c9e0f7835729ccc628b
Bearer Token,"""Bearer "" language:javascript",281879416/ele,https://github.com/281879416/ele,ql.js,ql.js,https://github.com/281879416/ele/blob/1d2accedb894c1f0b96f813aea1daa2b13b5f385/ql.js,1006dc1ba3691da438955c9e0f7835729ccc628b
Bearer Token,"""Bearer "" language:javascript",HazelnutParadise/account-center,https://github.com/HazelnutParadise/account-center,.js,.js,https://github.com/HazelnutParadise/account-center/blob/5e72f5882965fd1a906b91ab62569a2ca4a22945/.js,8d22c82ec454780d51ef35af44c26160aea011d1
Bearer Token,"""Bearer "" language:javascript",20Scoops-CNX/fanz-payments-demo,https://github.com/20Scoops-CNX/fanz-payments-demo,purge,purge,https://github.com/20Scoops-CNX/fanz-payments-demo/blob/2654a66338b0eb2e4665af6c5984aba3ad3fc84e/purge,189f8609056e2178814912565676eddff74cb3bd
Bearer Token,"""Bearer "" language:javascript",nickia0/pangbai66,https://github.com/nickia0/pangbai66,ql.js,ql.js,https://github.com/nickia0/pangbai66/blob/3fb51f7e45d7800fdd9f01d1052ecbea7fc8545a/ql.js,70e0f402cedec5fc549869cae74067b9168145db
Bearer Token,"""Bearer "" language:javascript",ganice/pangbai66,https://github.com/ganice/pangbai66,ql.js,ql.js,https://github.com/ganice/pangbai66/blob/fbd39b49799f745bac6517685161a97459487a9f/ql.js,70e0f402cedec5fc549869cae74067b9168145db
Bearer Token,"""Bearer "" language:javascript",bak-up/faker3,https://github.com/bak-up/faker3,ql.js,ql.js,https://github.com/bak-up/faker3/blob/250ee6e7adbb5d2f2f75496924ebe757c820bd6b/ql.js,10a7edb6e8e375c7bc73ff4e65fdd27aa1862152
Bearer Token,"""Bearer "" language:javascript",bak-up/faker2,https://github.com/bak-up/faker2,ql.js,ql.js,https://github.com/bak-up/faker2/blob/d565beedcb8a3fe39b82f51d4c2563e1136d8840/ql.js,10a7edb6e8e375c7bc73ff4e65fdd27aa1862152
Bearer Token,"""Bearer "" language:javascript",hunshuai/zt,https://github.com/hunshuai/zt,ql.js,ql.js,https://github.com/hunshuai/zt/blob/7127f8505a203cbafc9a3ee31f6ffef283bcfe05/ql.js,ddbeb4701c15caf27a6a031d1a0df0cb918ecd38
Bearer Token,"""Bearer "" language:javascript",xfchu1988/zlk,https://github.com/xfchu1988/zlk,ql.js,ql.js,https://github.com/xfchu1988/zlk/blob/6a2dde5f304fc1ffc0ca70a0acf85c7291d75134/ql.js,9c687bacf670dc1d286dfacfe29921353a0ba99a
Bearer Token,"""Bearer "" language:javascript",whzsyx/xuescripts,https://github.com/whzsyx/xuescripts,ql.js,ql.js,https://github.com/whzsyx/xuescripts/blob/3aed4971ae045413a22ccc702966d828b63a68e9/ql.js,84933994206a6f0a3e83e9c28af248b219ffab30
Bearer Token,"""Bearer "" language:javascript",qninq/elm,https://github.com/qninq/elm,ql.js,ql.js,https://github.com/qninq/elm/blob/919391793544e272ad50f56ad2fdc353b0d64d0b/ql.js,b019ae36a75e1e9fbbb9638d487fb013dce1c791
Bearer Token,"""Bearer "" language:javascript",lhk021103/elm,https://github.com/lhk021103/elm,ql.js,ql.js,https://github.com/lhk021103/elm/blob/cb0fff25fb7c9a2fcd296f06721d87be36d3e906/ql.js,b019ae36a75e1e9fbbb9638d487fb013dce1c791
Bearer Token,"""Bearer "" language:javascript",qzr666/Q0916,https://github.com/qzr666/Q0916,ql.js,ql.js,https://github.com/qzr666/Q0916/blob/35b2a415765161cfb2b76636c0f79f05c4cf4fac/ql.js,b019ae36a75e1e9fbbb9638d487fb013dce1c791
Bearer Token,"""Bearer "" language:javascript",twilson63/topflix-reducers,https://github.com/twilson63/topflix-reducers,db.js,db.js,https://github.com/twilson63/topflix-reducers/blob/d8c39049cbcc3841114715dc68560b1530040669/db.js,10b5bfd0cecff9dee83199f40796632b7b48b154
Bearer Token,"""Bearer "" language:javascript",jiangbaibai0/ele,https://github.com/jiangbaibai0/ele,ql.js,ql.js,https://github.com/jiangbaibai0/ele/blob/69f8fb058691a21697bdeb990bc585fae5da07bf/ql.js,1006dc1ba3691da438955c9e0f7835729ccc628b
Bearer Token,"""Bearer "" language:javascript",281879416/281879416-elm,https://github.com/281879416/281879416-elm,ql.js,ql.js,https://github.com/281879416/281879416-elm/blob/9e9e2f4ddb5a0fc788f488761075c80be8c9ee98/ql.js,1006dc1ba3691da438955c9e0f7835729ccc628b
Bearer Token,"""Bearer "" language:javascript",xiaoweihg/QLScriptPublic2,https://github.com/xiaoweihg/QLScriptPublic2,ql.js,ql.js,https://github.com/xiaoweihg/QLScriptPublic2/blob/c8cad8e5f39929eecea8fa9d3fd9c3169e560b8c/ql.js,70a077cfe1d43774e1ee906082d29ef581024d53
Bearer Token,"""Bearer "" language:javascript",ChrisAbdo/Doodl-Lens,https://github.com/ChrisAbdo/Doodl-Lens,api.js,api.js,https://github.com/ChrisAbdo/Doodl-Lens/blob/7e1365b5b598f45b1d4a790b8b8be7d3521c1b46/api.js,07c0d5c0d7c15b75613ef4f4c3a70e219fa72c7e
Bearer Token,"""Bearer "" language:javascript",vireo-core/ranger-example-nodejs,https://github.com/vireo-core/ranger-example-nodejs,app.js,app.js,https://github.com/vireo-core/ranger-example-nodejs/blob/0dbf1426a77530ce41e78ff7bf386e4d17ed7ff9/app.js,c8e411b35c0191ea57fb56798449d45858838a9a
Bearer Token,"""Bearer "" language:javascript",killman122/js-scripts,https://github.com/killman122/js-scripts,ql.js,ql.js,https://github.com/killman122/js-scripts/blob/175d0465c65aeedaafcb4d8ac92f6f8de2eb2036/ql.js,db832c93d97ca84e3676ddb72d04320d17b19790
Bearer Token,"""Bearer "" language:javascript",Anik7164/Harmixia,https://github.com/Anik7164/Harmixia,script.js,update/script.js,https://github.com/Anik7164/Harmixia/blob/4f335ebb525a88934e4d010084321312beddb375/update/script.js,2f6fabc76e355d22349ae0a70019f45f1665cef1
Bearer Token,"""Bearer "" language:javascript",UPD8-group/saygday.ai,https://github.com/UPD8-group/saygday.ai,api.js,src/app/api.js,https://github.com/UPD8-group/saygday.ai/blob/e838ab00cdb34a261415afe07a8775314c112823/src/app/api.js,0fc5eab72bd74a45339d78d57f55714c49855557
Bearer Token,"""Bearer "" language:javascript",advance2016/my_scripts,https://github.com/advance2016/my_scripts,ql.js,ql.js,https://github.com/advance2016/my_scripts/blob/b24436d848baa048de747ff233b230c377ddefd5/ql.js,84933994206a6f0a3e83e9c28af248b219ffab30
Bearer Token,"""Bearer "" language:javascript",zus-pop/pod-booking-admin-dashboard,https://github.com/zus-pop/pod-booking-admin-dashboard,axios.js,src/api/axios.js,https://github.com/zus-pop/pod-booking-admin-dashboard/blob/aa989784b2a6d1b0f681bee33f51ea4c56a63292/src/api/axios.js,17f321fc20372e22c36253cf0e86383ffe5c7a90
Bearer Token,"""Bearer "" language:javascript",the-ebdm/ebdm-blog,https://github.com/the-ebdm/ebdm-blog,contentful.js,lib/contentful.js,https://github.com/the-ebdm/ebdm-blog/blob/a2f3bd745509bda5bf0f8832dee0e790c85c4472/lib/contentful.js,55d155b735bd76a4a39293d36099fa1b3c09c541
Bearer Token,"""Bearer "" language:javascript",ankit250505/Real-time-chat-application,https://github.com/ankit250505/Real-time-chat-application,api.js,client/lib/api.js,https://github.com/ankit250505/Real-time-chat-application/blob/74e35078c5182802e7da83bb22b716ced1f8ed43/client/lib/api.js,430a4a4d8ccdf7665c8a9a7f920bd2b6967d074b
Bearer Token,"""Bearer "" language:javascript",hiuyear/helium,https://github.com/hiuyear/helium,send-message.js,lib/send-message.js,https://github.com/hiuyear/helium/blob/e588b3e55be5c09cce449d717e5af99abad9b929/lib/send-message.js,149710296991e98755f534939672b0a399948b9e
Bearer Token,"""Bearer "" language:javascript",RiseUpSquad21/RiseUp_2025_1_Liferay,https://github.com/RiseUpSquad21/RiseUp_2025_1_Liferay,perfil.js,js/perfil.js,https://github.com/RiseUpSquad21/RiseUp_2025_1_Liferay/blob/38ac0b8ff185cc30f209051638ba7fd407ae9361/js/perfil.js,eea49d27476baca14b6616f0b920dd00cdb1a5d0
Bearer Token,"""Bearer "" language:javascript",ssdbkey/rain-chat,https://github.com/ssdbkey/rain-chat,request.js,src/utils/request.js,https://github.com/ssdbkey/rain-chat/blob/c7cef9b601dd843169b022ce14cee733ee3369fe/src/utils/request.js,d59ed90a37a7c9b08361c55a26d8da1d877e666f
Bearer Token,"""Bearer "" language:javascript",ThonliveThondie/art-connect-frontend,https://github.com/ThonliveThondie/art-connect-frontend,client.js,src/api/utils/client.js,https://github.com/ThonliveThondie/art-connect-frontend/blob/eae19022a9578453e05264aedf4dfa2863ff5cb5/src/api/utils/client.js,69c760f99ce49127495a1d21a6b242a764efc520
Bearer Token,"""Bearer "" language:javascript",wanted-9team/pre-onboarding-assignment-week-4-1-team-9,https://github.com/wanted-9team/pre-onboarding-assignment-week-4-1-team-9,index.js,preface/src/api/index.js,https://github.com/wanted-9team/pre-onboarding-assignment-week-4-1-team-9/blob/dbfab40b0ee6f69a637055523d37a106ffb091b0/preface/src/api/index.js,3edb10d59d1b5fd46a9fac052b05bea3b6a4b25e
Bearer Token,"""Bearer "" language:javascript",manhnv2110/exam-registration-system,https://github.com/manhnv2110/exam-registration-system,api.js,frontend/src/utils/api.js,https://github.com/manhnv2110/exam-registration-system/blob/a23b26d4916c70f0d790685fdb4fe5583150f845/frontend/src/utils/api.js,37509473fbe96bb8010513b5f7c320925c4b3a2c
Bearer Token,"""Bearer "" language:javascript",Metroid-X/slwc-forums-front-end,https://github.com/Metroid-X/slwc-forums-front-end,topicService.js,src/services/topicService.js,https://github.com/Metroid-X/slwc-forums-front-end/blob/659909ce325b4ab8e4398912280cb7b1277a97ef/src/services/topicService.js,17d33903113f671abef1ba7d66978908007f4c8b
Bearer Token,"""Bearer "" language:javascript",anhnk456/thegioiden95,https://github.com/anhnk456/thegioiden95,axios.config.js,src/config/axios.config.js,https://github.com/anhnk456/thegioiden95/blob/14f61fcdef5c006de94167bc4d51f5eb9b4b0507/src/config/axios.config.js,2a44dadd4e0d111150aff012499e8e5bb996b87c
Bearer Token,"""Bearer "" language:javascript",atharvak2004/hackhazards25-Project,https://github.com/atharvak2004/hackhazards25-Project,CreateCircleForm.jsx,Frontend/src/components/CreateCircleForm.jsx,https://github.com/atharvak2004/hackhazards25-Project/blob/730ec3e4f4d804c50f7064b8a6deba10cf15b820/Frontend/src/components/CreateCircleForm.jsx,0059952250661aeb00c81ccd0d4d288610693b94
Bearer Token,"""Bearer "" language:javascript",siddbhatt18/online-learning-platform,https://github.com/siddbhatt18/online-learning-platform,AuthContext.jsx,client/src/context/AuthContext.jsx,https://github.com/siddbhatt18/online-learning-platform/blob/92e0c66cb078242b18698441a4da830c227ed857/client/src/context/AuthContext.jsx,b1b680b9ee02ff62000bd0d579e464b780ff4a97
Bearer Token,"""Bearer "" language:javascript",Quincy15th/Voice-chat,https://github.com/Quincy15th/Voice-chat,userService.js,mobile/src/services/userService.js,https://github.com/Quincy15th/Voice-chat/blob/97901f6f2be01a8c55c447f2bf420b9c455850ba/mobile/src/services/userService.js,68136db3b8bc63df76fd74979d88769f898d4a74
Bearer Token,"""Bearer "" language:javascript",Salvador798/crud-express,https://github.com/Salvador798/crud-express,index.js,src/auth/index.js,https://github.com/Salvador798/crud-express/blob/efce9fc6e916a4bc22fbe90d9d5275e2a8e88889/src/auth/index.js,28d0e847386507a14be162a5de2cdedf8499e43d
Bearer Token,"""Bearer "" language:javascript",Vikasya85450/ecommerce,https://github.com/Vikasya85450/ecommerce,api.js,a/src/utils/api.js,https://github.com/Vikasya85450/ecommerce/blob/2b2ecc364df9e7d92a50f45d728ca279f22a025b/a/src/utils/api.js,a326bdda2ec800939c05a5bf667ed333f41f3556
Bearer Token,"""Bearer "" language:javascript",BerleLBowen/BookBuddy2,https://github.com/BerleLBowen/BookBuddy2,api.js,src/services/api.js,https://github.com/BerleLBowen/BookBuddy2/blob/0a1ba54ea477e6d9bebfcca5fafba7c1c6d32cde/src/services/api.js,6e8c182cf9d0c72cb378546c6992b7de52a46e35
Bearer Token,"""Bearer "" language:javascript",adamaaaa-stack/sonata,https://github.com/adamaaaa-stack/sonata,generate-audio.mjs,scripts/generate-audio.mjs,https://github.com/adamaaaa-stack/sonata/blob/e32a7fd57a35ddba4bd55c3998f4be1358d8142a/scripts/generate-audio.mjs,35b6c2a84fd2a2c801f5e7968de6b98485800aa8
Bearer Token,"""Bearer "" language:javascript",gokulam19072000/server-app,https://github.com/gokulam19072000/server-app,App.jsx,frontend/src/App.jsx,https://github.com/gokulam19072000/server-app/blob/10d741d56fb9ced1d7ea3e717e2089d38be16994/frontend/src/App.jsx,acdb18bb519af13b089063cffb5582077a36dad2
Bearer Token,"""Bearer "" language:javascript",Innovative-J/Music-Discovery-with-Lyrics,https://github.com/Innovative-J/Music-Discovery-with-Lyrics,script.js,Assets/script.js,https://github.com/Innovative-J/Music-Discovery-with-Lyrics/blob/e473e7aee966b60edb78525bf5b881a766d06299/Assets/script.js,86dc9e6e6b082d73c48634f3be1cd62a3058d2e6
Bearer Token,"""Bearer "" language:javascript",wizage/action-eslint-airbnb,https://github.com/wizage/action-eslint-airbnb,index2.js,index2.js,https://github.com/wizage/action-eslint-airbnb/blob/c5e9b253a6e8add8bf53dd5991260ff3e3bb9e10/index2.js,6dd57b7b7b42885479b341d66ec861c52ce5ca25
Bearer Token,"""Bearer "" language:javascript",7uan7D/zengarden-fe,https://github.com/7uan7D/zengarden-fe,streakService.js,src/services/apiServices/streakService.js,https://github.com/7uan7D/zengarden-fe/blob/04d058819457db13a6e2bf43b90dcad2e0ff3915/src/services/apiServices/streakService.js,4ae6f473707ca9ddf66180dfd781c543859d31b5
Bearer Token,"""Bearer "" language:javascript",KostiantynU/goit-react-phonebook-ui,https://github.com/KostiantynU/goit-react-phonebook-ui,authOperations.js,src/redux/auth/authOperations.js,https://github.com/KostiantynU/goit-react-phonebook-ui/blob/fa60c07d04af022206c5a56c99da0756ffc56ac3/src/redux/auth/authOperations.js,b338ae1abc696231394f967ee3006990834db352
Bearer Token,"""Bearer "" language:javascript",Abolfazlkhazraei-OAMK/Movie-app-OAMK,https://github.com/Abolfazlkhazraei-OAMK/Movie-app-OAMK,Profile.jsx,movie-app/src/pages/Profile.jsx,https://github.com/Abolfazlkhazraei-OAMK/Movie-app-OAMK/blob/3b880ceb6cce14b0bc792a6849a9310b22111437/movie-app/src/pages/Profile.jsx,cc323027eae4f576d8086a05f61053f813d3598f
Bearer Token,"""Bearer "" language:javascript",lilswapnil/musix,https://github.com/lilswapnil/musix,apiClient.js,frontend/src/services/apiClient.js,https://github.com/lilswapnil/musix/blob/f8025c9e2886bab898dd661254575e1dc51c09f5/frontend/src/services/apiClient.js,ff7af4075eac5bacd681b06c3f30f48e5d7b336c
Bearer Token,"""Bearer "" language:javascript",chickenva/caohienstudio,https://github.com/chickenva/caohienstudio,Profile.jsx,frontend/src/pages/customer/Profile.jsx,https://github.com/chickenva/caohienstudio/blob/bb524470bd777e05f78c0a71524b57dd89152d0b/frontend/src/pages/customer/Profile.jsx,c9142e3dbdcc58b795ffc637db0dee486d77e0b8
Bearer Token,"""Bearer "" language:javascript",EMNYZER/Sistem-Informasi-Administrasi-Surat,https://github.com/EMNYZER/Sistem-Informasi-Administrasi-Surat,laporan.js,client/src/pages/laporan.js,https://github.com/EMNYZER/Sistem-Informasi-Administrasi-Surat/blob/400a082e779606d457ee29006e0d295dddfcdf05/client/src/pages/laporan.js,14b940eb8ce429234d2a6d55bb8884ca6a06031f
Bearer Token,"""Bearer "" language:javascript",lingeorge88/social_media_fullstack,https://github.com/lingeorge88/social_media_fullstack,FriendListWidget.jsx,client/src/scenes/widgets/FriendListWidget.jsx,https://github.com/lingeorge88/social_media_fullstack/blob/55ab3ee190a090a0c7d4346ad23c16af845fce0c/client/src/scenes/widgets/FriendListWidget.jsx,228a58ea5364de06da14163e3dd7beb7929efd49
Bearer Token,"""Bearer "" language:javascript",aishvar23/quydly,https://github.com/aishvar23/quydly,complete.js,backend/routes/complete.js,https://github.com/aishvar23/quydly/blob/997262c943742201d32846ecceea375d9804c582/backend/routes/complete.js,be1b0624fbe2500e330cc2c90f6d64c2ea695c5b
Bearer Token,"""Bearer "" language:javascript",davidamankwah/Final_YearProject,https://github.com/davidamankwah/Final_YearProject,FollowersWidgets.jsx,client/src/pages/widget/FollowersWidgets.jsx,https://github.com/davidamankwah/Final_YearProject/blob/c5c3abd94a022c16295b9746d82de29364043787/client/src/pages/widget/FollowersWidgets.jsx,066c80f2acccad6ff76668ad121dc687fe6b2490
Bearer Token,"""Bearer "" language:javascript",saaib8/MobilePrice,https://github.com/saaib8/MobilePrice,app.js,frontend/app.js,https://github.com/saaib8/MobilePrice/blob/6a8bc8843839e6efe7dbe229332cf6cd172eee15/frontend/app.js,d6b6fc66c0b5b04896e1bc5cdbc3c408b1fb4d2a
Bearer Token,"""Bearer "" language:javascript",oasis-pandey/Web-Dev,https://github.com/oasis-pandey/Web-Dev,solution.js,Backend/5.5 REST APIs/solution.js,https://github.com/oasis-pandey/Web-Dev/blob/2bc974b20ad8db11ec30b7397743580c721f9cc5/Backend/5.5 REST APIs/solution.js,fca2240aa684d0bb6d6176f4632112c683c9c9a5
Bearer Token,"""Bearer "" language:javascript",hassandevpro/notescam-saas,https://github.com/hassandevpro/notescam-saas,eventSync.js,server/eventSync.js,https://github.com/hassandevpro/notescam-saas/blob/88c1ab43c5e20ad63bda465aafca9e194e25411c/server/eventSync.js,a2e5637af2af23d7b00db51b34d6554b4e046a89
Bearer Token,"""Bearer "" language:javascript",haseebjanhamraz/sucha,https://github.com/haseebjanhamraz/sucha,useFemaleCows.jsx,frontend/src/hooks/useFemaleCows.jsx,https://github.com/haseebjanhamraz/sucha/blob/4982bce09dda33a4e50228b9dea9052c84375d76/frontend/src/hooks/useFemaleCows.jsx,f5a794e3026e32472c03f2802f55f6a90f973a50
Bearer Token,"""Bearer "" language:javascript",StudyBase-or-smth/TheStudyBase,https://github.com/StudyBase-or-smth/TheStudyBase,grade.js,netlify/functions/grade.js,https://github.com/StudyBase-or-smth/TheStudyBase/blob/5cc9d22eeb408addff0bf31dafdc960fa685763d/netlify/functions/grade.js,1ab52e3002f46f5320108420332ac7df13683cb6
Bearer Token,"""Bearer "" language:javascript",madhav0407/TicketResolver_Kube,https://github.com/madhav0407/TicketResolver_Kube,Customer.js,src/components/Customer.js,https://github.com/madhav0407/TicketResolver_Kube/blob/357da2c8f8285c86868e016c142d71190d1ca21c/src/components/Customer.js,48b70c66f19a686052591cf6a703815a2f5cf268
Bearer Token,"""Bearer "" language:javascript",sandipan-das-sd/drop_challenge,https://github.com/sandipan-das-sd/drop_challenge,AuthContext.jsx,client/src/context/AuthContext.jsx,https://github.com/sandipan-das-sd/drop_challenge/blob/be447bfabc96ae35ced1124be560c7dff6bb4fcf/client/src/context/AuthContext.jsx,16e56f683207e1f18d5e1cbf2a639337590ed159
Bearer Token,"""Bearer "" language:javascript",david-borja/proshop,https://github.com/david-borja/proshop,authMiddleware.js,backend/middleware/authMiddleware.js,https://github.com/david-borja/proshop/blob/655ef9b5f57d240289b4dde99a56c1a9bb92a5a4/backend/middleware/authMiddleware.js,d35ed1ca525f71ebbf66fd557cdef09c210deb6a
Bearer Token,"""Bearer "" language:javascript",mdirshad9211/AI-Based-Mentor-assigner-FE,https://github.com/mdirshad9211/AI-Based-Mentor-assigner-FE,CreateTicket.jsx,src/pages/CreateTicket.jsx,https://github.com/mdirshad9211/AI-Based-Mentor-assigner-FE/blob/5406be629d6db211fc148ec557422849096041a7/src/pages/CreateTicket.jsx,ad3d28753c10ab75099a07adcbad42e2cb6364f1
Bearer Token,"""Bearer "" language:javascript",n-drobyshevski/sidekick,https://github.com/n-drobyshevski/sidekick,ai_cloud_config_findings_request.js,gas_ai/exemples/ai_cloud_config_findings_request.js,https://github.com/n-drobyshevski/sidekick/blob/5ff2d97520c5a43ad6a67a1f476f2c8215fa13b5/gas_ai/exemples/ai_cloud_config_findings_request.js,3800b74008778f918aa22846dcad5f0f6d650a7a
Bearer Token,"""Bearer "" language:javascript",gurinderjagga/phoenix,https://github.com/gurinderjagga/phoenix,AuthContext.js,frontend/src/context/AuthContext.js,https://github.com/gurinderjagga/phoenix/blob/02e305fc06ea9e04e895e5935053502d902db19b/frontend/src/context/AuthContext.js,d36458110eb7c4d41c9de810e517a38f56fb9e09
Bearer Token,"""Bearer "" language:javascript",RIDagher/smartTaskHub,https://github.com/RIDagher/smartTaskHub,user.controller.js,backend/controllers/user.controller.js,https://github.com/RIDagher/smartTaskHub/blob/b40bab87f1f455f65f2f9da2b247550e9e2e08c0/backend/controllers/user.controller.js,b944ea7f232509fe6e3955846ccd535c7bab4834
Bearer Token,"""Bearer "" language:javascript",PedroMtz8/HenryAsk,https://github.com/PedroMtz8/HenryAsk,Profile.jsx,client/src/Components/Profile/Profile.jsx,https://github.com/PedroMtz8/HenryAsk/blob/35b988823d9baa9246ce39472cb612031e6be52c/client/src/Components/Profile/Profile.jsx,ec5cb96eca7fbbe23d2574c1d6f78dce46c4e92b
Bearer Token,"""Bearer "" language:javascript",adragicevicc/e-commerce-smartwatch,https://github.com/adragicevicc/e-commerce-smartwatch,useFetch.js,e-commerce-smartwatch/src/hooks/useFetch.js,https://github.com/adragicevicc/e-commerce-smartwatch/blob/b8873d647dc297bef3be3a34892376d38ef0f3df/e-commerce-smartwatch/src/hooks/useFetch.js,c97c9297883eea3be1c4ab94c869a1942456077b
Bearer Token,"""Bearer "" language:javascript",RushikeshDeshmukh521/Manesh_Project,https://github.com/RushikeshDeshmukh521/Manesh_Project,auth.js,bakery-management-system/middleware/auth.js,https://github.com/RushikeshDeshmukh521/Manesh_Project/blob/52c684bca5d87c5a5f9d29171f3b0146fa0a3d32/bakery-management-system/middleware/auth.js,cb5669fb9eaa8c9b17a8e47c584da265578244d8
Bearer Token,"""Bearer "" language:javascript",abebutsega3-png/BDU_clearance,https://github.com/abebutsega3-png/BDU_clearance,authContext.jsx,frontendproject/src/context/authContext.jsx,https://github.com/abebutsega3-png/BDU_clearance/blob/f7444759bfa6bd4880241dbd90921a4faa8da158/frontendproject/src/context/authContext.jsx,6e595aa653261c0e0c98d4632eda0d498cb41245
Bearer Token,"""Bearer "" language:javascript",hJun-KR/MirimDomi,https://github.com/hJun-KR/MirimDomi,Main.js,src/pages/Main.js,https://github.com/hJun-KR/MirimDomi/blob/c674427fb63f147082515b9069787390608a8983/src/pages/Main.js,b365ca67e17e3de62fa13bea946013869856a2bb
Bearer Token,"""Bearer "" language:javascript",jasminemahfouz/Epicode-Projects,https://github.com/jasminemahfouz/Epicode-Projects,start.js,Weekly/May/2-W 5-D/assets/js/start.js,https://github.com/jasminemahfouz/Epicode-Projects/blob/33ba626d72df7067571611d5765c870e0aacd150/Weekly/May/2-W 5-D/assets/js/start.js,7e78838ac68112478fa0bd98f0786230b154865e
Bearer Token,"""Bearer "" language:javascript",theomvirsingh/nextjs-chess-web-app,https://github.com/theomvirsingh/nextjs-chess-web-app,update.js,src/app/(pages)/api/users/update.js,https://github.com/theomvirsingh/nextjs-chess-web-app/blob/2e5a470fcd03b25a844cd15e026a4b6a96fdeec8/src/app/(pages)/api/users/update.js,e7004f6fd25303fd1bdf50ade48c47209e792c12
Bearer Token,"""Bearer "" language:javascript",leonidk14/smartify,https://github.com/leonidk14/smartify,migrate-example-shape.mjs,scripts/migrate-example-shape.mjs,https://github.com/leonidk14/smartify/blob/86b6ae63711774c699d1cac9c70038e3fee8713f/scripts/migrate-example-shape.mjs,59436d9a6d359c833aa738621dff4b4b5b8fd886
Bearer Token,"""Bearer "" language:javascript",kabegame/crawler-plugins,https://github.com/kabegame/crawler-plugins,verify-listGenerationModels-orderBy.mjs,plugins/pixai/scripts/verify-listGenerationModels-orderBy.mjs,https://github.com/kabegame/crawler-plugins/blob/ad43bc00618515892c647d3bc4cc7f65c436c244/plugins/pixai/scripts/verify-listGenerationModels-orderBy.mjs,0fcb9b67cf4500a5fec4d05cf3aac7167a021c28
Bearer Token,"""Bearer "" language:javascript",adrian5517/rentify_mobile,https://github.com/adrian5517/rentify_mobile,apiService.js,services/apiService.js,https://github.com/adrian5517/rentify_mobile/blob/2006b8e5f5b0bea3b3ea36f725dfb0851c62f786/services/apiService.js,fbc398e2575729322bfb4007743cd42305d4e603
Bearer Token,"""Bearer "" language:javascript",phlpcust1/v3-ui,https://github.com/phlpcust1/v3-ui,Assignment.jsx,src/pages/assignment/Assignment.jsx,https://github.com/phlpcust1/v3-ui/blob/713854862ba677f5b6b0fecbf3a55de47f2231f2/src/pages/assignment/Assignment.jsx,3785ad605de4990a49a930d4d8fca330dd65adbd
Bearer Token,"""Bearer "" language:javascript",Saransh-mittal/Rapid-Recap,https://github.com/Saransh-mittal/Rapid-Recap,Home.jsx,client/src/screens/Home.jsx,https://github.com/Saransh-mittal/Rapid-Recap/blob/3922997a27ee1ad19a2c725b30090fcdc2707a3a/client/src/screens/Home.jsx,030d94d81bcea41cb397f932c8b2012fc9c11cdc
Bearer Token,"""Bearer "" language:javascript",suryaravikumar-space/js-only,https://github.com/suryaravikumar-space/js-only,06-private-fields.js,docs/javascript/15-classes-oop/06-private-fields.js,https://github.com/suryaravikumar-space/js-only/blob/16b367aaa70854c737eb580fc1c8364229fddb06/docs/javascript/15-classes-oop/06-private-fields.js,ceeddb1e76664653baaaa9e3f3cc62c864ea2727
Bearer Token,"""Bearer "" language:javascript",hpi-swa-lab/sb-augmentation-builder,https://github.com/hpi-swa-lab/sb-augmentation-builder,copilot.js,extensions/copilot.js,https://github.com/hpi-swa-lab/sb-augmentation-builder/blob/91090be6322c4d57b5ca0a6424130d988ee6234e/extensions/copilot.js,5a3f67e993f910fdb40326128400e80b19e83f03
Bearer Token,"""Bearer "" language:javascript",kits-ab/kits,https://github.com/kits-ab/kits,gatsby-node.js,plugins/gatsby-source-o365/gatsby-node.js,https://github.com/kits-ab/kits/blob/2888681a731fee8f20490c1a68c1a08bf95d2c70/plugins/gatsby-source-o365/gatsby-node.js,2fcb88c9906ce9c4f5098ea2b71357cc9b3f6d3c
Bearer Token,"""Bearer "" language:javascript",hhealing123/Workout-Tracker,https://github.com/hhealing123/Workout-Tracker,App.js,client/src/App.js,https://github.com/hhealing123/Workout-Tracker/blob/fd527ba09f4738bc28f71d9e3324f7e97b1cb95b/client/src/App.js,98ac4724d70c4ed08cc780dd1440125fdfc9b9af
Bearer Token,"""Bearer "" language:javascript",rgxcode/portfolio-tracker,https://github.com/rgxcode/portfolio-tracker,index.js,cron-worker/src/index.js,https://github.com/rgxcode/portfolio-tracker/blob/fc51b5cc14e145f9cffd33210db6a31883ddb9d5/cron-worker/src/index.js,cef6cdbb0153da2f53beb3842ced23b3353bce9f
Bearer Token,"""Bearer "" language:javascript",jhon0210/proyecto_api_task,https://github.com/jhon0210/proyecto_api_task,useTareas.js,frontend/src/hooks/useTareas.js,https://github.com/jhon0210/proyecto_api_task/blob/895069d9b204b54a2a333bc84cb01cb60785d548/frontend/src/hooks/useTareas.js,b9043b1587e9ae8fe633896b346e1998877e219c
Bearer Token,"""Bearer "" language:javascript",Quincy15th/Voicechat-assistant,https://github.com/Quincy15th/Voicechat-assistant,userService.js,mobile/src/services/userService.js,https://github.com/Quincy15th/Voicechat-assistant/blob/963108c24e7c972f8fbcf292bc200ae6fcdac7a8/mobile/src/services/userService.js,68136db3b8bc63df76fd74979d88769f898d4a74
Bearer Token,"""Bearer "" language:javascript",ajayda24/sla-test,https://github.com/ajayda24/sla-test,Sector.js,src/modules/Dashboard/components/Sector/Sector.js,https://github.com/ajayda24/sla-test/blob/13255198beafcd8e32d00de24d58661b8626d065/src/modules/Dashboard/components/Sector/Sector.js,e2e6a12eb199718118012d1cd2da22855db75b16
Bearer Token,"""Bearer "" language:javascript",sakshamshh/TARBOOZ,https://github.com/sakshamshh/TARBOOZ,009b-memory-fix.js,upgrades/009b-memory-fix.js,https://github.com/sakshamshh/TARBOOZ/blob/11e921b5d50b1e38ca2ce61ad7c1006aa015e0b8/upgrades/009b-memory-fix.js,36dccc98443708d70e77e9953aecc8ea6d4ad73e
Bearer Token,"""Bearer "" language:javascript",madhav0407/TicketResolver_Frontend,https://github.com/madhav0407/TicketResolver_Frontend,Customer.js,src/components/Customer.js,https://github.com/madhav0407/TicketResolver_Frontend/blob/e4338f09c9077fac80a1004703019595406ea2e1/src/components/Customer.js,48b70c66f19a686052591cf6a703815a2f5cf268
Bearer Token,"""Bearer "" language:javascript",Ayush-Gossain/social-media-2,https://github.com/Ayush-Gossain/social-media-2,Home.js,client/src/components/screens/Home.js,https://github.com/Ayush-Gossain/social-media-2/blob/a86c6e87aa43dfbafc8b992e8421d5de53ba9c96/client/src/components/screens/Home.js,7b9571f59cf629d4d49b883125b102c6442e052e
Bearer Token,"""Bearer "" language:javascript",RedThek/ITLoanManager,https://github.com/RedThek/ITLoanManager,AdminInventoryManager.jsx,client/src/components/AdminInventoryManager.jsx,https://github.com/RedThek/ITLoanManager/blob/ef692d62349aa754a5624881377f1d87e2912341/client/src/components/AdminInventoryManager.jsx,0f5e962fd70d823b85b306688764b579440497f2
Bearer Token,"""Bearer "" language:javascript",RushikeshDeshmukh521/gayatri_project,https://github.com/RushikeshDeshmukh521/gayatri_project,auth.js,bakery-management-system/middleware/auth.js,https://github.com/RushikeshDeshmukh521/gayatri_project/blob/92c2998dde36c54737be91f49ac685640e267ce1/bakery-management-system/middleware/auth.js,cb5669fb9eaa8c9b17a8e47c584da265578244d8
Bearer Token,"""Bearer "" language:javascript",jeremiasjbermudez/AIMP,https://github.com/jeremiasjbermudez/AIMP,_face_fix_node.js,flowise/nodes/_face_fix_node.js,https://github.com/jeremiasjbermudez/AIMP/blob/bc8dd7933bdade98a54aeaf1945d991d28bb2e7d/flowise/nodes/_face_fix_node.js,cc1a5386f45f5201192511b0399696aa3972dcf8
Bearer Token,"""Bearer "" language:javascript",SeNgoNhatMinh/Ai_Turtor,https://github.com/SeNgoNhatMinh/Ai_Turtor,n8nClient.js,Ai_Turtor_FE/src/services/n8nClient.js,https://github.com/SeNgoNhatMinh/Ai_Turtor/blob/f2104543b09d9565bda67eb5fb1fce8fdcecbe09/Ai_Turtor_FE/src/services/n8nClient.js,88196b61967776e175a382fcf64f7c6fec018ffc
Bearer Token,"""Bearer "" language:javascript",Dilmurod1982/19.12.24,https://github.com/Dilmurod1982/19.12.24,ElprotecDetail.jsx,src/components/elprotec/ElprotecDetail.jsx,https://github.com/Dilmurod1982/19.12.24/blob/856d8e195031405e0e6e2789ec5dc2b65a162187/src/components/elprotec/ElprotecDetail.jsx,ed78a2d1cc0d1022c90f46c45f7e1e2cba408219
Bearer Token,"""Bearer "" language:javascript",Kunal8486/GlideWay,https://github.com/Kunal8486/GlideWay,Navbar.js,frontend/src/Components/Navbar/Navbar.js,https://github.com/Kunal8486/GlideWay/blob/a10c99eced936575048b095951ec444aa50f16e6/frontend/src/Components/Navbar/Navbar.js,636d1071631770132aa11a75825f497c9b656348
Bearer Token,"""Bearer "" language:javascript",openapi-yagen/openapi-yagen,https://github.com/openapi-yagen/openapi-yagen,operations.js,generators/ruby_faraday_client_generator/src/lib/operations.js,https://github.com/openapi-yagen/openapi-yagen/blob/dedf01ff29ca4b370663d37356cf0a6567dff318/generators/ruby_faraday_client_generator/src/lib/operations.js,e1ea2012160b3e1558f44e359e48f88a5542b7f4
Bearer Token,"""Bearer "" language:javascript",vinaykhapare/eventify,https://github.com/vinaykhapare/eventify,AssignVolunteer.jsx,Frontend/src/screens/admin/AssignVolunteer.jsx,https://github.com/vinaykhapare/eventify/blob/c220408843973c557209ae096584c984fdefae74/Frontend/src/screens/admin/AssignVolunteer.jsx,af6b69066aed067520a109d592869c60513d6fa2
Bearer Token,"""Bearer "" language:javascript",isd-soft/event-planner-front,https://github.com/isd-soft/event-planner-front,NewEvent.js,src/components/newEvent/NewEvent.js,https://github.com/isd-soft/event-planner-front/blob/81da1d9330ba8ff06f17d2e0bd3590859ee3dd34/src/components/newEvent/NewEvent.js,98c14409e07528c8150a86a70ef3a7bfcde657a0
Bearer Token,"""Bearer "" language:javascript",Saqibkhan566/Frontend-Project,https://github.com/Saqibkhan566/Frontend-Project,ProfileCard.js,final-project/src/Components/ProfileCard/ProfileCard.js,https://github.com/Saqibkhan566/Frontend-Project/blob/d2a59e9437d3aabe7bc61bbdca885541a1ca0fcb/final-project/src/Components/ProfileCard/ProfileCard.js,ff00270c442b2eff4b0621c0d0fe32ad0f83645e
Bearer Token,"""Bearer "" language:javascript",abdoul12363/mdph,https://github.com/abdoul12363/mdph,download-paid-pdf.js,src/api/download-paid-pdf.js,https://github.com/abdoul12363/mdph/blob/cc47c0e9d53cb4d40ca064fd3714dac1c8a0c4fc/src/api/download-paid-pdf.js,a04c0eef57c67ea88114893ac7570d3efa0d5162
Bearer Token,"""Bearer "" language:javascript",Encryption-prince/FloraMed-Frontend,https://github.com/Encryption-prince/FloraMed-Frontend,MarketPlace.jsx,frontend/src/components/MarketPlace.jsx,https://github.com/Encryption-prince/FloraMed-Frontend/blob/cce377d60c98401bd7ffa85d0ea92625baf9c27e/frontend/src/components/MarketPlace.jsx,63483051c614a1c2a7c9f9704e46d7f50ca2d6e4
Bearer Token,"""Bearer "" language:javascript",jschinel/Capstone,https://github.com/jschinel/Capstone,index.jsx,frontend/src/components/Spotify/index.jsx,https://github.com/jschinel/Capstone/blob/cbd27438af62bf3302ef630855f6ad5b92f030cd/frontend/src/components/Spotify/index.jsx,8034d94d3f3c5fa91e71af6e781e15fbb4e88352
Bearer Token,"""Bearer "" language:javascript",fcbysf/E-commerce,https://github.com/fcbysf/E-commerce,cart.jsx,frontend/src/cart/cart.jsx,https://github.com/fcbysf/E-commerce/blob/068209a6164b4beebcf161923c194585dd09a4ba/frontend/src/cart/cart.jsx,04338bfba8ea446e5f497bc52399b2e0af303c0a
Bearer Token,"""Bearer "" language:javascript",Omarashraf-0-0/Al-Noran-System-Development,https://github.com/Omarashraf-0-0/Al-Noran-System-Development,NotificationPage.jsx,Web/frontend/src/pages/NotificationPage.jsx,https://github.com/Omarashraf-0-0/Al-Noran-System-Development/blob/fb6f097845b543c81cc4e2b87a9ca165cbe62410/Web/frontend/src/pages/NotificationPage.jsx,48deb4a62d533536adcbd3b97c7f87cb7c19d95b
Bearer Token,"""Bearer "" language:javascript",IrfanNasyakban/ReactJs-LMS-GreenSys,https://github.com/IrfanNasyakban/ReactJs-LMS-GreenSys,ListModulBelajar.jsx,src/Pages/ModulBelajar/ListModulBelajar.jsx,https://github.com/IrfanNasyakban/ReactJs-LMS-GreenSys/blob/0747226e6734ad240bd372696f24116465e602e6/src/Pages/ModulBelajar/ListModulBelajar.jsx,cd281c12423180d51c608877928e37822fb269ff
Bearer Token,"""Bearer "" language:javascript",franck12A/JetSetter,https://github.com/franck12A/JetSetter,Profile.jsx,reservas-frontend/src/pages/Profile/Profile.jsx,https://github.com/franck12A/JetSetter/blob/6963689b77917ae4edf6fc8e82da1534d69433b4/reservas-frontend/src/pages/Profile/Profile.jsx,1d483de4b532a4c27586adb10a3dd9bd8575b893
Bearer Token,"""Bearer "" language:javascript",viet-2304/PBL6-Plant-seeds-home-FE,https://github.com/viet-2304/PBL6-Plant-seeds-home-FE,CustomerForm.js,plant-seeds-home-project/src/components/Admin/CustomerForm/CustomerForm.js,https://github.com/viet-2304/PBL6-Plant-seeds-home-FE/blob/b37d69f4a8353ec368a243971159348f1ed6ec67/plant-seeds-home-project/src/components/Admin/CustomerForm/CustomerForm.js,738f7e245675ea3ca5897c643438f563e0c70fe4
Bearer Token,"""Bearer "" language:javascript",JDOrqa/Projekt_aplikacje_mobilne,https://github.com/JDOrqa/Projekt_aplikacje_mobilne,LakeEdit.js,source/repos/fish-track-pro/frontend/src/pages/LakeEdit.js,https://github.com/JDOrqa/Projekt_aplikacje_mobilne/blob/1f29e4d9568751329bceeb913076dbc3bc073bce/source/repos/fish-track-pro/frontend/src/pages/LakeEdit.js,43a7d38a12745a89582004d8aad7f97512c11e4c
Bearer Token,"""Bearer "" language:javascript",mtoan87/childrenVillageSOS_FE,https://github.com/mtoan87/childrenVillageSOS_FE,Header.jsx,SOSChildrenVillage/src/components/layout/Admin/Header/Header.jsx,https://github.com/mtoan87/childrenVillageSOS_FE/blob/84ece61627f01da4714276559ebe748be781aa90/SOSChildrenVillage/src/components/layout/Admin/Header/Header.jsx,cc2673c4894b22df302030a7367cc860203cf337
Bearer Token,"""Bearer "" language:javascript",Vj-Jadhav/VrikshaMitra_B,https://github.com/Vj-Jadhav/VrikshaMitra_B,Rewards.jsx,Vrikshamitra_Source_Code/frontend/src/screens/Rewards.jsx,https://github.com/Vj-Jadhav/VrikshaMitra_B/blob/b2ff7fa3fdea39862afa597a78a05dd3068b250f/Vrikshamitra_Source_Code/frontend/src/screens/Rewards.jsx,666f7bbd3b04f803676ebf66ac4eae07cd32b725
Bearer Token,"""Bearer "" language:javascript",divyesh01/boston_project,https://github.com/divyesh01/boston_project,authReturnTo.js,src/lib/authReturnTo.js,https://github.com/divyesh01/boston_project/blob/27bf49ea10215accc0aadb496307c1ad8b8be072/src/lib/authReturnTo.js,c6748c76364aa4f555996f0ef9ea85ad00dd8e4c
Bearer Token,"""Bearer "" language:javascript",kxcsadministrator/kxsc-application,https://github.com/kxcsadministrator/kxsc-application,messages.js,users/routes/messages.js,https://github.com/kxcsadministrator/kxsc-application/blob/f9d8db27b690d7ba787fed1e11559eeb1888dda8/users/routes/messages.js,ea1f49596fa90a4a5ad54c104f6b92beb59f5278
Bearer Token,"""Bearer "" language:javascript",Jacobo4/mirandaz-frontend,https://github.com/Jacobo4/mirandaz-frontend,index_20221129131936.jsx,.history/pages/signin/index_20221129131936.jsx,https://github.com/Jacobo4/mirandaz-frontend/blob/342b6c92301f3115e52889ce2e680ce4f79ffd76/.history/pages/signin/index_20221129131936.jsx,579cdb119e78a11834b61416d96174aa0919a735
Bearer Token,"""Bearer "" language:javascript",Shashvat-singh/RestAssuredTraining,https://github.com/Shashvat-singh/RestAssuredTraining,authentication.js,forServe&Tute/Express App Files/API'sforAuthentication/authentication.js,https://github.com/Shashvat-singh/RestAssuredTraining/blob/efa4386d03951ae0cd8c70fac337ec908e71a938/forServe&Tute/Express App Files/API'sforAuthentication/authentication.js,6e28c35ad4615b934e6b7c3e53ac740d317f1708
Bearer Token,"""Bearer "" language:javascript",Keyu-He/RECAP_Copilot-Interaction-Archiver,https://github.com/Keyu-He/RECAP_Copilot-Interaction-Archiver,test_auth.js,server/test_auth.js,https://github.com/Keyu-He/RECAP_Copilot-Interaction-Archiver/blob/2c597c9248760fe389c071d1859626e84dccb597/server/test_auth.js,9d89ce2fabab0a680319d397dbf12e2fe349ba0e
Bearer Token,"""Bearer "" language:javascript",rajdeepbiswas12/waterroservice,https://github.com/rajdeepbiswas12/waterroservice,user.test.js,backend/tests/user.test.js,https://github.com/rajdeepbiswas12/waterroservice/blob/18daeed9e40bb35b5f9cba31896071e40d24a955/backend/tests/user.test.js,52788ef10d037dfa83987336be05b5665915d78d
Bearer Token,"""Bearer "" language:javascript",faded201/Planned-out-Xavier-,https://github.com/faded201/Planned-out-Xavier-,xavier.test.mjs,tests/xavier.test.mjs,https://github.com/faded201/Planned-out-Xavier-/blob/20d612545bac46100c6576b61f68f6cb640ac962/tests/xavier.test.mjs,f48c1e94bdfbeaf79be6aa753c6df8003f28c76d
Bearer Token,"""Bearer "" language:javascript",Daniel-Rafique/koyn.finance,https://github.com/Daniel-Rafique/koyn.finance,test-fallback-sentiment.js,test-fallback-sentiment.js,https://github.com/Daniel-Rafique/koyn.finance/blob/4b81c09465c46097819d677db11314d77a8581f9/test-fallback-sentiment.js,244fc61c7cd2dfe35732ce337c8e832de3c6347d
Bearer Token,"""Bearer "" language:javascript",JoeyCorbett/fullstackopen,https://github.com/JoeyCorbett/fullstackopen,blog_api.test.js,part3/blog-list/tests/blog_api.test.js,https://github.com/JoeyCorbett/fullstackopen/blob/e6f95dcceba5faeb2940781a37e7d9b98a6e7054/part3/blog-list/tests/blog_api.test.js,64d3404b01c2cdf39370880ca8e512990fee1f54
Bearer Token,"""Bearer "" language:javascript",NoungaJoseph/fixam-backend,https://github.com/NoungaJoseph/fixam-backend,test_maintenance.js,test_maintenance.js,https://github.com/NoungaJoseph/fixam-backend/blob/5fbdd9b950c513fb9df9734380b8cec89a399e79/test_maintenance.js,2a916c7cd576d52269f48c172f1036254e312e2b
Bearer Token,"""Bearer "" language:javascript",Maharshi-spec/Qiskit-Fall-Fest-2026-Deployment-Server-,https://github.com/Maharshi-spec/Qiskit-Fall-Fest-2026-Deployment-Server-,post_event_config.test.js,backend/tests/post_event_config.test.js,https://github.com/Maharshi-spec/Qiskit-Fall-Fest-2026-Deployment-Server-/blob/46f337ffbeeb283898b03364d433f854db05ccbb/backend/tests/post_event_config.test.js,6944c8b433fdc3e811f17c5615692f52f271d0df
Bearer Token,"""Bearer "" language:javascript",marcin-p-b/Learning,https://github.com/marcin-p-b/Learning,blog_api.test.js,part4/tests/blog_api.test.js,https://github.com/marcin-p-b/Learning/blob/9dfc3dae0d82727d8ba6639cdb32d3e45f7d1d19/part4/tests/blog_api.test.js,af3a8a0c0f243e49d0b8a0d8f3461e83c1faee5b
Bearer Token,"""Bearer "" language:javascript",TarepSH/MWS_WMB-S25_HW,https://github.com/TarepSH/MWS_WMB-S25_HW,smoke-test.js,backend/scripts/smoke-test.js,https://github.com/TarepSH/MWS_WMB-S25_HW/blob/409550780a7ed78ec504cbce81c7e5e97d286bcb/backend/scripts/smoke-test.js,581e7bf9e8c9d90af0a7b8193604a7201a83f95d
Bearer Token,"""Bearer "" language:javascript",LaunchAstro/ops-astro,https://github.com/LaunchAstro/ops-astro,d06-mounted.mjs,tests/browser/d06-mounted.mjs,https://github.com/LaunchAstro/ops-astro/blob/afa1966d104fab5e138eb6eb56770e524cb101e0/tests/browser/d06-mounted.mjs,232eb1fd4251c940d6fc716093fd604451d8b581
Bearer Token,"""Bearer "" language:javascript",SubhodeepSamanta/OA-Portal,https://github.com/SubhodeepSamanta/OA-Portal,test_api.js,oa-portal/tools/test_api.js,https://github.com/SubhodeepSamanta/OA-Portal/blob/abf5bed66a662f5dd86389498962c81455260055/oa-portal/tools/test_api.js,c7d2077b9dd908d27d9440e24bef2f70f7a29c60
Bearer Token,"""Bearer "" language:javascript",Priyanshu3649/YatraSathi2,https://github.com/Priyanshu3649/YatraSathi2,test-employee-billing-endpoint.js,PROJECT_CLEANUP_ARCHIVE/test-scripts/test-employee-billing-endpoint.js,https://github.com/Priyanshu3649/YatraSathi2/blob/32462f26f75d316ea651ef058034b0bd7fd1da4f/PROJECT_CLEANUP_ARCHIVE/test-scripts/test-employee-billing-endpoint.js,6123c8557fd43ee96e2a0bd3f1267e464f6a00c2
Bearer Token,"""Bearer "" language:javascript",SteveTechApp/Wingman,https://github.com/SteveTechApp/Wingman,project-store-two-session-collections.e2e.test.mjs,server/project-store-two-session-collections.e2e.test.mjs,https://github.com/SteveTechApp/Wingman/blob/0a5beb3491b764df68be7d744013c1c81e308e2e/server/project-store-two-session-collections.e2e.test.mjs,fbdab9c1f79d56de545ecbd22774956dfdbe3a5a
Bearer Token,"""Bearer "" language:javascript",nguoingoaihanhtinh/PeterParking,https://github.com/nguoingoaihanhtinh/PeterParking,test-api-comprehensive.js,parking-vn-api/scripts/test-api-comprehensive.js,https://github.com/nguoingoaihanhtinh/PeterParking/blob/55f35d2dfe866141614ba8834dc0bfeae1d52989/parking-vn-api/scripts/test-api-comprehensive.js,44bb1d4b9789765146c8c4c0b2c207ab28e08458
Bearer Token,"""Bearer "" language:javascript",resource-watch/layer,https://github.com/resource-watch/layer,layer-delete-layer-for-dataset.spec.js,app/test/e2e/layer-delete-layer-for-dataset.spec.js,https://github.com/resource-watch/layer/blob/2bf9cfc2e06390d0ccca2571337e1c4ea870fc27/app/test/e2e/layer-delete-layer-for-dataset.spec.js,59bdfc38954523ee6e98cac70329b1d198b0258b
Bearer Token,"""Bearer "" language:javascript",carbonactual/noun-student-bot,https://github.com/carbonactual/noun-student-bot,abba-runtime.test.js,tests/abba-runtime.test.js,https://github.com/carbonactual/noun-student-bot/blob/ee24de4cc8b45450211afd05a2d463c70536a4e6/tests/abba-runtime.test.js,3dce810ff37669385599e5734e1bed6bb6d409aa
Bearer Token,"""Bearer "" language:javascript",Rudolf4265/earnsignal-web,https://github.com/Rudolf4265/earnsignal-web,api_client_auth_header.test.mjs,tests/api_client_auth_header.test.mjs,https://github.com/Rudolf4265/earnsignal-web/blob/3cce50a10134ae334de0ba98bbdf3fcc7565eab8/tests/api_client_auth_header.test.mjs,bdcf81b718663be1c8e5cf8269ba98e80d0801bd
Bearer Token,"""Bearer "" language:javascript",tf4fun/antnest-platform,https://github.com/tf4fun/antnest-platform,principal-client.test.mjs,tests/e2e/identity-closeout/principal-client.test.mjs,https://github.com/tf4fun/antnest-platform/blob/5321a85a08cf27a381d34e9eb3baab48002b49ae/tests/e2e/identity-closeout/principal-client.test.mjs,e2ba06b2de756338383ff96b02b0b42b955464a5
Bearer Token,"""Bearer "" language:javascript",natishg-1632006/E-commerce,https://github.com/natishg-1632006/E-commerce,cognitoVerifier.test.js,e-com_backend/inventory-service/tests/utils/cognitoVerifier.test.js,https://github.com/natishg-1632006/E-commerce/blob/4c72617fecddf8eb34716cc21c565c8aae9bc98a/e-com_backend/inventory-service/tests/utils/cognitoVerifier.test.js,049010679cd68a9b3ba688ab63d2bd2d0c08d70b
Bearer Token,"""Bearer "" language:javascript",natishg-1632006/-E-commerse-s7mini,https://github.com/natishg-1632006/-E-commerse-s7mini,cognitoVerifier.test.js,e-com_backend/inventory-service/tests/utils/cognitoVerifier.test.js,https://github.com/natishg-1632006/-E-commerse-s7mini/blob/fb979853f40a098fea36e1a3e218e0bc16165aa3/e-com_backend/inventory-service/tests/utils/cognitoVerifier.test.js,049010679cd68a9b3ba688ab63d2bd2d0c08d70b
Bearer Token,"""Bearer "" language:javascript",hoenotfound/clinic_ai_chatbot,https://github.com/hoenotfound/clinic_ai_chatbot,whatsappCoexistenceOnboardingService.test.js,test/whatsappCoexistenceOnboardingService.test.js,https://github.com/hoenotfound/clinic_ai_chatbot/blob/26b8314f9ea58ba656511f0ea315da3ab05c0ee6/test/whatsappCoexistenceOnboardingService.test.js,fac8212bebc12415d9be94a44cb2653164670f54
Bearer Token,"""Bearer "" language:javascript",Greenora/project-YellowMemo,https://github.com/Greenora/project-YellowMemo,useCustomFetch.js,react-project/src/hooks/useCustomFetch.js,https://github.com/Greenora/project-YellowMemo/blob/ba03b7f560af75a9dbc29f02aba8afae7b3db704/react-project/src/hooks/useCustomFetch.js,c030501d0c2bb35211a4a09f02d2b03e5b9f3470
Bearer Token,"""Bearer "" language:javascript",CharlesXstorm/conflix,https://github.com/CharlesXstorm/conflix,Form.jsx,client/src/components/Form.jsx,https://github.com/CharlesXstorm/conflix/blob/0f496a8d626eb637714288bb019d0accd847eb1b/client/src/components/Form.jsx,1e892d909d567530618315bc562d44a0a95ad93e
Bearer Token,"""Bearer "" language:javascript",mkamranr/reelforge,https://github.com/mkamranr/reelforge,api.js,app/ui_v2/static/api.js,https://github.com/mkamranr/reelforge/blob/f33e1188243129acaa29c3976ef47525417d5761/app/ui_v2/static/api.js,20f47d6ebbeac17ccb9f5ada0e0597e4704759e9
Bearer Token,"""Bearer "" language:javascript",bubi/summitcount,https://github.com/bubi/summitcount,strava.js,lib/strava.js,https://github.com/bubi/summitcount/blob/0a8f9000e3d7452492373d70102740608f4f4c31/lib/strava.js,92437f4723dcfb3ec0097f0c67bd3560f1e938dc
Bearer Token,"""Bearer "" language:javascript",mzmiric5/passport-patreon,https://github.com/mzmiric5/passport-patreon,oauth2.js,lib/passport-patreon/oauth2.js,https://github.com/mzmiric5/passport-patreon/blob/ce2c3fd059ad8c7cb2f8c3fff275bef68b68fe98/lib/passport-patreon/oauth2.js,c11ec33934b0f19e4b46faa7407e25f82841eb60
Bearer Token,"""Bearer "" language:javascript",rehani1/HooPlannedThis,https://github.com/rehani1/HooPlannedThis,api.js,client/src/api.js,https://github.com/rehani1/HooPlannedThis/blob/a3c619941ad2ef93a9441c93c16d1283c804b8d3/client/src/api.js,ac9d9735a6462365a5b0aa17d38046dafc21f37f
Bearer Token,"""Bearer "" language:javascript",ArthurLeFloch/Chess,https://github.com/ArthurLeFloch/Chess,auth.js,client/src/utils/auth.js,https://github.com/ArthurLeFloch/Chess/blob/3dbf46d5f6571c0ca7b2a929541aad020bc6c7a1/client/src/utils/auth.js,92792b381596186a8a4a489cd08388ad9a551491
Bearer Token,"""Bearer "" language:javascript",437595587/Mall,https://github.com/437595587/Mall,request.js,ruoyi-ui/src/utils/request.js,https://github.com/437595587/Mall/blob/0cdddd4fab21dd685bf85cad8b86fa7707746fa6/ruoyi-ui/src/utils/request.js,a123985c76c7e2f4cf9bf11ebd1b722f49d4814c
Bearer Token,"""Bearer "" language:javascript",Arpit-Yadav-Dev/starting_backend,https://github.com/Arpit-Yadav-Dev/starting_backend,index.js,index.js,https://github.com/Arpit-Yadav-Dev/starting_backend/blob/975e288b11b8bc607bb36900165326cf54598366/index.js,5599efb1cab880c33a2acf933a905004752a8123
Bearer Token,"""Bearer "" language:javascript",abvinnovator/stdcmty-server,https://github.com/abvinnovator/stdcmty-server,auth.js,middleware/auth.js,https://github.com/abvinnovator/stdcmty-server/blob/6c8fc82425273377528ca9d73939574ef67ae170/middleware/auth.js,880cbb783b969e266732657a617f0d2e5aaf3014
Bearer Token,"""Bearer "" language:javascript",000xs/Mental-Health-Support-Chatbot,https://github.com/000xs/Mental-Health-Support-Chatbot,generativeAI.js,lib/generativeAI.js,https://github.com/000xs/Mental-Health-Support-Chatbot/blob/188800cf8a7d1708c2da98c648deba7c314a7a6c/lib/generativeAI.js,602d07109501a1cc715d3619a1347fd9bc596dab
Bearer Token,"""Bearer "" language:javascript",rikulauttia/fullstack-ci-cd,https://github.com/rikulauttia/fullstack-ci-cd,blogs.js,frontend/src/services/blogs.js,https://github.com/rikulauttia/fullstack-ci-cd/blob/a0f03ef92074db85da2096ab91d19ee171b0cffc/frontend/src/services/blogs.js,3628a3d98e186e061f815b6fdb072f13f6e189f2
Bearer Token,"""Bearer "" language:javascript",marcosdev82/linktree-personal,https://github.com/marcosdev82/linktree-personal,useAuth.js,src/hooks/useAuth.js,https://github.com/marcosdev82/linktree-personal/blob/6dc4cc897b6f100d532dd8cfdef77264371cb495/src/hooks/useAuth.js,94433d9c4d04f044eb6840dc1abd68dabb082e04
Bearer Token,"""Bearer "" language:javascript",paras205/mern-client,https://github.com/paras205/mern-client,AuthToken.js,src/utils/AuthToken.js,https://github.com/paras205/mern-client/blob/1c06642fe93eb3418a486c580f73536bad947c10/src/utils/AuthToken.js,b40579e4cd50999465a372475397adf735ccfd7d
Bearer Token,"""Bearer "" language:javascript",gaurav-132/finance_web,https://github.com/gaurav-132/finance_web,index.jsx,src/services/index.jsx,https://github.com/gaurav-132/finance_web/blob/4bbd538d92683a18e541690eed7b9ca6d5e69d3e/src/services/index.jsx,b0175ef0689724c30ad88273e0a18fa0255905d1
Bearer Token,"""Bearer "" language:javascript",Dushyant-Varshney/AI-hiring,https://github.com/Dushyant-Varshney/AI-hiring,axios.js,frontend/src/api/axios.js,https://github.com/Dushyant-Varshney/AI-hiring/blob/dae033160cc7b458b5ca29919c343bdb97ae7912/frontend/src/api/axios.js,76b12f63e9173ce9bcf00cece7c81d4946d2c61e
Bearer Token,"""Bearer "" language:javascript",sayem499/PoS-React-App,https://github.com/sayem499/PoS-React-App,custmerService.js,src/redux/customer/custmerService.js,https://github.com/sayem499/PoS-React-App/blob/c8699b8fa94cff5c0a035455dc83cfa7f3506e83/src/redux/customer/custmerService.js,34a04820b7aa91e194e9d3b07e8d5fce0daa3f27
Bearer Token,"""Bearer "" language:javascript",mounts10-wq/HobbyBoard,https://github.com/mounts10-wq/HobbyBoard,api.js,client/src/services/api.js,https://github.com/mounts10-wq/HobbyBoard/blob/b2e375176c7bc409ee18f843aabf39fbc9986aa0/client/src/services/api.js,4ead6ab063c187092f6c0355a943b3fe55c397bb
Bearer Token,"""Bearer "" language:javascript",Daisuke134/life-manager,https://github.com/Daisuke134/life-manager,daily-nl-report.mjs,skills/report/daily-nl-report.mjs,https://github.com/Daisuke134/life-manager/blob/0dea7a7e1d62d3dbdbc11a39ee08db81b94b091a/skills/report/daily-nl-report.mjs,384b01cfeae26de2ca410945b96e3983220f0722
Bearer Token,"""Bearer "" language:javascript",A5tab/sportz-websockets,https://github.com/A5tab/sportz-websockets,auth.js,backend/src/middleware/auth.js,https://github.com/A5tab/sportz-websockets/blob/65ec5946fc98c0f58ebc5459349b6c9f678bcaad/backend/src/middleware/auth.js,ae581b4ea63f409abb6d323a04754f8a2062dc4c
Bearer Token,"""Bearer "" language:javascript",calens123/block27.workshop,https://github.com/calens123/block27.workshop,Authenticate.jsx,src/Components/Authenticate.jsx,https://github.com/calens123/block27.workshop/blob/8476c031a8204a229c8b3a238e733ffc2cfedfb4/src/Components/Authenticate.jsx,79296d5c9337a4c748edd66bbfc4bc5531ddc97e
Bearer Token,"""Bearer "" language:javascript",Eyespire-Website/eyespire-front-end,https://github.com/Eyespire-Website/eyespire-front-end,feedbackService.js,src/services/feedbackService.js,https://github.com/Eyespire-Website/eyespire-front-end/blob/ac727da2612b262cf740fa7d7659a9c753dd9b1c/src/services/feedbackService.js,3f8607b688c6f47658c4fd9a933c89bb38ee6a9d
Bearer Token,"""Bearer "" language:javascript",daffodilirenesstudent-dot/vsite.in,https://github.com/daffodilirenesstudent-dot/vsite.in,sweep.mjs,docs/poc/image-matching/sweep.mjs,https://github.com/daffodilirenesstudent-dot/vsite.in/blob/8a3fbc24a26a925046781a1e3fd7ce116b424f64/docs/poc/image-matching/sweep.mjs,9088088361a9d700da5341d762f02497633c803f
Bearer Token,"""Bearer "" language:javascript",satweek-gohel/krazio-hotel,https://github.com/satweek-gohel/krazio-hotel,addressService.js,src/services/api/addressService.js,https://github.com/satweek-gohel/krazio-hotel/blob/3765e972a5178354cbc54143959a3c5452d02a89/src/services/api/addressService.js,43f75da67a9648e1eae37e7aa79d436fc82d883a
Bearer Token,"""Bearer "" language:javascript",abhishekkumarchaudhary1/ownYoutubeBackend,https://github.com/abhishekkumarchaudhary1/ownYoutubeBackend,auth.middleware.js,src/middlewares/auth.middleware.js,https://github.com/abhishekkumarchaudhary1/ownYoutubeBackend/blob/e0945788ba88d4b33153b523204e19766b32bee1/src/middlewares/auth.middleware.js,f006fb051dc3124221986ba84f5011afa038ebb2
Bearer Token,"""Bearer "" language:javascript",RithvikR1218/Academia-frontend,https://github.com/RithvikR1218/Academia-frontend,UploadedFiles.jsx,src/components/UploadedFiles/UploadedFiles.jsx,https://github.com/RithvikR1218/Academia-frontend/blob/a619550f3cc1bf51f18371271c762974d7f35faa/src/components/UploadedFiles/UploadedFiles.jsx,ba02fc989d3af203064fe8c95826fa5fd532c449
Bearer Token,"""Bearer "" language:javascript",Teddy34/signature,https://github.com/Teddy34/signature,eveSSO.js,server/eveSSO.js,https://github.com/Teddy34/signature/blob/2abb8f80952dd263deab75b194a66e31a629125b/server/eveSSO.js,67bd1ab5bc310ae07a4bdc8d0c70d95ac78e96e7
Bearer Token,"""Bearer "" language:javascript",PeterNgeno/TRYME,https://github.com/PeterNgeno/TRYME,index.js,api/index.js,https://github.com/PeterNgeno/TRYME/blob/c82a41271357ad3c7a3ca85113b57f7734b4e0e6/api/index.js,08384d261637f8ebe7289a158b88e44b99085bff
Bearer Token,"""Bearer "" language:javascript",nguyenlannn/FE-KIAShop,https://github.com/nguyenlannn/FE-KIAShop,AdminDeleteNote.js,src/components/admin/AdminDeleteNote.js,https://github.com/nguyenlannn/FE-KIAShop/blob/fd84b61bf074e036a143cf6f53ebf57fcb7221fd/src/components/admin/AdminDeleteNote.js,b2c3b896f38e6aa508665d637ad5e6a79b80da28
Bearer Token,"""Bearer "" language:javascript",dwivedi-priyanshu/StudyNotion,https://github.com/dwivedi-priyanshu/StudyNotion,auth.js,server/middlewares/auth.js,https://github.com/dwivedi-priyanshu/StudyNotion/blob/77f507db80a97ffc34f8bda7ec33f40e522f8658/server/middlewares/auth.js,1695ced97ae203e275295a9104c0cadabcacd4ac
Bearer Token,"""Bearer "" language:javascript",Aspir01/Vacansy-help,https://github.com/Aspir01/Vacansy-help,ApplyForm.jsx,src/components/VacansyPage/ApplyForm.jsx,https://github.com/Aspir01/Vacansy-help/blob/41c74aae62b6ec66dc59f35d96b22eca822becb3/src/components/VacansyPage/ApplyForm.jsx,54ce7885fb4ca11a73bdb2b8a790be09b4caff54
Bearer Token,"""Bearer "" language:javascript",Shmulls/GoalFeed-Frontned,https://github.com/Shmulls/GoalFeed-Frontned,AdvertWidget.jsx,src/scenes/widgets/AdvertWidget.jsx,https://github.com/Shmulls/GoalFeed-Frontned/blob/a9f4e6038604475ceaba55abbbe6e900100964f2/src/scenes/widgets/AdvertWidget.jsx,5ec18c0a16cb640449729748be2f520455867597
Bearer Token,"""Bearer "" language:javascript",snptrs/bootcamp-acebook,https://github.com/snptrs/bootcamp-acebook,CreateComment.js,frontend/src/components/createComment/CreateComment.js,https://github.com/snptrs/bootcamp-acebook/blob/b00434087fdadee9d79259958e672880bbb0d780/frontend/src/components/createComment/CreateComment.js,1cb9c5d76a157b8b56e5d951f280d2dc4be2878e
Bearer Token,"""Bearer "" language:javascript",Dimatron74/FadGamer,https://github.com/Dimatron74/FadGamer,AdminService.js,website_frontend/src/services/AdminService.js,https://github.com/Dimatron74/FadGamer/blob/a1e14e6f2d89865eb734705a0f3d45e111862d42/website_frontend/src/services/AdminService.js,f3af66ede3d4b7a0ad63da16cf7d9594b031df72
Bearer Token,"""Bearer "" language:javascript",TeoGoerens/rincon-de-chacho,https://github.com/TeoGoerens/rincon-de-chacho,fetchAllUsers.js,frontend/src/reactquery/admin/fetchAllUsers.js,https://github.com/TeoGoerens/rincon-de-chacho/blob/6a0f82b2e1acdc4ecbdd0009352f4382799491c6/frontend/src/reactquery/admin/fetchAllUsers.js,90433f11f5c2f23a9836f74eaf53bf9398780b35
Bearer Token,"""Bearer "" language:javascript",Sivanatham/Call-Management-system,https://github.com/Sivanatham/Call-Management-system,Admin.jsx,src/frontend/Admin.jsx,https://github.com/Sivanatham/Call-Management-system/blob/3bb5eb080cfa6b13188b592b82e5ebc690cb57b6/src/frontend/Admin.jsx,fc6a6121697bec3aa289850df65a38b430c70b1e
Bearer Token,"""Bearer "" language:javascript",1012abhi/resbuilder,https://github.com/1012abhi/resbuilder,axiosCofig.js,frontend/src/api/axiosCofig.js,https://github.com/1012abhi/resbuilder/blob/5cb102ba48b05c83bc97dc96a1de8b883fc58e80/frontend/src/api/axiosCofig.js,1df0a1d5c974f7b6ab55a687f01f4dab4922d1f4
Bearer Token,"""Bearer "" language:javascript",ayushjaiswal3/food-website,https://github.com/ayushjaiswal3/food-website,Action.js,food-frontend/src/component/State/Address/Action.js,https://github.com/ayushjaiswal3/food-website/blob/87334995a8518c707a0fd65bc9ee6a09f276e802/food-frontend/src/component/State/Address/Action.js,371b93800ecfe9f852f01f79afe15e6557de92dc
Bearer Token,"""Bearer "" language:javascript",ayhyas/frontendcopypaste,https://github.com/ayhyas/frontendcopypaste,api.js,js/api.js,https://github.com/ayhyas/frontendcopypaste/blob/524724817562b96050590c32001a25c514e3e1e0/js/api.js,09aa6df759b02a6fd5d7224c7766b501bd01829c
Bearer Token,"""Bearer "" language:javascript",CakeRobotics/cloud,https://github.com/CakeRobotics/cloud,loadInfo.js,panel/src/pages/projects/props/functions/loadInfo.js,https://github.com/CakeRobotics/cloud/blob/a57056f2bcabf21a5cc5540d456bbb29e00c9469/panel/src/pages/projects/props/functions/loadInfo.js,b5500040d266c7e9d1b7cb6d07a5dacdf5dfd7d8
Bearer Token,"""Bearer "" language:javascript",jaswanthkumar-2816/Final-Hiero,https://github.com/jaswanthkumar-2816/Final-Hiero,build-old.js,hiero-clean/public/build-old.js,https://github.com/jaswanthkumar-2816/Final-Hiero/blob/89af56c727b7db8f97f82efe584ab6390cea1e5f/hiero-clean/public/build-old.js,8c70d78698c3f6d345f47521eec9b973dd953fc2
Bearer Token,"""Bearer "" language:javascript",Bencode92/stock-analysis-platform,https://github.com/Bencode92/stock-analysis-platform,auth-worker.js,src/auth-worker.js,https://github.com/Bencode92/stock-analysis-platform/blob/5ad6c0e94b5bbb8708617c4a481b2947ddae7500/src/auth-worker.js,b654fbe85468c4417e656779ba945fe6588e953f
Bearer Token,"""Bearer "" language:javascript",vieduarda1/GFP,https://github.com/vieduarda1/GFP,TransacaoModal.jsx,frontend/gfp/src/pages/TransacaoModal.jsx,https://github.com/vieduarda1/GFP/blob/5958e8416db2926b6acd9c5f3c7044ed0feb5bea/frontend/gfp/src/pages/TransacaoModal.jsx,ce4e1e23068736989d2594791003cd2f0ea36c18
Bearer Token,"""Bearer "" language:javascript",rachaelife/loan,https://github.com/rachaelife/loan,api.js,src/services/api.js,https://github.com/rachaelife/loan/blob/4562c2aa46584e7441807f222a11e2fc72d2305b/src/services/api.js,444b1e4abd950bab7b45cea13b3fa002d957ac58
Bearer Token,"""Bearer "" language:javascript",rajeshsharma2k1/lemon_cart,https://github.com/rajeshsharma2k1/lemon_cart,Profile.jsx,client/src/pages/Profile.jsx,https://github.com/rajeshsharma2k1/lemon_cart/blob/82921836749e697dde5f468290194a324892cb83/client/src/pages/Profile.jsx,671b4cda4ed32d5256925eed027dedc120c3a381
Bearer Token,"""Bearer "" language:javascript",geve-dev/e-commerce,https://github.com/geve-dev/e-commerce,home.js,frontend/src/js/home.js,https://github.com/geve-dev/e-commerce/blob/7d0cfb0bf1fd4986eea5b76fdb39f27ab955ac77/frontend/src/js/home.js,d96d0d1ad8dd60a03b8e920da10df930d65a89a2
Bearer Token,"""Bearer "" language:javascript",l1lshxdd/my-volunteer-project,https://github.com/l1lshxdd/my-volunteer-project,authMiddleware.js,backend/middlewares/authMiddleware.js,https://github.com/l1lshxdd/my-volunteer-project/blob/2389d7132255692d3f8c1cea219a2b47db7dbd8d/backend/middlewares/authMiddleware.js,b6f94c33ec5d8776cc8271a2b8baf4f87e346ef2
Bearer Token,"""Bearer "" language:javascript",saitarunthotada/the_snack_bar_front_end_v2,https://github.com/saitarunthotada/the_snack_bar_front_end_v2,api.js,src/services/api.js,https://github.com/saitarunthotada/the_snack_bar_front_end_v2/blob/742ba68c9b5ad9b202eba44b82c27527a79942ee/src/services/api.js,2f87cf85c1fc67908c59fad10bfe3eeb398d19ba
Bearer Token,"""Bearer "" language:javascript",waxycode/finance,https://github.com/waxycode/finance,page.jsx,front/src/app/(auth)/dashboard/page.jsx,https://github.com/waxycode/finance/blob/22c11afe7532cdb8881e9efc07cac8399234a143/front/src/app/(auth)/dashboard/page.jsx,cb2a3f88baa82068e56bfef9f3a673f624167531
Bearer Token,"""Bearer "" language:javascript",Taufeeq28/Lively_chatapp,https://github.com/Taufeeq28/Lively_chatapp,Register.jsx,frontend/src/pages/Register.jsx,https://github.com/Taufeeq28/Lively_chatapp/blob/738f65580f76ab06959bbe490503cb5eb2f7a0ca/frontend/src/pages/Register.jsx,bbf1dda6bb06dd5d3582166d8a50957ab6f610f8
Bearer Token,"""Bearer "" language:javascript",Maijied/Cursor-Curse-Monitor-by-Lorapok,https://github.com/Maijied/Cursor-Curse-Monitor-by-Lorapok,deploy-workflow.js,website/admin/functions/api/_shared/deploy-workflow.js,https://github.com/Maijied/Cursor-Curse-Monitor-by-Lorapok/blob/d944afc952bcf95ac5a5416328335e9c81da81f6/website/admin/functions/api/_shared/deploy-workflow.js,c7f493e40fc9e95eada0a25b82514f0f4d36510b
Bearer Token,"""Bearer "" language:javascript",marsabatini/PI_III_Univesp,https://github.com/marsabatini/PI_III_Univesp,index.js,03_Front-End/academiateamcrezio/src/Pages/Home/Adm/CadastroGerais/index.js,https://github.com/marsabatini/PI_III_Univesp/blob/3480622cdefd291fb58044b6f9de3cf99b05dbba/03_Front-End/academiateamcrezio/src/Pages/Home/Adm/CadastroGerais/index.js,2a6b3ba3571ad122d2ca4dc27de4a04ee8e6d2fb
Bearer Token,"""Bearer "" language:javascript",CoplayDev/unity-mcp,https://github.com/CoplayDev/unity-mcp,fetch-stats.mjs,website/scripts/fetch-stats.mjs,https://github.com/CoplayDev/unity-mcp/blob/ef713afd7bbd1d5a1e0bdb5f62f13855f9da79bf/website/scripts/fetch-stats.mjs,448d4ab1907be0beb7d15d5aa2f44569024a78ca
Bearer Token,"""Bearer "" language:javascript",arifszn/ezfolio,https://github.com/arifszn/ezfolio,HTTP.js,resources/js/client/common/helpers/HTTP.js,https://github.com/arifszn/ezfolio/blob/ee272e095ab524efdb23572edef7f8f7ba61398b/resources/js/client/common/helpers/HTTP.js,e0872c66538918b7db40ffc11618378979eba3d8
Bearer Token,"""Bearer "" language:javascript",WebDevMania/blog-nextjs-13,https://github.com/WebDevMania/blog-nextjs-13,BlogCard.jsx,src/components/blogCard/BlogCard.jsx,https://github.com/WebDevMania/blog-nextjs-13/blob/c013d77c481bd61bec1117460e8f70de984427f7/src/components/blogCard/BlogCard.jsx,ed607f8bdfa50708364c537bba056dd2ba3274a2
Bearer Token,"""Bearer "" language:javascript",alrescha79-cmd/portal-berita,https://github.com/alrescha79-cmd/portal-berita,index.js,dashboard-portal/src/api/index.js,https://github.com/alrescha79-cmd/portal-berita/blob/d5ae83bd6d8de90f354987e7b3df975043956165/dashboard-portal/src/api/index.js,9ca04259f9a5895ea5d7e4b3fe38d316316dac74
Bearer Token,"""Bearer "" language:javascript",MrMamen/traktNRK,https://github.com/MrMamen/traktNRK,request.js,app/scripts/src/request.js,https://github.com/MrMamen/traktNRK/blob/81078b27a8505551a96a939b0c1856dfddd22069/app/scripts/src/request.js,aaaaec14c380514839ab23317d518ec2fcde2b7b
Bearer Token,"""Bearer "" language:javascript",VSchool/max-impact,https://github.com/VSchool/max-impact,auth-metadata.js,services/auth-metadata.js,https://github.com/VSchool/max-impact/blob/d30ad92fcb9ea721075a7cf97625a1f98fd85884/services/auth-metadata.js,5e528a0c1b0a49196580f7b0f1a9464f5f5fd82d
Bearer Token,"""Bearer "" language:javascript",dsm-cefet-rj/ti-2024-1-grupo-9-1,https://github.com/dsm-cefet-rj/ti-2024-1-grupo-9-1,auth.js,src/utils/auth.js,https://github.com/dsm-cefet-rj/ti-2024-1-grupo-9-1/blob/ee3064e0f0e445c626d99a70e48f75d4f9cdc852/src/utils/auth.js,80fd8a06c41d325f681756dca1be7c9c881a4c7d
Bearer Token,"""Bearer "" language:javascript",benitha200/cherryapp-frontend,https://github.com/benitha200/cherryapp-frontend,stock.js,src/apis/stock.js,https://github.com/benitha200/cherryapp-frontend/blob/78c0f4786471660e484f0fca35edfac94c1f696e/src/apis/stock.js,5d1327fa3a365175add05d4d94c2682c92bde73e
Bearer Token,"""Bearer "" language:javascript",hacdias/playground,https://github.com/hacdias/playground,sync.js,javascript/silos-collector/trakt/sync.js,https://github.com/hacdias/playground/blob/2e5f03badf31f10c7415ab44ae2e58e460c448d2/javascript/silos-collector/trakt/sync.js,8a05fda08fe00c81fd7062c02e73a1bb9f909da4
Bearer Token,"""Bearer "" language:javascript",iohwdd/TripDoge_frontend,https://github.com/iohwdd/TripDoge_frontend,request.js,src/utils/request.js,https://github.com/iohwdd/TripDoge_frontend/blob/3b69fe96682d9d4dd13d761c21d84289fbd1148b/src/utils/request.js,14c75e5f663fdd72466cca36af3d11b17c654e59
Bearer Token,"""Bearer "" language:javascript",TweaXy/frontend,https://github.com/TweaXy/frontend,deleteProfileBanner.js,src/apis/deleteProfileBanner.js,https://github.com/TweaXy/frontend/blob/75ace0e3e0114918e1ed8c2f8da44240e2ba2b75/src/apis/deleteProfileBanner.js,b6d5a9857a2bafdd07dc7427c9f56837d7812df8
Bearer Token,"""Bearer "" language:javascript",ribshow/project_frontend,https://github.com/ribshow/project_frontend,useAuth.jsx,src/hooks/useAuth.jsx,https://github.com/ribshow/project_frontend/blob/913efff0ac9c946d088d8e530dedd95c22f38495/src/hooks/useAuth.jsx,96233c329c1b4fd2083bd0fd7d7877eb4a942dfb
Bearer Token,"""Bearer "" language:javascript",UTMS-G02/utms,https://github.com/UTMS-G02/utms,AuthContext.jsx,frontend/src/contexts/AuthContext.jsx,https://github.com/UTMS-G02/utms/blob/0a90289ec49a497118dbf5b3074e493af6be2113/frontend/src/contexts/AuthContext.jsx,c1ba8ac410f9b6f0289e275b85920cd39d5e59b6
Bearer Token,"""Bearer "" language:javascript",Godswill-Amos/The-Teacher-And-Her-Classroom-Conference-26,https://github.com/Godswill-Amos/The-Teacher-And-Her-Classroom-Conference-26,verify-paystack.js,api/verify-paystack.js,https://github.com/Godswill-Amos/The-Teacher-And-Her-Classroom-Conference-26/blob/57027b851754bd1383283e7716d56afb04bbbdc2/api/verify-paystack.js,0687736744ebd5485d72c79c0b11fe5a401aad36
Bearer Token,"""Bearer "" language:javascript",anurag472/BookMyShow,https://github.com/anurag472/BookMyShow,index.js,client/src/api/index.js,https://github.com/anurag472/BookMyShow/blob/7a623ed02d7496bec49bd510c5dcd29af0870664/client/src/api/index.js,a43d0ffc4280af92c5ac4805e95ee59cff2bb97f
Bearer Token,"""Bearer "" language:javascript",davidmolgard/startup,https://github.com/davidmolgard/startup,profile.jsx,smashnotes/src/profile/profile.jsx,https://github.com/davidmolgard/startup/blob/b6785ccc27acccb3a801e8125c488ee6f5cd74f8/smashnotes/src/profile/profile.jsx,423f52e9ccec5966ff11e32ab22981ddc11fcd4b
Bearer Token,"""Bearer "" language:javascript",imlinkk/asm-frontend,https://github.com/imlinkk/asm-frontend,axios.js,frontend/src/api/axios.js,https://github.com/imlinkk/asm-frontend/blob/8a22aa468336d6180af4db35ef1d3e250dc7ffc0/frontend/src/api/axios.js,76b12f63e9173ce9bcf00cece7c81d4946d2c61e
Bearer Token,"""Bearer "" language:javascript",Laraibkhalid111/amazon,https://github.com/Laraibkhalid111/amazon,api.js,client/src/services/api.js,https://github.com/Laraibkhalid111/amazon/blob/d2a58e47b10523abe17595d49602821f774fade6/client/src/services/api.js,47a1df30d985bb7222006d307e54f0719a922edb
Bearer Token,"""Bearer "" language:javascript",Afran1984/84Foodbar-Restaurant-client-site,https://github.com/Afran1984/84Foodbar-Restaurant-client-site,useAxiousSecure.jsx,src/Hooks/useAxiousSecure.jsx,https://github.com/Afran1984/84Foodbar-Restaurant-client-site/blob/95f19c3b536a226577e6dd35dc85ee252fcf5166/src/Hooks/useAxiousSecure.jsx,b215fdcba7bdf5dde488751c12da6e19a0184637
Bearer Token,"""Bearer "" language:javascript",slybepo/Hellosbanana,https://github.com/slybepo/Hellosbanana,script.js,script.js,https://github.com/slybepo/Hellosbanana/blob/1051f4c0f950966883c00a2b2584911831b8c27c/script.js,4232919e0f61f17984f8b735d652b841560b2307
Bearer Token,"""Bearer "" language:javascript",ramgawas55/Auto-Patch,https://github.com/ramgawas55/Auto-Patch,page.js,frontend/app/approvals/page.js,https://github.com/ramgawas55/Auto-Patch/blob/da7095f1575eee7280a583021ac2de50e404cb51/frontend/app/approvals/page.js,6bbf3daf706fa9812907f9814e1b93af720df5fc
Bearer Token,"""Bearer "" language:javascript",WhaleAjang/JBK,https://github.com/WhaleAjang/JBK,auth.js,backend/src/middleware/auth.js,https://github.com/WhaleAjang/JBK/blob/d184c6647a5841fcfb88e6580fd0d4e245850a83/backend/src/middleware/auth.js,93b69d966cb10b44ab8712033f36c61ba0c62eb9
Bearer Token,"""Bearer "" language:javascript",0xnyn/periscope,https://github.com/0xnyn/periscope,openai-embeddings-stress.js,scripts/openai-embeddings-stress.js,https://github.com/0xnyn/periscope/blob/04c40514aca779985a5f97965664820d9ea34aba/scripts/openai-embeddings-stress.js,f868e7b4aad5702c3eff17921adb5fc91caedaf1
Bearer Token,"""Bearer "" language:javascript",meherc99/Zerodha-dashboards,https://github.com/meherc99/Zerodha-dashboards,auth.js,src/frontend/src/stores/auth.js,https://github.com/meherc99/Zerodha-dashboards/blob/d5badfff30fd10f02f1437eec68cb92657fedfdb/src/frontend/src/stores/auth.js,dd8109300b3a43264ea1b0c4e71f0efe284141c1
Bearer Token,"""Bearer "" language:javascript",tom226/AutoMark,https://github.com/tom226/AutoMark,linkedin.js,server/integrations/linkedin.js,https://github.com/tom226/AutoMark/blob/deef083de3279264ac9d1c089c9ff031f99dd7ff/server/integrations/linkedin.js,da367d89e276a59028b7398b004a5c8f88247596
Bearer Token,"""Bearer "" language:javascript",adarshkumar-wd/VIDEO_TUBE,https://github.com/adarshkumar-wd/VIDEO_TUBE,auth.middleware.js,src/middlewares/auth.middleware.js,https://github.com/adarshkumar-wd/VIDEO_TUBE/blob/ac11fb6598abfce2ee08f955c3a727aefe64291e/src/middlewares/auth.middleware.js,b05c90eee9dfaa200042d4f76298823e586a8903
Bearer Token,"""Bearer "" language:javascript",AviBapatu/InsightStream,https://github.com/AviBapatu/InsightStream,useAuthStore.js,frontend/src/store/useAuthStore.js,https://github.com/AviBapatu/InsightStream/blob/93775301e8efbeab960e516834f88b513d8c66f7/frontend/src/store/useAuthStore.js,82eb5b7cb7bfaaf01da374ef6f2224e8465f6027
Bearer Token,"""Bearer "" language:javascript",RJDevGroup/re_lit_front,https://github.com/RJDevGroup/re_lit_front,api.mw.js,src/redux/middleware/core/api.mw.js,https://github.com/RJDevGroup/re_lit_front/blob/680386032a50c182ff4d0c6fd17d9bbd6c31dd72/src/redux/middleware/core/api.mw.js,6f233df49d41984b14fcbad53b9226e11b023330
Bearer Token,"""Bearer "" language:javascript",t-suraj21/Physics_Website-,https://github.com/t-suraj21/Physics_Website-,AuthContext.jsx,frontend/src/context/AuthContext.jsx,https://github.com/t-suraj21/Physics_Website-/blob/530b9caed540f41b884d793bc8cbc50d074777a9/frontend/src/context/AuthContext.jsx,2b07fd8acecca089952418e3699efd4ee55df935
Bearer Token,"""Bearer "" language:javascript",AromeroGill/reservas-app,https://github.com/AromeroGill/reservas-app,reservasService.js,src/lib/reservasService.js,https://github.com/AromeroGill/reservas-app/blob/6e3490a02cd1195e4c5c15ed6d6844e87641a4a3/src/lib/reservasService.js,10e24f958c0c23d483ab9350387d6b096b49528b
Bearer Token,"""Bearer "" language:javascript",joseluiscotera988-dot/express-js-on-vercel,https://github.com/joseluiscotera988-dot/express-js-on-vercel,app.js,public/js/app.js,https://github.com/joseluiscotera988-dot/express-js-on-vercel/blob/07f47a709b4f5217817281f6f658770aad7f16a9/public/js/app.js,9572b2570523d84fc0285437272f647b67ee8aa5
Bearer Token,"""Bearer "" language:javascript",NerdBaba/Flashsite,https://github.com/NerdBaba/Flashsite,server.js,server.js,https://github.com/NerdBaba/Flashsite/blob/3b384a168a987240d895f25e29143d64c75f4d0f/server.js,420fe6ef7532e1ac9613871c8a569d72eeafec60
Bearer Token,"""Bearer "" language:javascript",dev1-2/ConnectionQuest,https://github.com/dev1-2/ConnectionQuest,Notifications.js,Notifications.js,https://github.com/dev1-2/ConnectionQuest/blob/b3d93cb7b4d3826af9e771546dff66970cd00ea8/Notifications.js,64ede96b7ea67084f4f0da592363da4bf0796f27
Bearer Token,"""Bearer "" language:javascript",niklus14/DirectX,https://github.com/niklus14/DirectX,ai.js,backend/routes/ai.js,https://github.com/niklus14/DirectX/blob/99c114b787d7e34f480b3b53e150f797eae801f9/backend/routes/ai.js,59d62143a73a70a909340d887c0bacdfa97ca531
Bearer Token,"""Bearer "" language:javascript",tomasvanpez2/True-AI,https://github.com/tomasvanpez2/True-AI,developer-dashboard.js,public/js/developer-dashboard.js,https://github.com/tomasvanpez2/True-AI/blob/13559227b30a3b7b8f568fbdfc8efec7bd8bef7b/public/js/developer-dashboard.js,0e1b591cc3e25a032685508677f9083733c93484
Bearer Token,"""Bearer "" language:javascript",Eltiokarma/Prototipo-Celular-Rastreo-01,https://github.com/Eltiokarma/Prototipo-Celular-Rastreo-01,periodo.js,pruebas/periodo.js,https://github.com/Eltiokarma/Prototipo-Celular-Rastreo-01/blob/8563a9b565feec58e0b3587d9a4b10ccf1b97909/pruebas/periodo.js,5315a92b5e6b46da70b24d82b3f7782b74ee789b
Bearer Token,"""Bearer "" language:javascript",OZ-Coding-School/oz_01_collabo-004,https://github.com/OZ-Coding-School/oz_01_collabo-004,Profile.jsx,frontend/src/Page/MyPage/Profile.jsx,https://github.com/OZ-Coding-School/oz_01_collabo-004/blob/9d5c160a76d6fa190f75036b44ff523ca0011ff6/frontend/src/Page/MyPage/Profile.jsx,ee4a35d34945f24a4327ff2b26c91e475743f751
Bearer Token,"""Bearer "" language:javascript",NGarb/knowledge-garden,https://github.com/NGarb/knowledge-garden,ask.js,api/ask.js,https://github.com/NGarb/knowledge-garden/blob/fc3ed1c46d777778624475ab801dd53c428a4bc2/api/ask.js,c87a03d5aaead313a773296c740cb309d8f1759c
Bearer Token,"""Bearer "" language:javascript",IndrajithRajeshkumar/Creinx_Attendance,https://github.com/IndrajithRajeshkumar/Creinx_Attendance,LeaveRequestWidget.js,frontend/src/components/LeaveRequestWidget.js,https://github.com/IndrajithRajeshkumar/Creinx_Attendance/blob/19102d8a15e785f2d33d1d84609b63c3813cfe2a/frontend/src/components/LeaveRequestWidget.js,385599400aceed9436451f84e43a3e13aa39e2e2
Bearer Token,"""Bearer "" language:javascript",a-elshennawy/fitGuide,https://github.com/a-elshennawy/fitGuide,Workouts.jsx,src/Components/Workouts/Workouts.jsx,https://github.com/a-elshennawy/fitGuide/blob/58d28404924c9b0740de68c58438019e52d9be7d/src/Components/Workouts/Workouts.jsx,2d20ddc484d8db749e75290eb4b7edb72aa4815f
Bearer Token,"""Bearer "" language:javascript",morachake/dashboard,https://github.com/morachake/dashboard,Messaging.js,src/views/admin/Messaging.js,https://github.com/morachake/dashboard/blob/0ee75612225b9359ec8920052c4295700f10649b/src/views/admin/Messaging.js,838482c703509e9d3eb8c4a010e0fa96ee6c2fd2
Bearer Token,"""Bearer "" language:javascript",Karthikeya-B19/link_local_B2B-main,https://github.com/Karthikeya-B19/link_local_B2B-main,api.js,src/utils/api.js,https://github.com/Karthikeya-B19/link_local_B2B-main/blob/e1ce64ba7d82a904ea2b4953134c93075c829675/src/utils/api.js,52cc7976efbe757a157975925d8b6e037e896a5e
Bearer Token,"""Bearer "" language:javascript",zuriel337/sod1820,https://github.com/zuriel337/sod1820,sitemap-public.js,api/sitemap-public.js,https://github.com/zuriel337/sod1820/blob/5dea16df1ba0e54950f3a4b1bd688916d856c894/api/sitemap-public.js,d433fe11a463a55a04e975b8d261ce29a48ffb7a
Bearer Token,"""Bearer "" language:javascript",AjwadG/internship-sadeem,https://github.com/AjwadG/internship-sadeem,AddVendor.jsx,FRONTEND/src/pages/Vendors/AddVendor.jsx,https://github.com/AjwadG/internship-sadeem/blob/204991d0db66e0878dbf71df27b32dbe02d2a33f/FRONTEND/src/pages/Vendors/AddVendor.jsx,6759db426a2d0fceb4e82eb0b309f74491d997f9
Bearer Token,"""Bearer "" language:javascript",webautotester/front,https://github.com/webautotester/front,scenarioService.js,dev/app/js/scenarioService.js,https://github.com/webautotester/front/blob/099e23696e559cfdb0394fee972770652d29793e/dev/app/js/scenarioService.js,c7f65d5d205063ba348069a648abd92883b0c592
Bearer Token,"""Bearer "" language:javascript",alexoxy/santosdodia,https://github.com/alexoxy/santosdodia,publish-live-registry-pr.mjs,scripts/github/publish-live-registry-pr.mjs,https://github.com/alexoxy/santosdodia/blob/80e534c01cfd9116dbadcecfd24da313450f36e9/scripts/github/publish-live-registry-pr.mjs,76a07084f9879cdda256dc479b57a32eda1705c8
Bearer Token,"""Bearer "" language:javascript",paharshi/TASTY-KITCHENS--SWIGGY-ZOMATO-CLONE-MINI-PROCJECT-,https://github.com/paharshi/TASTY-KITCHENS--SWIGGY-ZOMATO-CLONE-MINI-PROCJECT-,index.js,src/components/RestaurantDetails/index.js,https://github.com/paharshi/TASTY-KITCHENS--SWIGGY-ZOMATO-CLONE-MINI-PROCJECT-/blob/370a6f9174fb0951aa68859aa58c890fbee6439c/src/components/RestaurantDetails/index.js,c3eb2908fba85548466d170e06a698b3100443ec
Bearer Token,"""Bearer "" language:javascript",412432-Castelli-Nicolas-Francisco/tpi_pharmacy_utn,https://github.com/412432-Castelli-Nicolas-Francisco/tpi_pharmacy_utn,chart1.js,Proyecto_2_Aplicacion_Web/Pages/DashBoard/js/chart1.js,https://github.com/412432-Castelli-Nicolas-Francisco/tpi_pharmacy_utn/blob/dc601673048674dbbf970f2bab5b1d88f6162f53/Proyecto_2_Aplicacion_Web/Pages/DashBoard/js/chart1.js,5cc60c863ff09a1c75ffda15aee7b9cf67cdd5c7
Bearer Token,"""Bearer "" language:javascript",OLUMZYXX/Whatsapp-Savings,https://github.com/OLUMZYXX/Whatsapp-Savings,whatsappService.js,server/services/whatsappService.js,https://github.com/OLUMZYXX/Whatsapp-Savings/blob/f5cc97b60368f66aa82864d6008f8c202a00f922/server/services/whatsappService.js,458f6dea76ffdb508ff8b359284cb16b27ff1fad
Bearer Token,"""Bearer "" language:javascript",Milosz1532/tradely-frontend,https://github.com/Milosz1532/tradely-frontend,Api.js,src/services/Api.js,https://github.com/Milosz1532/tradely-frontend/blob/9280fc49943a9a118ac3b07bd4331c57dcb604be/src/services/Api.js,57af3adcbaa1d8ef1a9f98bc3c6b24c75a70b850
Bearer Token,"""Bearer "" language:javascript",lilshudd/my-volunteer-project,https://github.com/lilshudd/my-volunteer-project,authMiddleware.js,backend/middlewares/authMiddleware.js,https://github.com/lilshudd/my-volunteer-project/blob/16218725efaaa56e1b9bc9eb12d7d9fce9a41679/backend/middlewares/authMiddleware.js,b6f94c33ec5d8776cc8271a2b8baf4f87e346ef2
Bearer Token,"""Bearer "" language:javascript",Smarter-Poker/Smarter-Poker-World-Hub,https://github.com/Smarter-Poker/Smarter-Poker-World-Hub,useTrackedTours.js,src/hooks/useTrackedTours.js,https://github.com/Smarter-Poker/Smarter-Poker-World-Hub/blob/c5ffa0bf3a1caa903b6c2fb1df440d221d273cf5/src/hooks/useTrackedTours.js,1471cea9dfd8aa63f75447eecbfdd3bc97448d27
Bearer Token,"""Bearer "" language:javascript",AnooshaaAli/TaskManagementAndTeamCollaborationTool,https://github.com/AnooshaaAli/TaskManagementAndTeamCollaborationTool,EditTask_20250412085336.jsx,.history/frontend/src/components/EditTask_20250412085336.jsx,https://github.com/AnooshaaAli/TaskManagementAndTeamCollaborationTool/blob/41699649fa7c5b0f3c069db1fa63cbbcf0b65526/.history/frontend/src/components/EditTask_20250412085336.jsx,fd0b1137dcb046f2c57b73198d99394d62e19464
Bearer Token,"""Bearer "" language:javascript",Jimmygplus/live-caption-preview,https://github.com/Jimmygplus/live-caption-preview,input.js,pr-454/input.js,https://github.com/Jimmygplus/live-caption-preview/blob/d843e974a8d88a87abf707ce5986fa63345184c0/pr-454/input.js,c88af78a5d75e32657faa8d8763dcc383675b142
Bearer Token,"""Bearer "" language:javascript",charlescoding300-beep/Cyber-x,https://github.com/charlescoding300-beep/Cyber-x,sessionBackup.js,lib/sessionBackup.js,https://github.com/charlescoding300-beep/Cyber-x/blob/80c8d734093070265486da6dc42d35ad97bd5a1d/lib/sessionBackup.js,b7ab224511210124fbced5fcb5786fc7e5c3a675
Bearer Token,"""Bearer "" language:javascript",sbcybersolutions/MyPortfolioApp,https://github.com/sbcybersolutions/MyPortfolioApp,MessagesList.jsx,frontend/src/pages/admin/MessagesList.jsx,https://github.com/sbcybersolutions/MyPortfolioApp/blob/5afe02339ff85e1d738a3b55e92b340a8198fd40/frontend/src/pages/admin/MessagesList.jsx,cf3417d5280033bf546f8ac264f7c2f4e2ecc224
Bearer Token,"""Bearer "" language:javascript",lo-jo/Pong-Game-Website,https://github.com/lo-jo/Pong-Game-Website,Login.js,srcs/services/frontend/src/js/Login.js,https://github.com/lo-jo/Pong-Game-Website/blob/9d63eb826b57bfede543eceb15acee046f39c580/srcs/services/frontend/src/js/Login.js,906ec40aba43d639926cafa84f5f0d7926db3d15
Bearer Token,"""Bearer "" language:javascript",nguyenanhquan04/lactobloom-store,https://github.com/nguyenanhquan04/lactobloom-store,DashboardService.js,fe/lactobloom/src/utils/DashboardService.js,https://github.com/nguyenanhquan04/lactobloom-store/blob/6bdba92181d16ac3442bcc1372dbe2c558c418c6/fe/lactobloom/src/utils/DashboardService.js,f883fd47793e697140ed504ea3058e0bccc38e4c
Bearer Token,"""Bearer "" language:javascript",gitahidotcc/stk,https://github.com/gitahidotcc/stk,server.js,server/server.js,https://github.com/gitahidotcc/stk/blob/15e7010bae52109f07a9b8f6723a416b2f4486be/server/server.js,80d4a4122ed50d6e963e4d3afece2df3ec4aa8e1
Bearer Token,"""Bearer "" language:javascript",stanishadc/hydroid-gas-mobile,https://github.com/stanishadc/hydroid-gas-mobile,NewTicket.js,src/Pages/NewTicket.js,https://github.com/stanishadc/hydroid-gas-mobile/blob/9dca90e1517b0de271517087cb34a334b25a2205/src/Pages/NewTicket.js,68e8ac93da33d000992c5b585b439cb84b493f89
Bearer Token,"""Bearer "" language:javascript",dsaha007/CoolPlaza-App,https://github.com/dsaha007/CoolPlaza-App,ProductScreen.js,frontend/src/screens/ProductScreen.js,https://github.com/dsaha007/CoolPlaza-App/blob/6621761d22f2d5d4a8e21b96fc5895832d4c2a67/frontend/src/screens/ProductScreen.js,c86548bda289c3214bd0d21f883cef74b157ffbd
Bearer Token,"""Bearer "" language:javascript",bodasesor-rgb/Pagina-Web-Bodasesor,https://github.com/bodasesor-rgb/Pagina-Web-Bodasesor,pull-netlify-live.mjs,scripts/pull-netlify-live.mjs,https://github.com/bodasesor-rgb/Pagina-Web-Bodasesor/blob/eff180c0451dd2af75efc8371a352727ae17fc0f/scripts/pull-netlify-live.mjs,0b3cdf88cc2f8a48560fe5fcb45afce218b4b61e
Bearer Token,"""Bearer "" language:javascript",benitha200/cherry-app-frontend-test,https://github.com/benitha200/cherry-app-frontend-test,CwsList.jsx,src/components/Admin/Cws/CwsList.jsx,https://github.com/benitha200/cherry-app-frontend-test/blob/1d38de6721324236644de9fb15e2f7376d91649b/src/components/Admin/Cws/CwsList.jsx,f0cd30c1ac10e6df539da3d6ee73079a25a72231
Bearer Token,"""Bearer "" language:javascript",i228808/omni-ai-backend,https://github.com/i228808/omni-ai-backend,characterController.js,controllers/characterController.js,https://github.com/i228808/omni-ai-backend/blob/d80272a2cade19af0cdff591573e9f102dfa9fd3/controllers/characterController.js,6bbd3a1d93c3da3032571ada2cf08304e935eeb0
Bearer Token,"""Bearer "" language:javascript",miguelfcostaa/internGo,https://github.com/miguelfcostaa/internGo,ProfileEstagiario.jsx,frontend/src/pages/ProfileEstagiario.jsx,https://github.com/miguelfcostaa/internGo/blob/2e37bf0e1bde00b4c8a04cf1757859b798a630d2/frontend/src/pages/ProfileEstagiario.jsx,064eb0d6b9f46d1dcf3876005815eec15cd69bf7
Bearer Token,"""Bearer "" language:javascript",jackson545355/DATN_TMDT,https://github.com/jackson545355/DATN_TMDT,Comment.jsx,TMDT-DACN/e-commerce-frontend/src/Components/Comment/Comment.jsx,https://github.com/jackson545355/DATN_TMDT/blob/cb50c85b97c1dc8a764b2f006b2385dcf7631bc9/TMDT-DACN/e-commerce-frontend/src/Components/Comment/Comment.jsx,8f0d8eb053fbbbd1704746fd3c62bd2c1a4a0e17
Bearer Token,"""Bearer "" language:javascript",ananty1/anant_nucleus_teq,https://github.com/ananty1/anant_nucleus_teq,GroupDetails.jsx,splitwise-frontend/src/pages/GroupDetails.jsx,https://github.com/ananty1/anant_nucleus_teq/blob/f04076fdda569861b88dc773f8c108b0e717b7cd/splitwise-frontend/src/pages/GroupDetails.jsx,0a0bf503bf7e53cd2b3abfcf8438b5fabc150c9f
Bearer Token,"""Bearer "" language:javascript",nakibulhuda/ShareMotion,https://github.com/nakibulhuda/ShareMotion,Conversation.js,ShareMotion/root/client/src/components/Conversation.js,https://github.com/nakibulhuda/ShareMotion/blob/1d05de89ccde5dc7c51d271394135410726c841d/ShareMotion/root/client/src/components/Conversation.js,36a42814e1d8a3583ddb6153f9224356f80920b6
Bearer Token,"""Bearer "" language:javascript",Jleonel18/AYD2_B_2S2025_PROYECTO_G8,https://github.com/Jleonel18/AYD2_B_2S2025_PROYECTO_G8,Tripulacion.jsx,Fase 3/frontend/src/Pages/Tripulacion.jsx,https://github.com/Jleonel18/AYD2_B_2S2025_PROYECTO_G8/blob/4538f34569f3b25a310205dd26837291b74e49ad/Fase 3/frontend/src/Pages/Tripulacion.jsx,74d884a775e86396e7f093a376bb89f72af98f48
Bearer Token,"""Bearer "" language:javascript",anilkumal557/StudentManagementSystem,https://github.com/anilkumal557/StudentManagementSystem,AdminRegisterModal.jsx,frontend/src/components/admin/AdminRegisterModal.jsx,https://github.com/anilkumal557/StudentManagementSystem/blob/dc2af949b0a9cdbfc1de7e7985c1ff20d21b4340/frontend/src/components/admin/AdminRegisterModal.jsx,94aa5d3864dc700aea9265e4ea8771ad02883661
Bearer Token,"""Bearer "" language:javascript",eder01gp/Tiamati-Doula,https://github.com/eder01gp/Tiamati-Doula,user_appointment.js,src/front/js/pages/user_appointment.js,https://github.com/eder01gp/Tiamati-Doula/blob/f033b08bce36f077ea5b272b57c3b27d6943b360/src/front/js/pages/user_appointment.js,a6cc20b958bea3f131c22fe97afc13cce16925af
Bearer Token,"""Bearer "" language:javascript",Maheshwari251/Hospital-management,https://github.com/Maheshwari251/Hospital-management,useFetchData.js,Hospital-Appointment-main/admin/src/hooks/useFetchData.js,https://github.com/Maheshwari251/Hospital-management/blob/9c77eca320d89181b1bfabbe1c4a7d42186bc0b3/Hospital-Appointment-main/admin/src/hooks/useFetchData.js,0b349c55128ea6944301e2f08d2f3fe6da89ca58
Bearer Token,"""Bearer "" language:javascript",ManuelCasanuova/Capstone,https://github.com/ManuelCasanuova/Capstone,ModalePianoTerapeutico.jsx,src/component/modali/ModalePianoTerapeutico.jsx,https://github.com/ManuelCasanuova/Capstone/blob/133de39f58515148bb3a7d27b39f28a5179fa3fc/src/component/modali/ModalePianoTerapeutico.jsx,8a8b7924dfdc93a9dcf6d2efe77c826912b37d8d
Bearer Token,"""Bearer "" language:javascript",Ganeshghatti/Beliverz-admin-frontend,https://github.com/Ganeshghatti/Beliverz-admin-frontend,Instructorsettings.jsx,src/Pages/Instructor/Settings/Instructorsettings.jsx,https://github.com/Ganeshghatti/Beliverz-admin-frontend/blob/e63bcf541e1812cda161f8861d2bbb89fb08634f/src/Pages/Instructor/Settings/Instructorsettings.jsx,006fa16339227aede14be4e06afb8e34cf64e720
Bearer Token,"""Bearer "" language:javascript",network-dev/ua-2025,https://github.com/network-dev/ua-2025,AssetsGenerico.js,frontend/react/src/paginas/AssetsGenerico.js,https://github.com/network-dev/ua-2025/blob/92812dcbc65fcbf56e2e8c0d5a6ba00d081cf831/frontend/react/src/paginas/AssetsGenerico.js,7801f8236ef28bb5789334f65f38dbf9d0ee55b8
Bearer Token,"""Bearer "" language:javascript",Mrenard72/frontend-cityconnect-,https://github.com/Mrenard72/frontend-cityconnect-,ProfileScreen.js,src/screens/ProfileScreen.js,https://github.com/Mrenard72/frontend-cityconnect-/blob/6ca5a2e0faaa1e72bc1f5c1fdd1287db8595a305/src/screens/ProfileScreen.js,8e3d67e5b15034cef33992b5b75ec176c659e7c8
Bearer Token,"""Bearer "" language:javascript",rtirumala2025/InvestX-Labs,https://github.com/rtirumala2025/InvestX-Labs,aiController.js,backend/controllers/aiController.js,https://github.com/rtirumala2025/InvestX-Labs/blob/1d08596e2b081199b9ba29f667984cd8c8a7a910/backend/controllers/aiController.js,06837e244a12dd7c41ad5a87d0159efd677744cf
Bearer Token,"""Bearer "" language:javascript",Mohammed-ziada/Doctors,https://github.com/Mohammed-ziada/Doctors,Feedbackform.jsx,frontEnd/src/pages/Doctors/Feedbackform.jsx,https://github.com/Mohammed-ziada/Doctors/blob/8dbb7584abeaa5652233d9223e859b700ea84024/frontEnd/src/pages/Doctors/Feedbackform.jsx,5853f7d3a3ee054c0e9546fa753971f82aaaa3db
Bearer Token,"""Bearer "" language:javascript",Lloydant-Business-Services/Futa-HR,https://github.com/Lloydant-Business-Services/Futa-HR,leave.js,src/components/pages/admin/leave.js,https://github.com/Lloydant-Business-Services/Futa-HR/blob/8d9759467b0969ddce6804e856eefab5265b96d8/src/components/pages/admin/leave.js,2f01a73935717a70f3bfa1dad68be70c07466d9b
Bearer Token,"""Bearer "" language:javascript",ahmedsc3468/frightpowerwithai,https://github.com/ahmedsc3468/frightpowerwithai,ShipperMarketplace.jsx,src/components/shipper/ShipperMarketplace.jsx,https://github.com/ahmedsc3468/frightpowerwithai/blob/0bc95a6e2e3225a93cd9c9cdb878cb6caf22c5f2/src/components/shipper/ShipperMarketplace.jsx,8af6c7d9011f57ad99d1b67413bb995653c7aa88
Bearer Token,"""Bearer "" language:javascript",globalgio/Global-GIOI,https://github.com/globalgio/Global-GIOI,PaidInstructions.jsx,src/components/instructions/PaidInstructions.jsx,https://github.com/globalgio/Global-GIOI/blob/8c8b0207ff2c5447cc9db11ad4481b05b7806165/src/components/instructions/PaidInstructions.jsx,1ff0a3c10809297197392e069d644732c66927ac
Bearer Token,"""Bearer "" language:javascript",purkonuddin/fe-ecommerce,https://github.com/purkonuddin/fe-ecommerce,SellingProduct.js,src/components/profile/SellingProduct.js,https://github.com/purkonuddin/fe-ecommerce/blob/2d18d5698f466fa29e5c2873b75d9dfdea8d30dc/src/components/profile/SellingProduct.js,98a516be292a02a526a0c9c0f73a305ae216bc3c
Bearer Token,"""Bearer "" language:javascript",TripSketchers/tripsketch_front,https://github.com/TripSketchers/tripsketch_front,SigninContainer.jsx,src/components/SigninContainer/SigninContainer.jsx,https://github.com/TripSketchers/tripsketch_front/blob/a2ffa192197b1f51c4b8766b77606dd0aee941c1/src/components/SigninContainer/SigninContainer.jsx,8a7f8b7506e5e6386ecf3d978a04765f6e85fa11
Bearer Token,"""Bearer "" language:javascript",kevincyriac-2005/Civic-Pulse,https://github.com/kevincyriac-2005/Civic-Pulse,WorkSummary.js,frontend/src/components/fieldworker/WorkSummary.js,https://github.com/kevincyriac-2005/Civic-Pulse/blob/34c1a655bad6748d7361c2ca9ceb598c878ef8ca/frontend/src/components/fieldworker/WorkSummary.js,9f8bbdc2233388a40f2abd44ae2e1542f978e2dc
Bearer Token,"""Bearer "" language:javascript",iicnitdgp/IICNITDGP_Website,https://github.com/iicnitdgp/IICNITDGP_Website,AuditionManagement.jsx,client/src/components/AuditionManagement/AuditionManagement.jsx,https://github.com/iicnitdgp/IICNITDGP_Website/blob/5443cf78591cf1bbb5abf2a96565d6f70293bde2/client/src/components/AuditionManagement/AuditionManagement.jsx,f36f12f4b1e9a2dba7e5965dd1c8c7b0f2c65459
Bearer Token,"""Bearer "" language:javascript",watthananick1/pet_storyUI,https://github.com/watthananick1/pet_storyUI,TableTypePet_20230814091005.js,.history/src/components/dashboard/TableTypePet_20230814091005.js,https://github.com/watthananick1/pet_storyUI/blob/437eca82d954666f4d3b33d08809603fb242b4d8/.history/src/components/dashboard/TableTypePet_20230814091005.js,1e15909a55b9c44e2c5e03509227c5a53620f264
Bearer Token,"""Bearer "" language:javascript",Dharshanmohan007/Events,https://github.com/Dharshanmohan007/Events,IctsForm.jsx,client/src/Components/Forms/IctsForm.jsx,https://github.com/Dharshanmohan007/Events/blob/05623146ef21c536b7b7a9191fedbc03cfafe38e/client/src/Components/Forms/IctsForm.jsx,7120624ce922684ac1dd364aa37cebdf4437e14d
Bearer Token,"""Bearer "" language:javascript",tuandh111/GraduationThesisFE,https://github.com/tuandh111/GraduationThesisFE,adminListService_20240613212555.js,.history/assets/js/app/adminListService_20240613212555.js,https://github.com/tuandh111/GraduationThesisFE/blob/0f281906d0866772899b5232e78dc69880e38eb7/.history/assets/js/app/adminListService_20240613212555.js,6f1323293974c359e5d215ec9a14e0fab8362fc3
Bearer Token,"""Bearer "" language:javascript",KayesFahim/agent-panel-b2b,https://github.com/KayesFahim/agent-panel-b2b,FlightUserInfoSabre.jsx,src/components/FlightUserinfo/FlightUserInfoSabre.jsx,https://github.com/KayesFahim/agent-panel-b2b/blob/6456571307fc88370e48717516b21223f843943d/src/components/FlightUserinfo/FlightUserInfoSabre.jsx,6ddb1c19bb7bd72608762165ae3d647dc9ca00bb
Bearer Token,"""Bearer "" language:javascript",MakKhnzadah/munin-alert,https://github.com/MakKhnzadah/munin-alert,WebSocketService.js,frontend/munin-alert-web/src/services/WebSocketService.js,https://github.com/MakKhnzadah/munin-alert/blob/05f65ba6224fbccdd6a170d989a1af1e296f4fb8/frontend/munin-alert-web/src/services/WebSocketService.js,2fadd46f3ecc018f67af4fa4befc03182676e7ed
Bearer Token,"""Bearer "" language:javascript",Davidobi21/macelect,https://github.com/Davidobi21/macelect,pjs_20250428041858.js,.history/frontend/js/pjs_20250428041858.js,https://github.com/Davidobi21/macelect/blob/d0d224c2d72684f6584c637eddf58a39d505be2b/.history/frontend/js/pjs_20250428041858.js,ea78737f97387155e5f95925d869f02302dc5387
Bearer Token,"""Bearer "" language:javascript",HP189-pr/Homefronddeskapp,https://github.com/HP189-pr/Homefronddeskapp,AdminBulkUpload.jsx,frontend/src/components/AdminBulkUpload.jsx,https://github.com/HP189-pr/Homefronddeskapp/blob/fb4e2281ea707a69e8bab62530406865cecaa21f/frontend/src/components/AdminBulkUpload.jsx,531a447f3ceb43be9c80fdc4220eef550faacc56
Bearer Token,"""Bearer "" language:javascript",Kandulanaveennaidu/PMS2,https://github.com/Kandulanaveennaidu/PMS2,JobAddedByMe.js,src/ATSComponents/JobsAts/JobAddedByMe.js,https://github.com/Kandulanaveennaidu/PMS2/blob/0f0c84cbca764f146d610bfe9fac5d4e63512641/src/ATSComponents/JobsAts/JobAddedByMe.js,5e6a12a6531b46ba8c4c924f0d980023a8e3e504
Bearer Token,"""Bearer "" language:javascript",Kandulanaveennaidu/PMS---2,https://github.com/Kandulanaveennaidu/PMS---2,JobAddedByMe.js,src/ATSComponents/JobsAts/JobAddedByMe.js,https://github.com/Kandulanaveennaidu/PMS---2/blob/1bf332c3c0b9ff6378d085461c840cc7bb18bd5a/src/ATSComponents/JobsAts/JobAddedByMe.js,5e6a12a6531b46ba8c4c924f0d980023a8e3e504
Bearer Token,"""Bearer "" language:javascript",challenger0074/ganxqSYS,https://github.com/challenger0074/ganxqSYS,request.js,vue/src/api/request.js,https://github.com/challenger0074/ganxqSYS/blob/2f9defe367d901fea8f916f6b5fd9e3eecee8a38/vue/src/api/request.js,cd1f04736b7f3a429af81f231b1a5cbf55f3c811
Bearer Token,"""Bearer "" language:javascript",Sanjitha3010/aura-backend,https://github.com/Sanjitha3010/aura-backend,test_e2e_auth.js,test_e2e_auth.js,https://github.com/Sanjitha3010/aura-backend/blob/e3a98f208c228be58d2b176b8a7c9f295d101811/test_e2e_auth.js,8deef32276395c53219751f6a9f8e31af4f7f150
Bearer Token,"""Bearer "" language:javascript",PedrinGoD/Site-Bot,https://github.com/PedrinGoD/Site-Bot,test-webhook-venda.js,Bot/scripts/test-webhook-venda.js,https://github.com/PedrinGoD/Site-Bot/blob/b7131daf873bc017459e2e50b43d72f156ed8354/Bot/scripts/test-webhook-venda.js,6996f2788c21d35b730a1f7646d9e96bf941f377
Bearer Token,"""Bearer "" language:javascript",okoroafordanielchukwuemeka-tech/clean-track-ver-2-2zip,https://github.com/okoroafordanielchukwuemeka-tech/clean-track-ver-2-2zip,test-sync-engine-3b2.mjs,scripts/test-sync-engine-3b2.mjs,https://github.com/okoroafordanielchukwuemeka-tech/clean-track-ver-2-2zip/blob/e140111d7b1cb8f8d0e39b7b1b09a2f9e60346af/scripts/test-sync-engine-3b2.mjs,b93e9b38ce917f8b05a31d2a8f313116f9fd3ba2
Bearer Token,"""Bearer "" language:javascript",SergeiNikolenko/Burette,https://github.com/SergeiNikolenko/Burette,test-agent-shell-security.mjs,tests/test-agent-shell-security.mjs,https://github.com/SergeiNikolenko/Burette/blob/dfde17a8324ba550cef7e962e83ed05474b8ab70/tests/test-agent-shell-security.mjs,f18d8903d5cae471aa4bac47f292b8f3e9c445b3
Bearer Token,"""Bearer "" language:javascript",zachlankton/couchdb-custom-api-experiment,https://github.com/zachlankton/couchdb-custom-api-experiment,test.js,test.js,https://github.com/zachlankton/couchdb-custom-api-experiment/blob/1e0b681b6a88f4644b64eed2647670f5957bb9ce/test.js,afcb8e18107238c75798943b4d4a01e491f73a73
Bearer Token,"""Bearer "" language:javascript",Alucard0x1/Super-Light-Web-WhatsApp-API-Server,https://github.com/Alucard0x1/Super-Light-Web-WhatsApp-API-Server,aiChatbot.js,src/services/aiChatbot.js,https://github.com/Alucard0x1/Super-Light-Web-WhatsApp-API-Server/blob/9e52f7d95f62b7484353dace2b5b28db29948ee8/src/services/aiChatbot.js,874e4499da16cb6ddb60ad1621619ce54df631f9
Bearer Token,"""Bearer "" language:javascript",alfred1994/alpha-pilot,https://github.com/alfred1994/alpha-pilot,control.js,web/static/js/modules/control.js,https://github.com/alfred1994/alpha-pilot/blob/9c19a1786d6a90fe2c0b3a80c205f3c64415b9ef/web/static/js/modules/control.js,f43fbdc44f4732e5fda41dd078136eaa3a64339c
Bearer Token,"""Bearer "" language:javascript",ahsanabbas1/Wallet-App,https://github.com/ahsanabbas1/Wallet-App,debug_api.js,debug_api.js,https://github.com/ahsanabbas1/Wallet-App/blob/12dbadc42abf8ac8b5386e30e25accab47e4633e/debug_api.js,bd93e96e840fad0608dfbe21cc2b982d88412dfe
Bearer Token,"""Bearer "" language:javascript",hamoz07/E-COMMERCE-DASHBOARD-MANAGEMENT-SYSTEM,https://github.com/hamoz07/E-COMMERCE-DASHBOARD-MANAGEMENT-SYSTEM,AxiosShortCut.js,src/Api/AxiosShortCut.js,https://github.com/hamoz07/E-COMMERCE-DASHBOARD-MANAGEMENT-SYSTEM/blob/d432208f1906a301a36f5fe7ffdfa7ac8d8761dc/src/Api/AxiosShortCut.js,fb8b26303fb8022c9e7fc61c5c85bba90f910f59
Bearer Token,"""Bearer "" language:javascript",ANSHU-Ireland/CPF-2.0,https://github.com/ANSHU-Ireland/CPF-2.0,profile-read.js,tools/load/profile-read.js,https://github.com/ANSHU-Ireland/CPF-2.0/blob/46b3b473ee0860d540f3050235b7f725036a5a07/tools/load/profile-read.js,ff64d43a5abc51a09ae5bdf8f231c63d2201c3d2
Bearer Token,"""Bearer "" language:javascript",Anandkumarsatapathy/DambaruuApp,https://github.com/Anandkumarsatapathy/DambaruuApp,Generator.js,Utils/Generator.js,https://github.com/Anandkumarsatapathy/DambaruuApp/blob/2921d9cd3cd2524216a695b7d37fc69fab639894/Utils/Generator.js,23e5979710d5194c09e94674b0a3764d83197e19
Bearer Token,"""Bearer "" language:javascript",nathangero/book-search-engine,https://github.com/nathangero/book-search-engine,App.jsx,client/src/App.jsx,https://github.com/nathangero/book-search-engine/blob/ab0c862f27f99e5741585b9a7e69ec8ad3397c15/client/src/App.jsx,d69a87e5cca6596bf081b9c52005e6924975b46d
Bearer Token,"""Bearer "" language:javascript",Navdeep2006/BEE-SEM4,https://github.com/Navdeep2006/BEE-SEM4,create-report.js,FrontEnd/create-report.js,https://github.com/Navdeep2006/BEE-SEM4/blob/37c2284f0971c4a4dba3d06a74418678b1bb6875/FrontEnd/create-report.js,3b0ce1a66b6ff0c73e690a726ef00af57bee45a2
Bearer Token,"""Bearer "" language:javascript",thobiask/React-Blog,https://github.com/thobiask/React-Blog,Messages.jsx,blog-app/src/Messages.jsx,https://github.com/thobiask/React-Blog/blob/86ced04f4907bb340eeb3b81525c4885e87d5b67/blog-app/src/Messages.jsx,5aab27422dfacf48503c92b4916198b6afa4ea63
Bearer Token,"""Bearer "" language:javascript",Sylvester877/kurodo,https://github.com/Sylvester877/kurodo,tvdb-art.js,server/tvdb-art.js,https://github.com/Sylvester877/kurodo/blob/cd7b473875f7d199d9537c9293b04bf6068dd65b/server/tvdb-art.js,ebf03455bc9d317b9ca296227e190fca8cc836e2
Bearer Token,"""Bearer "" language:javascript",lavenda-d/DriveKenya,https://github.com/lavenda-d/DriveKenya,api.js,frontend/src/services/api.js,https://github.com/lavenda-d/DriveKenya/blob/8e0d82fdebf551143f54dd5d38e3d76d5e401170/frontend/src/services/api.js,03b1af024cc017b9a222332a93a8502b9f448c7e
Bearer Token,"""Bearer "" language:javascript",Yourcreat/CartoonVerse-AI-V8,https://github.com/Yourcreat/CartoonVerse-AI-V8,qwen.js,services/aiProviders/qwen.js,https://github.com/Yourcreat/CartoonVerse-AI-V8/blob/bcd6b53c7d330d704f266295917489a3e4dfaf8c/services/aiProviders/qwen.js,cb7dcd25655ed5409e6fbb2a1c853331278e8017
Bearer Token,"""Bearer "" language:javascript",Gagansoni485/Managing-crowd,https://github.com/Gagansoni485/Managing-crowd,parkingApi.js,frontend/src/api/parkingApi.js,https://github.com/Gagansoni485/Managing-crowd/blob/5af36495c727c3fe0b201db27242efffb7f3f6e9/frontend/src/api/parkingApi.js,4633eeeaa51117ab4dd69c0a62e280dab0c9c0ce
Bearer Token,"""Bearer "" language:javascript",UOC/UOCAPI-Web-Examples,https://github.com/UOC/UOCAPI-Web-Examples,openapiclientweb.js,Example MailFoldersIdMessagesUnreadGet/openapiclientweb.js,https://github.com/UOC/UOCAPI-Web-Examples/blob/ec288b46c6084178804dd97cb62a69c1a19a101c/Example MailFoldersIdMessagesUnreadGet/openapiclientweb.js,296196fa637495e0f8a6d15b483f599c0b17cc5d
Bearer Token,"""Bearer "" language:javascript",wittyphantom333/adamewitt,https://github.com/wittyphantom333/adamewitt,HTTP.js,resources/js/client/common/helpers/HTTP.js,https://github.com/wittyphantom333/adamewitt/blob/8cd7b2fcf6bf46bf43f992f87e5b75edd12ada75/resources/js/client/common/helpers/HTTP.js,e0872c66538918b7db40ffc11618378979eba3d8
Bearer Token,"""Bearer "" language:javascript",naufalrandika/desa-punjulharjo,https://github.com/naufalrandika/desa-punjulharjo,HTTP.js,resources/js/client/common/helpers/HTTP.js,https://github.com/naufalrandika/desa-punjulharjo/blob/0bddb2f5836a6d87b3aad26ef17d39d628d8e661/resources/js/client/common/helpers/HTTP.js,e0872c66538918b7db40ffc11618378979eba3d8
Bearer Token,"""Bearer "" language:javascript",raj4rachit/Portfolio,https://github.com/raj4rachit/Portfolio,HTTP.js,resources/js/client/common/helpers/HTTP.js,https://github.com/raj4rachit/Portfolio/blob/45b5c6896aab22661e1e1493d671170670d9ef14/resources/js/client/common/helpers/HTTP.js,e0872c66538918b7db40ffc11618378979eba3d8
Bearer Token,"""Bearer "" language:javascript",tungpham42/truong,https://github.com/tungpham42/truong,HTTP.js,resources/js/client/common/helpers/HTTP.js,https://github.com/tungpham42/truong/blob/c76e02da9ea167ae52463a2e230693c17a45ea25/resources/js/client/common/helpers/HTTP.js,e0872c66538918b7db40ffc11618378979eba3d8
Bearer Token,"""Bearer "" language:javascript",adeshEupheus/class-klap,https://github.com/adeshEupheus/class-klap,SetSchoolId.js,src/apis/fectcher/SetSchoolId.js,https://github.com/adeshEupheus/class-klap/blob/4d5a45472979974f0338657aa95584056205eab8/src/apis/fectcher/SetSchoolId.js,2e7272fbfe8622f1cb59c9fb8b1b3a483fdf6cd3
Bearer Token,"""Bearer "" language:javascript",uditrajput03/todo-app,https://github.com/uditrajput03/todo-app,App.jsx,frontend/src/App.jsx,https://github.com/uditrajput03/todo-app/blob/6a760843e5f1794a1435a9d8a7092cb9df9daab4/frontend/src/App.jsx,fc836b72a6b9fdef4b6743ec275ed9c7c2b3c511
Bearer Token,"""Bearer "" language:javascript",Xglbrilliant/Node-demo,https://github.com/Xglbrilliant/Node-demo,verifyLoginAuth.js,src/middleware/verifyLoginAuth.js,https://github.com/Xglbrilliant/Node-demo/blob/f3e19b0d5fd859fc401ad08d3b72c79a1a57f334/src/middleware/verifyLoginAuth.js,aa668b5f5a01142e696529fa16ca376f9eaf2aa4
Bearer Token,"""Bearer "" language:javascript",ITCareerMatch/Backend-ITCareerMatch,https://github.com/ITCareerMatch/Backend-ITCareerMatch,auth.middleware.js,src/middlewares/auth.middleware.js,https://github.com/ITCareerMatch/Backend-ITCareerMatch/blob/b94f1ee3e238c277f0d2c2e84c316cb2ae81f4b9/src/middlewares/auth.middleware.js,a91d26121d28115f381b312f4e6a590c68a43e3c
Bearer Token,"""Bearer "" language:javascript",xSil3nt/atlas,https://github.com/xSil3nt/atlas,refresh.js,api/refresh.js,https://github.com/xSil3nt/atlas/blob/71b7f3fde1ab09a920a6351644f23a0abfef8605/api/refresh.js,c3dc9631b3895381d2fd005821b13488adfbfa75
Bearer Token,"""Bearer "" language:javascript",mansi-tech99/Notely,https://github.com/mansi-tech99/Notely,axiosInstance.js,frontend/src/utils/axiosInstance.js,https://github.com/mansi-tech99/Notely/blob/0e8df074e22bd89914bd714a275682c2dbc121bd/frontend/src/utils/axiosInstance.js,0a4bb6e9dbff2e8b7c52e2cbe3935ea0dbb9ea69
Bearer Token,"""Bearer "" language:javascript",collygedylan/GNC-Sales-Command-PRO-,https://github.com/collygedylan/GNC-Sales-Command-PRO-,codex-ops-runner-client.mjs,scripts/codex-ops-runner-client.mjs,https://github.com/collygedylan/GNC-Sales-Command-PRO-/blob/3763b8270b9af1c573b64c29d70556b0adbd7e8d/scripts/codex-ops-runner-client.mjs,d53124db90387ba656a2ad6e46d6d27096331ba0
Bearer Token,"""Bearer "" language:javascript",0-mayurkaretha/blogX-web,https://github.com/0-mayurkaretha/blogX-web,BlogCard.jsx,src/components/blogCard/BlogCard.jsx,https://github.com/0-mayurkaretha/blogX-web/blob/31f14556ecbb72090b949e7e77be520bfc928d3e/src/components/blogCard/BlogCard.jsx,ed607f8bdfa50708364c537bba056dd2ba3274a2
Bearer Token,"""Bearer "" language:javascript",cursebearer/N2-Seguranca-de-Software,https://github.com/cursebearer/N2-Seguranca-de-Software,editar.js,client/scripts/editar.js,https://github.com/cursebearer/N2-Seguranca-de-Software/blob/8cb555cc2fb9fcb6dc48f1acce10ca95a3104a6d/client/scripts/editar.js,ed1a4c8535e389aaf3609345f15414674a52a51a
Bearer Token,"""Bearer "" language:javascript",000xzhou/Nichirin,https://github.com/000xzhou/Nichirin,api.jsx,frontend/vite-project/src/api/api.jsx,https://github.com/000xzhou/Nichirin/blob/f5ad36acce601c84b87cbe6ce3a18851d1cb2d01/frontend/vite-project/src/api/api.jsx,382b7bc187fa1c0750618ce513d93d3c67212f5e
Bearer Token,"""Bearer "" language:javascript",cuongha12/sem31,https://github.com/cuongha12/sem31,Product.js,src/admin/page/product/Product.js,https://github.com/cuongha12/sem31/blob/81d8cc5f17d32d9d70e432b5759b6696d8ca11db/src/admin/page/product/Product.js,438f52a0293430c5f73e7726c08247400017004c
Bearer Token,"""Bearer "" language:javascript",AnasAhmed001/FieldOps,https://github.com/AnasAhmed001/FieldOps,auth.middleware.js,backend/middleware/auth.middleware.js,https://github.com/AnasAhmed001/FieldOps/blob/2617f3e1227b046945be0929c4b659df499506dc/backend/middleware/auth.middleware.js,24bfbc1b852766af286fbeb7fa0d181e513c1581
Bearer Token,"""Bearer "" language:javascript",LCEngel/garciatransportesguaiba2025,https://github.com/LCEngel/garciatransportesguaiba2025,send-email.js,api/send-email.js,https://github.com/LCEngel/garciatransportesguaiba2025/blob/97a40cd65a87bd842b398c63ae37f557991bfa6f/api/send-email.js,ebf7b452c18fd27ee5fbf08ea1078eb4dfc0fc5d
Bearer Token,"""Bearer "" language:javascript",anu-xo/Final-Thread,https://github.com/anu-xo/Final-Thread,auth.js,packages/shared/src/middleware/auth.js,https://github.com/anu-xo/Final-Thread/blob/129eef632d2b6376f08d874bed604ae6439fe9b3/packages/shared/src/middleware/auth.js,5255ec38d74131c700d15890087bd7b651db7578
Bearer Token,"""Bearer "" language:javascript",vishuna2010/NewBMG,https://github.com/vishuna2010/NewBMG,productService.js,admin-portal/src/services/productService.js,https://github.com/vishuna2010/NewBMG/blob/668e9a2f78c16d411ce2b182f305ef70c93cad87/admin-portal/src/services/productService.js,14af196a3c518db4c31c27ec9ed5773c32178301
Bearer Token,"""Bearer "" language:javascript",Arora-05/SE-new,https://github.com/Arora-05/SE-new,axios.js,client/src/api/axios.js,https://github.com/Arora-05/SE-new/blob/21d390d815750f9b5fd4f68c2bb35f4221d7727c/client/src/api/axios.js,5a727b6f0f7bb3a979c9bafeaaf8bb224bd2cd59
Bearer Token,"""Bearer "" language:javascript",hbicofbiology/Phage,https://github.com/hbicofbiology/Phage,auth.js,phage/api/routes/auth.js,https://github.com/hbicofbiology/Phage/blob/ed80ea4815d440173a5bcbf8d7bc66ef79df1b58/phage/api/routes/auth.js,05f03173cb1cb70fca7ef1e69f0351fe4c23a4eb
Bearer Token,"""Bearer "" language:javascript",Giovanni-OFC/Kitten-Bot,https://github.com/Giovanni-OFC/Kitten-Bot,search-spotify.js,plugins/search-spotify.js,https://github.com/Giovanni-OFC/Kitten-Bot/blob/b6ebd50aad66783d1ee8a73e040619f606d76142/plugins/search-spotify.js,6cc858a26c0fa319329ebf13f5b0f256eb6a1c01
Bearer Token,"""Bearer "" language:javascript",mohammadwasimm/EduVision-AI-Monitor---FYP,https://github.com/mohammadwasimm/EduVision-AI-Monitor---FYP,settings.js,server/routes/settings.js,https://github.com/mohammadwasimm/EduVision-AI-Monitor---FYP/blob/574e02e319a157e0bb19a258f2aefca46a3ef14e/server/routes/settings.js,fe5dde4a76928e75ca77eb3fdde1494733de5ed2
Bearer Token,"""Bearer "" language:javascript",trybenode/trybemarket-web,https://github.com/trybenode/trybemarket-web,referralClient.js,lib/referralClient.js,https://github.com/trybenode/trybemarket-web/blob/c67c409dd6b106be3b9f0c3f238e0485f395cbdf/lib/referralClient.js,42cf57f02cf09616952b7b48bc0ec598b5eea688
Bearer Token,"""Bearer "" language:javascript",p34eu/ai-multi-model-chat,https://github.com/p34eu/ai-multi-model-chat,chat.js,src/routes/chat.js,https://github.com/p34eu/ai-multi-model-chat/blob/5e702dd4a9bb4eee57e5e865f96909abaec1931b/src/routes/chat.js,7f6c5f8fefc1b8c4d93fcbc60b882938baa143fc
Bearer Token,"""Bearer "" language:javascript",godssun/MinRaise,https://github.com/godssun/MinRaise,Login.js,frontend/src/User/Login.js,https://github.com/godssun/MinRaise/blob/18fdeeab5456116c291c1b5f9d5d410ecd26c6fa/frontend/src/User/Login.js,7c9ca5de6b749dd8f0c7b6719d3d33cffbe6e396
Bearer Token,"""Bearer "" language:javascript",strivehardest/celestial-web-solutions,https://github.com/strivehardest/celestial-web-solutions,celestial-ai.js,pages/api/celestial-ai.js,https://github.com/strivehardest/celestial-web-solutions/blob/886819b1f4b9341dbfb69837abd3b723ec909511/pages/api/celestial-ai.js,0cea3eb0dd78ec21706050e7d904dac3ed64dba2
Bearer Token,"""Bearer "" language:javascript",4GeeksAcademy/MKBSP-Habit-Tracker,https://github.com/4GeeksAcademy/MKBSP-Habit-Tracker,useHabitsHooks.js,src/front/js/component/useHabitsHooks.js,https://github.com/4GeeksAcademy/MKBSP-Habit-Tracker/blob/ec024af81f9cd725430b352abbe1a66a9ff8b125/src/front/js/component/useHabitsHooks.js,b4646fb9d15d8bfc617cd79727930aa22f4edb1b
Bearer Token,"""Bearer "" language:javascript",MPS20251990/mclean-pool-services,https://github.com/MPS20251990/mclean-pool-services,approve-review.mjs,functions/approve-review.mjs,https://github.com/MPS20251990/mclean-pool-services/blob/16736daa136eb67c16b5711528bef3544ab1f4a9/functions/approve-review.mjs,9f10cda142356545ad062854981d8f875ba92158
Bearer Token,"""Bearer "" language:javascript",vinodchintu70/vignesh-bikes,https://github.com/vinodchintu70/vignesh-bikes,addBikes.js,server/addBikes.js,https://github.com/vinodchintu70/vignesh-bikes/blob/54f26038913a551f46fc9d9d468f9110ad1981b7/server/addBikes.js,102587ce280af08129ff2b78dec0cd2b924da0e8
Bearer Token,"""Bearer "" language:javascript",Kenenisaboru/Hospital-management-system,https://github.com/Kenenisaboru/Hospital-management-system,Appointment.jsx,src/components/Pages/Dashboard/Appointment/Appointment.jsx,https://github.com/Kenenisaboru/Hospital-management-system/blob/25fce4a98961ea28f926135d5a903e0f2579a8c6/src/components/Pages/Dashboard/Appointment/Appointment.jsx,f3a11c5701d4c83372e2a2ed46bc37cd43751269
Bearer Token,"""Bearer "" language:javascript",Maloke03/lekope-FIS,https://github.com/Maloke03/lekope-FIS,revenueService.js,src/services/revenueService.js,https://github.com/Maloke03/lekope-FIS/blob/9c33479ffe6ddcdd86f7fab3c88e3ae83fe286dd/src/services/revenueService.js,c8ac5d2e7e0b3f0b16a235eefb2ffbb7c1c59585
Bearer Token,"""Bearer "" language:javascript",sp-darshan/Resume-Ranker,https://github.com/sp-darshan/Resume-Ranker,Dashboard.jsx,client/src/pages/Dashboard.jsx,https://github.com/sp-darshan/Resume-Ranker/blob/785b0f6bc8b36c1b64a3460ef3a569c064be9018/client/src/pages/Dashboard.jsx,2cc4dac2eec56260ea6744b640e702f6a8ed3474
Bearer Token,"""Bearer "" language:javascript",KurubaSaikiran9014/Tasty-Kitchen-Swiggy-Zomato-clone-app,https://github.com/KurubaSaikiran9014/Tasty-Kitchen-Swiggy-Zomato-clone-app,index.js,src/components/RestaurantDetails/index.js,https://github.com/KurubaSaikiran9014/Tasty-Kitchen-Swiggy-Zomato-clone-app/blob/2d5998180ff9cd98c0bc48b4be86273f8f7680a9/src/components/RestaurantDetails/index.js,c3eb2908fba85548466d170e06a698b3100443ec
Bearer Token,"""Bearer "" language:javascript",parthnegi21/Friendconnect,https://github.com/parthnegi21/Friendconnect,Search.jsx,frontend/X/src/pages/Search.jsx,https://github.com/parthnegi21/Friendconnect/blob/96ea1d5aa763cd30a152320df1d34eeee293c098/frontend/X/src/pages/Search.jsx,d6f3072277ecdc50c396dbe71f80433385fda152
Bearer Token,"""Bearer "" language:javascript",baont182004/single-page-application,https://github.com/baont182004/single-page-application,AdminUsers.jsx,frontend/src/pages/admin/AdminUsers.jsx,https://github.com/baont182004/single-page-application/blob/dbc2bd1726aa8415cbe6bfce22d629e73e608346/frontend/src/pages/admin/AdminUsers.jsx,e3d4c56f979518ac0cddd57334ca61cbe9212b16
Bearer Token,"""Bearer "" language:javascript",aazankp/react-laravel-fullstack-crud,https://github.com/aazankp/react-laravel-fullstack-crud,ModulePermissions.jsx,frontend/src/pages/Users/ModulePermissions.jsx,https://github.com/aazankp/react-laravel-fullstack-crud/blob/debdfbcabc5edf4c950d96a8ea664ebb77d54ac5/frontend/src/pages/Users/ModulePermissions.jsx,2bdf816cb559ae020d5223249d10586f6ec27b5d
Bearer Token,"""Bearer "" language:javascript",Anandhu-vijayan/NodeJs-Realtime-chat-application,https://github.com/Anandhu-vijayan/NodeJs-Realtime-chat-application,Home.js,src/components/Home.js,https://github.com/Anandhu-vijayan/NodeJs-Realtime-chat-application/blob/65b79e4dc2cf976791200f3dedfdbfe6cd03cedc/src/components/Home.js,dcc30bebb4b993d95f35569fd1ead5073dc9b8ed
Bearer Token,"""Bearer "" language:javascript",iqbalmudzakky/gamehub-insight,https://github.com/iqbalmudzakky/gamehub-insight,gameSlice.js,client/src/redux/slices/gameSlice.js,https://github.com/iqbalmudzakky/gamehub-insight/blob/c645d2818a274f4d74f847a195ff10fa375736fb/client/src/redux/slices/gameSlice.js,2726afad0d13acbedba41015d21edb9db4155fa0
Bearer Token,"""Bearer "" language:javascript",sachita7/plant.js,https://github.com/sachita7/plant.js,auth.js,plant-shop/backend/middleware/auth.js,https://github.com/sachita7/plant.js/blob/91292e83a859c515e9d67f00af497b3817e90d69/plant-shop/backend/middleware/auth.js,334d7efc984bbb7373dc9d85e4ec5468961b3d0b
Bearer Token,"""Bearer "" language:javascript",DilipSuthar-infusion/school,https://github.com/DilipSuthar-infusion/school,useFeeAssignApi.js,frontend/src/hooks/useFeeAssignApi.js,https://github.com/DilipSuthar-infusion/school/blob/9a945defdf0af9bdc79b560dd1c07c2b552bb0b3/frontend/src/hooks/useFeeAssignApi.js,b95b7a58590867860694be643f057fc52f680956
Bearer Token,"""Bearer "" language:javascript",satyakarthikeya/link_local_B2B,https://github.com/satyakarthikeya/link_local_B2B,api.js,src/utils/api.js,https://github.com/satyakarthikeya/link_local_B2B/blob/b43c7aa4cd27683e9d50c4b6334cfff58820eabe/src/utils/api.js,52cc7976efbe757a157975925d8b6e037e896a5e
Bearer Token,"""Bearer "" language:javascript",aporquis/BasilandByte,https://github.com/aporquis/BasilandByte,Dashboard.js,frontend/src/Dashboard.js,https://github.com/aporquis/BasilandByte/blob/0b81c7b83b0c95a83c78261c08712727fb420007/frontend/src/Dashboard.js,afcd339724cf088c3db3576ba45587af56ad2c9d
Bearer Token,"""Bearer "" language:javascript",Underwater008/Underwater008.github.io,https://github.com/Underwater008/Underwater008.github.io,envelope.js,fu/envelope.js,https://github.com/Underwater008/Underwater008.github.io/blob/91176a3fa991170a1cf4110849706c0bd18ec6ec/fu/envelope.js,109447754d45d6ece0889ed8cd8b5af4245cd7e1
Bearer Token,"""Bearer "" language:javascript",Izazkhan8293-dev/newroyalele,https://github.com/Izazkhan8293-dev/newroyalele,auth.js,api/auth.js,https://github.com/Izazkhan8293-dev/newroyalele/blob/d8f021b221fa8b721a32950f655d0ab23c0a8782/api/auth.js,032f62bc7a894ad0346f9b53aa0fb26c033b05f2
Bearer Token,"""Bearer "" language:javascript",7ossam26/tawsel-routing,https://github.com/7ossam26/tawsel-routing,provisioning-local-setup.mjs,scripts/provisioning-local-setup.mjs,https://github.com/7ossam26/tawsel-routing/blob/bbc977b6662a9093eabd0039661f4992a0e5f292/scripts/provisioning-local-setup.mjs,7e6d21f57b2f73b34f6fabf78711e09fd1125282
Bearer Token,"""Bearer "" language:javascript",ASamX/SuppChain,https://github.com/ASamX/SuppChain,ChildCategoriesCardTwo.jsx,Front-End/src/Garbage/ChildCategoriesCardTwo.jsx,https://github.com/ASamX/SuppChain/blob/31b88d09e6c85c3994d212e0b45739cf798abbf8/Front-End/src/Garbage/ChildCategoriesCardTwo.jsx,35f7b9df80aed8a99d9657021ec0a982a0e4aaa7
Bearer Token,"""Bearer "" language:javascript",nixrdev/dtix,https://github.com/nixrdev/dtix,NFTPurchaseForm.jsx,Frontend_ticketing/src/components/NFTPurchaseForm.jsx,https://github.com/nixrdev/dtix/blob/d1c2615a03d8398a9f3424b061537321bf35f70e/Frontend_ticketing/src/components/NFTPurchaseForm.jsx,87fd952a76712b8e94be6a33dd2b7a084027d5c1
Bearer Token,"""Bearer "" language:javascript",bassmabenamar/projet_de_stage,https://github.com/bassmabenamar/projet_de_stage,ModifierFiliere.jsx,front-end/src/ModifierFiliere.jsx,https://github.com/bassmabenamar/projet_de_stage/blob/f7089c93305860a5dc25bd82a7b8d178e8d32aaf/front-end/src/ModifierFiliere.jsx,bb9b850de513363ebcf1ec90329412501189776e
Bearer Token,"""Bearer "" language:javascript",Janeed/10x-NOSACZ,https://github.com/Janeed/10x-NOSACZ,monthlyExecutionLogsApiTest.js,scripts/monthlyExecutionLogsApiTest.js,https://github.com/Janeed/10x-NOSACZ/blob/e4c6fd8257cf5d8c53412bb1454518dcb674e923/scripts/monthlyExecutionLogsApiTest.js,e7f7b63573d5f183471b6bce53788e5e5fb61362
Bearer Token,"""Bearer "" language:javascript",Abdulwahabb99/Homix-system,https://github.com/Abdulwahabb99/Homix-system,ProductDetails.jsx,src/layouts/Products/components/ProductDetails.jsx,https://github.com/Abdulwahabb99/Homix-system/blob/8ae7ec5b86878b4c5ebaba8534ae12bb9253517d/src/layouts/Products/components/ProductDetails.jsx,573cce2ca0b735332dfbef062325e534f179df58
Bearer Token,"""Bearer "" language:javascript",Magnus01/edTest,https://github.com/Magnus01/edTest,classroom.js,src/actions/classroom.js,https://github.com/Magnus01/edTest/blob/08ae829a0f52584afbe8faaa258bec7483095034/src/actions/classroom.js,64b5b7004c485a744a3e96659d87ae3c28c0dc80
Bearer Token,"""Bearer "" language:javascript",hema1702/hema1702,https://github.com/hema1702/hema1702,ClientPhotoUpload.js,src/Components/Ops/ClientPhotoUpload.js,https://github.com/hema1702/hema1702/blob/24e11cd3c1f45595cc376ad83787190d63278bfe/src/Components/Ops/ClientPhotoUpload.js,28bac697f81b96525cb0a83e4ca99eccd21531c5
Bearer Token,"""Bearer "" language:javascript",Sawera-Malik/Aura-Horology,https://github.com/Sawera-Malik/Aura-Horology,CheckoutForm.js,frontend/src/stripe/CheckoutForm.js,https://github.com/Sawera-Malik/Aura-Horology/blob/ba4a16819a809ce65b3595ecb578e16c4afc5077/frontend/src/stripe/CheckoutForm.js,54d1a12bde16c06a024506d00c4562d51d84b25a
Bearer Token,"""Bearer "" language:javascript",Gigitise/freelancer-frontend,https://github.com/Gigitise/freelancer-frontend,UpdateModal.jsx,src/pages/BiddingModal/UpdateModal.jsx,https://github.com/Gigitise/freelancer-frontend/blob/746314abec4e1c0e5f3262f7e59e8c0fa7d069e8/src/pages/BiddingModal/UpdateModal.jsx,7dc881029365893681086d17e6bad5cff3f71b63
Bearer Token,"""Bearer "" language:javascript",kirtan1232/Anna-Frontend,https://github.com/kirtan1232/Anna-Frontend,aboutus.jsx,src/core/public/aboutus.jsx,https://github.com/kirtan1232/Anna-Frontend/blob/aa99342e6e30038f456c77f8a1eda72b0a1d4c00/src/core/public/aboutus.jsx,6b9719aaee0f95a54c400cdbd4056eca42600a99
Bearer Token,"""Bearer "" language:javascript",maneesht/fireboxd,https://github.com/maneesht/fireboxd,service-worker.js,public/service-worker.js,https://github.com/maneesht/fireboxd/blob/47d5cd176d69be62f47ae7186bbb81fafbeccc1e/public/service-worker.js,814f906498ab53909d1b32347a552f727c0892b7
Bearer Token,"""Bearer "" language:javascript",saurabhsareecenter-maker/saurabh-saree-centre-website,https://github.com/saurabhsareecenter-maker/saurabh-saree-centre-website,AdminSettingsPage.jsx,src/pages/admin/AdminSettingsPage.jsx,https://github.com/saurabhsareecenter-maker/saurabh-saree-centre-website/blob/2402b1417ff2fb73d5b9f86708ffe285094c2d61/src/pages/admin/AdminSettingsPage.jsx,3f6480fefc77cf1c12be27de9cd8f449bcc51953
Bearer Token,"""Bearer "" language:javascript",daccuong-uit-personal/DocuFlow,https://github.com/daccuong-uit-personal/DocuFlow,UserCreatePage.jsx,frontend/src/pages/Users/UserCreatePage.jsx,https://github.com/daccuong-uit-personal/DocuFlow/blob/cd9007a33481b2a9684706b7a0f208e7a7ac587e/frontend/src/pages/Users/UserCreatePage.jsx,d7256e5547c733ec97881674e28b803e8fd0c341
Bearer Token,"""Bearer "" language:javascript",varun9525/OdooXParul-final,https://github.com/varun9525/OdooXParul-final,agentChat.js,backend/src/routes/agentChat.js,https://github.com/varun9525/OdooXParul-final/blob/fbce7a61ee35800a6d1fe6b88a3ebf6be3a684d7/backend/src/routes/agentChat.js,15808d9b1e03d672bc7d44d56569fdae20664ef4
Bearer Token,"""Bearer "" language:javascript",Sertoriel/Portifolandpage,https://github.com/Sertoriel/Portifolandpage,BlogPostView.jsx,frontend/src/Pages/BlogPostView.jsx,https://github.com/Sertoriel/Portifolandpage/blob/4c650a063565d662d49a3161e5d3f0c220f8efbd/frontend/src/Pages/BlogPostView.jsx,df9e36cc58a64da73d9a4e9351fdbe11631c2401
Bearer Token,"""Bearer "" language:javascript",DiegoFlamenco123/frontendSoftware,https://github.com/DiegoFlamenco123/frontendSoftware,createLocation.jsx,src/components/locationCreation/createLocation.jsx,https://github.com/DiegoFlamenco123/frontendSoftware/blob/dee8ae05d2610129898a9dee27b13c5f6b2e962d/src/components/locationCreation/createLocation.jsx,dcb7c28777cc085465de543175952c6d9669638c
Bearer Token,"""Bearer "" language:javascript",irfahadi/irfahadi-e-commerce-batch7-v2-frontend,https://github.com/irfahadi/irfahadi-e-commerce-batch7-v2-frontend,DashboardUserAccount.js,src/pages/home/DashboardUserAccount.js,https://github.com/irfahadi/irfahadi-e-commerce-batch7-v2-frontend/blob/174a243a8895a5c3f1bfa6355290c4e71e1f1526/src/pages/home/DashboardUserAccount.js,e94f49bcb3ed20258016a667ba1158995c23ad60
Bearer Token,"""Bearer "" language:javascript",AryanSachan12/Tripmate,https://github.com/AryanSachan12/Tripmate,route.js,frontend/src/app/api/trips/[tripId]/itinerary/route.js,https://github.com/AryanSachan12/Tripmate/blob/ed7c6836685aadbe0bf90e03e68307aa71ab9a99/frontend/src/app/api/trips/[tripId]/itinerary/route.js,909367901259f6be00e83bfb71175282780605a7
Bearer Token,"""Bearer "" language:javascript",blue-0651/ASLHoldem_web,https://github.com/blue-0651/ASLHoldem_web,QRCode.jsx,frontend-v1/src/mobile/pages/user/QRCode.jsx,https://github.com/blue-0651/ASLHoldem_web/blob/38862ce072ceca0061e86eaba932079768e16249/frontend-v1/src/mobile/pages/user/QRCode.jsx,08c0558bb7a52ba48083862ce440a59d08fb9b0e
Bearer Token,"""Bearer "" language:javascript",joydey100/medisync,https://github.com/joydey100/medisync,MyProfile.jsx,frontend/src/pages/MyProfile.jsx,https://github.com/joydey100/medisync/blob/53182b16d65b90acfcbb0f5d1a07c5102469ed6c/frontend/src/pages/MyProfile.jsx,664e11947184bd944a0807a32582d6b31f0cb588
Bearer Token,"""Bearer "" language:javascript",edpaget/rdm,https://github.com/edpaget/rdm,codex-process.mjs,rdm-core/src/templates/codex-runtime/lib/codex-process.mjs,https://github.com/edpaget/rdm/blob/0ed6cd4cdbf50b10df634a5e9b578429946c7576/rdm-core/src/templates/codex-runtime/lib/codex-process.mjs,d3fce4d1724d652cb34685e544854c0971a8a65d
Bearer Token,"""Bearer "" language:javascript",Chemistry2i/Peculiar-School-Management-System,https://github.com/Chemistry2i/Peculiar-School-Management-System,Grades.jsx,frontend/src/dashboards/student/Pages/Grades.jsx,https://github.com/Chemistry2i/Peculiar-School-Management-System/blob/7cb173a4b3eee3521d9105e6c6d3970fffdef060/frontend/src/dashboards/student/Pages/Grades.jsx,9530dabfe757498233aa6b4c4f8639d06d915c45
Bearer Token,"""Bearer "" language:javascript",HOSTSERVERDOBRASIL/log_atlas,https://github.com/HOSTSERVERDOBRASIL/log_atlas,exemplo-uso-lista-link.js,backend/examples/exemplo-uso-lista-link.js,https://github.com/HOSTSERVERDOBRASIL/log_atlas/blob/4ebd28bf5d76c4d1c10a967cf066797595c5a960/backend/examples/exemplo-uso-lista-link.js,22871f75b8935fbae07c89213f0548f73b1444b8
Bearer Token,"""Bearer "" language:javascript",KaanSacma/Area,https://github.com/KaanSacma/Area,SearchAREAScreen.js,mobile/src/screens/SearchAREAScreen/SearchAREAScreen.js,https://github.com/KaanSacma/Area/blob/8a52fc1c20ee74622a016bb95687d97224d98a92/mobile/src/screens/SearchAREAScreen/SearchAREAScreen.js,f5769985e82bc53bdfdc7649d935e2069c8dc533
Bearer Token,"""Bearer "" language:javascript",DiegoFlamenco123/ultimaPruebaSoftware,https://github.com/DiegoFlamenco123/ultimaPruebaSoftware,createLocation.jsx,src/components/locationCreation/createLocation.jsx,https://github.com/DiegoFlamenco123/ultimaPruebaSoftware/blob/4aa603f408cd1509e521133a6d8e0bafeab53cad/src/components/locationCreation/createLocation.jsx,dcb7c28777cc085465de543175952c6d9669638c
Bearer Token,"""Bearer "" language:javascript",danielmr28/PagSoftware,https://github.com/danielmr28/PagSoftware,createLocation.jsx,src/components/locationCreation/createLocation.jsx,https://github.com/danielmr28/PagSoftware/blob/07adac38ff07747b25e1d928122cd2ca462d121e/src/components/locationCreation/createLocation.jsx,dcb7c28777cc085465de543175952c6d9669638c
Bearer Token,"""Bearer "" language:javascript",DavidChatmanIV/skyrio,https://github.com/DavidChatmanIV/skyrio,Liteapiflights.controller.js,backend/routes/api/flights/Liteapiflights.controller.js,https://github.com/DavidChatmanIV/skyrio/blob/2df14a9f55cc14a690cfbc4a1b633b1a91c5915f/backend/routes/api/flights/Liteapiflights.controller.js,7368a9aa3d17cf7581af569e5beffbf1d95701e4
Bearer Token,"""Bearer "" language:javascript",hyper63/google-auth-demo,https://github.com/hyper63/google-auth-demo,verify.js,api/verify.js,https://github.com/hyper63/google-auth-demo/blob/b8ada05a4acea18f55d4a57d858422ee87abb718/api/verify.js,62917250045ca39b05d04ee4d6fc3bacd284d4b1
Bearer Token,"""Bearer "" language:javascript",santimiranda791/Night-,https://github.com/santimiranda791/Night-,UserProfile.jsx,NightPlus/src/assets/Components/UserProfile/UserProfile.jsx,https://github.com/santimiranda791/Night-/blob/f8a2fa32d9f3ff46ccd0135f2c08a56f38253124/NightPlus/src/assets/Components/UserProfile/UserProfile.jsx,2d5b4048fbda39834c3009fdc29f0fb1d5f55d04
Bearer Token,"""Bearer "" language:javascript",tuandh111/GraduationThesisFE,https://github.com/tuandh111/GraduationThesisFE,adminDoctorScheduleController_20240620095531.js,.history/assets/js/app/adminDoctorScheduleController_20240620095531.js,https://github.com/tuandh111/GraduationThesisFE/blob/0f281906d0866772899b5232e78dc69880e38eb7/.history/assets/js/app/adminDoctorScheduleController_20240620095531.js,650e6ecac97c1fe02e374662c87c5b5e91c82179
Bearer Token,"""Bearer "" language:javascript",ianbazan/AppPeliculas,https://github.com/ianbazan/AppPeliculas,App.js,src/App.js,https://github.com/ianbazan/AppPeliculas/blob/a1ad791452a84920f34038cbcb597f45becd6047/src/App.js,fc56cda435e39bf0d313c46c503d29d9da429c22
Bearer Token,"""Bearer "" language:javascript",Nikhil-1075/1CD23CS107,https://github.com/Nikhil-1075/1CD23CS107,server.js,notification-app-be/server.js,https://github.com/Nikhil-1075/1CD23CS107/blob/56fff2a114d82e1268450c840547cdb9015f89c3/notification-app-be/server.js,d18658c54eb30332f96adbeaac88b8bce8abc5de
Bearer Token,"""Bearer "" language:javascript",runeunhjem/07-ru-project-exam-1-chefs-table,https://github.com/runeunhjem/07-ru-project-exam-1-chefs-table,add-comment_20230510124259.js,.history/js/add-comment_20230510124259.js,https://github.com/runeunhjem/07-ru-project-exam-1-chefs-table/blob/f970c25055839abf62aa5e727e6d724c388d77d7/.history/js/add-comment_20230510124259.js,65ed1a8b5688a0363869f726a04f39403699afd2
Bearer Token,"""Bearer "" language:javascript",Ezdeen/Eco,https://github.com/Ezdeen/Eco,n8n-water-meter-hash-function.js,scripts/n8n-water-meter-hash-function.js,https://github.com/Ezdeen/Eco/blob/0de52dbfbc79bb4ee60ea09aa3a609deb4d613af/scripts/n8n-water-meter-hash-function.js,dee313eb81fe8acb95666bf0c012c1720c8404b3
Bearer Token,"""Bearer "" language:javascript",Hamzeh-Alafaghni/cloudvault-devops,https://github.com/Hamzeh-Alafaghni/cloudvault-devops,auth.test.js,services/gateway/test/auth.test.js,https://github.com/Hamzeh-Alafaghni/cloudvault-devops/blob/58d401bdb5e3742f5f83077d28253f253abcbaea/services/gateway/test/auth.test.js,12cb263ba6bc2728416653f6cd24f422e6a8962a
Bearer Token,"""Bearer "" language:javascript",AtharFazli/green-tech-procurement,https://github.com/AtharFazli/green-tech-procurement,RFPController.test.js,tests/controllers/RFPController.test.js,https://github.com/AtharFazli/green-tech-procurement/blob/0c61c564528e275d6fe866070a2b2326e63831e6/tests/controllers/RFPController.test.js,9c61fc24cc7fdcaa39a9dc3e1ae000df75e03100
Bearer Token,"""Bearer "" language:javascript",Micah-L18/Volleyball-Team-Tracking,https://github.com/Micah-L18/Volleyball-Team-Tracking,phase2-auth.test.js,tests/phase2-auth.test.js,https://github.com/Micah-L18/Volleyball-Team-Tracking/blob/0af5814e21bad86a37c23eeda2f6e1a6dca6f069/tests/phase2-auth.test.js,657db7ddfd78110a5e33968eea260ee4f2ced7e3
Bearer Token,"""Bearer "" language:javascript",forwardoperation/SeaPals,https://github.com/forwardoperation/SeaPals,integration.test.mjs,src/lib/manufacturing/integration.test.mjs,https://github.com/forwardoperation/SeaPals/blob/314207edc2f61689ab1935fa1c835b2af528bfc4/src/lib/manufacturing/integration.test.mjs,f4b2f1401ce8f1482980225cf75e6e630a6ba1fc
Bearer Token,"""Bearer "" language:javascript",HiruniPramodini/EVNexus,https://github.com/HiruniPramodini/EVNexus,test_wallet.js,Frontend/scratch/test_wallet.js,https://github.com/HiruniPramodini/EVNexus/blob/89cebbc1fa9fb05d709397fd8a55d201b804570e/Frontend/scratch/test_wallet.js,ce18104d7001cec92c4dcdc9b1f16ef2896da95d
Bearer Token,"""Bearer "" language:javascript",JavierPadronGarcia/MetaHospitalFP,https://github.com/JavierPadronGarcia/MetaHospitalFP,courses.service.test.js,frontend/src/services/tests/courses.service.test.js,https://github.com/JavierPadronGarcia/MetaHospitalFP/blob/8d629c6932603708c692c84a5a2a14911184e966/frontend/src/services/tests/courses.service.test.js,c15a9f0278bba73d2aa509bc125531a5c71a8667
Bearer Token,"""Bearer "" language:javascript",kyky2347/ALTA,https://github.com/kyky2347/ALTA,provider-request.mjs,alta-src/provider-request.mjs,https://github.com/kyky2347/ALTA/blob/68c31c4b713335eb7f68892f3c90699f52c03502/alta-src/provider-request.mjs,91a32b5ae70c7f4809b6ee05d79353d332f16d67
Bearer Token,"""Bearer "" language:javascript",Rito-w/skills-manager,https://github.com/Rito-w/skills-manager,translate-skills.mjs,scripts/translate-skills.mjs,https://github.com/Rito-w/skills-manager/blob/aa155f62e5e6cf82ebe53bfbe6f5b73e1443c86f/scripts/translate-skills.mjs,692c626843494361ca2e11b582811458d6e19734
Bearer Token,"""Bearer "" language:javascript",ANSHU-Ireland/CPF-3.0,https://github.com/ANSHU-Ireland/CPF-3.0,profile-read.js,tools/load/profile-read.js,https://github.com/ANSHU-Ireland/CPF-3.0/blob/b9d1ab5e80af078874bb664edca60872951f261f/tools/load/profile-read.js,ff64d43a5abc51a09ae5bdf8f231c63d2201c3d2
Bearer Token,"""Bearer "" language:javascript",marcgrioche/Gintra,https://github.com/marcgrioche/Gintra,background.js,background.js,https://github.com/marcgrioche/Gintra/blob/fce6538211ff53bfd2647e8ed6ae6dff267728f1/background.js,e3e414c146fccc1dd0e500322ab11a0bcebe07e3
Bearer Token,"""Bearer "" language:javascript",Dardcor/Dardcor-Code,https://github.com/Dardcor/Dardcor-Code,_base.js,.dardcor-router/open-sse/handlers/embeddingProviders/_base.js,https://github.com/Dardcor/Dardcor-Code/blob/07b6e530823444ac52cc49b62b9832e58a23e319/.dardcor-router/open-sse/handlers/embeddingProviders/_base.js,2a8f3998bf6ca4d02e4521d5cc88d51ad08559ab
Bearer Token,"""Bearer "" language:javascript",akinolablessing/software-engineer_application_frontend,https://github.com/akinolablessing/software-engineer_application_frontend,api.js,src/services/api.js,https://github.com/akinolablessing/software-engineer_application_frontend/blob/0a768d0db7bc2fa2b3c33598235203be5cc63793/src/services/api.js,fd8a08ae574c10d38b208c600ad4a838088aeafb
Bearer Token,"""Bearer "" language:javascript",encodey-dev/mobile-ticketing-app,https://github.com/encodey-dev/mobile-ticketing-app,getToken.js,src/core/getToken.js,https://github.com/encodey-dev/mobile-ticketing-app/blob/28120920f17766927a6d6122e5901b055b6b94c0/src/core/getToken.js,80c9a804f9c1343d46397628088628e4e7ca057a
Bearer Token,"""Bearer "" language:javascript",CROES-EN/EnQuoteBuild-StandAlone,https://github.com/CROES-EN/EnQuoteBuild-StandAlone,index.js,src/index.js,https://github.com/CROES-EN/EnQuoteBuild-StandAlone/blob/13e825c1b1c331e9375833ded97608e6b1840a32/src/index.js,275e6796580d8ef4cafc524c88f06a621c496eed
Bearer Token,"""Bearer "" language:javascript",harchun/ktv-management,https://github.com/harchun/ktv-management,api.js,client/src/utils/api.js,https://github.com/harchun/ktv-management/blob/92e02ad51b046f13c2d143d767651816b2da3909/client/src/utils/api.js,f8a96fb18949456e33c0411fe762b2eecc73981b
Bearer Token,"""Bearer "" language:javascript",joshgreenman1973/rotor-motion,https://github.com/joshgreenman1973/rotor-motion,loop.mjs,recorder/loop.mjs,https://github.com/joshgreenman1973/rotor-motion/blob/5291bb0874ad6bb2e2e7240773da262ce2328931/recorder/loop.mjs,c304fdf5bcdb5bbc76e7a22fc52c4a369f7cb416
Bearer Token,"""Bearer "" language:javascript",ramithhabeeb/Fleet,https://github.com/ramithhabeeb/Fleet,adminBookingStore.js,Frontend/store/adminBookingStore.js,https://github.com/ramithhabeeb/Fleet/blob/fa8332de7eec095c3225c85e190d272a4f20772a/Frontend/store/adminBookingStore.js,8cde67ffb0052ea3a188a324b434344be4e66849
Bearer Token,"""Bearer "" language:javascript",pahulgogna/medscribe-2,https://github.com/pahulgogna/medscribe-2,create-report.js,FrontEnd/create-report.js,https://github.com/pahulgogna/medscribe-2/blob/b5fee6899752413c5d3564a0ebdb9eddf7bf936a/FrontEnd/create-report.js,3b0ce1a66b6ff0c73e690a726ef00af57bee45a2
Bearer Token,"""Bearer "" language:javascript",FEBE-34/FE-10-project-akhir-skilvul,https://github.com/FEBE-34/FE-10-project-akhir-skilvul,Program.js,src/components/Program.js,https://github.com/FEBE-34/FE-10-project-akhir-skilvul/blob/d0cd5eae678537a300ba181d2298a0bb89411891/src/components/Program.js,6b029f8f674f8a59dd118bd3a323a8ecc84c9bc8
Bearer Token,"""Bearer "" language:javascript",captainDark0077/Learning_Backend,https://github.com/captainDark0077/Learning_Backend,Auth.js,AuthApp/middleWare/Auth.js,https://github.com/captainDark0077/Learning_Backend/blob/c90a95462e7b3a3341f6649a250b7a00dfa7c910/AuthApp/middleWare/Auth.js,18fddc088fa95bfbe07c654df2e98812139e4b33
Bearer Token,"""Bearer "" language:javascript",dariamelinte/TW-PROJECT,https://github.com/dariamelinte/TW-PROJECT,deleteSleepingEvent.js,frontend/api/sleeping/deleteSleepingEvent.js,https://github.com/dariamelinte/TW-PROJECT/blob/c116f58443652a12b33de74da59de4a00feff365/frontend/api/sleeping/deleteSleepingEvent.js,8b008e5ec7e72a494c2891157e12f060edb7aebb
Bearer Token,"""Bearer "" language:javascript",isha-web1/FlavorHub,https://github.com/isha-web1/FlavorHub,useAxiosSecure.jsx,src/Hooks/useAxiosSecure.jsx,https://github.com/isha-web1/FlavorHub/blob/7fc9a5a130ce6be16bd581b4085e548f06bc65f0/src/Hooks/useAxiosSecure.jsx,9c24d11d60b77f6fdcece6ff2053a99e73a163ce
Bearer Token,"""Bearer "" language:javascript",rikkriuk/fe-dashboard-minimalist-landing-page,https://github.com/rikkriuk/fe-dashboard-minimalist-landing-page,userSlice.js,src/redux/slices/userSlice.js,https://github.com/rikkriuk/fe-dashboard-minimalist-landing-page/blob/cfb03366218ee1a374941520c6f3c51ff530378a/src/redux/slices/userSlice.js,dade4f233a41dfd3ca5624559e84ac1815fdb57c
Bearer Token,"""Bearer "" language:javascript",Waleedalharb/ambulance-system,https://github.com/Waleedalharb/ambulance-system,perf-prod-snapshot.js,scripts/perf-prod-snapshot.js,https://github.com/Waleedalharb/ambulance-system/blob/b745f20ad3c2540bed05da40d25ef1a245e0e167/scripts/perf-prod-snapshot.js,d668dff53b76b4d1293e21f7dcf8244add3c59ff
Bearer Token,"""Bearer "" language:javascript",qishilong/notes,https://github.com/qishilong/notes,user.js,interview/29. egg/frontend-egg/1-14. egg-session/app/service/user.js,https://github.com/qishilong/notes/blob/31e38081677c36784947eacbb507b0bb22c283d0/interview/29. egg/frontend-egg/1-14. egg-session/app/service/user.js,c2b48df945cddb580d59d4903f2e158edb5f2768
Bearer Token,"""Bearer "" language:javascript",NirjharSingha/TravelApp,https://github.com/NirjharSingha/TravelApp,page.js,client/app/admin/hotels/page.js,https://github.com/NirjharSingha/TravelApp/blob/6b890cf820cf80266a7fc4cf33adfc920a9bfa35/client/app/admin/hotels/page.js,80d8f5374b7ea8393afb13d8941f5171448e717e
Bearer Token,"""Bearer "" language:javascript",danhporo333/Face_id-alone,https://github.com/danhporo333/Face_id-alone,axios.customize.js,src/services/axios.customize.js,https://github.com/danhporo333/Face_id-alone/blob/196c6ff32bf4760c041d7b46b2db89818b4b9aa4/src/services/axios.customize.js,7bcb5c03248ac50d0f50ce6337357d88798be712
Bearer Token,"""Bearer "" language:javascript",alexander-john/polling-app,https://github.com/alexander-john/polling-app,axiosInstance.js,client/src/utils/axiosInstance.js,https://github.com/alexander-john/polling-app/blob/74a36877c6dac8f0f3f3eb592532eb73dc8820f6/client/src/utils/axiosInstance.js,b359c06d0e4a56874395d26a9a5b9b726916980f
Bearer Token,"""Bearer "" language:javascript",lostfnm/whereabouts-trmnl,https://github.com/lostfnm/whereabouts-trmnl,auth.middleware.js,src/middleware/auth.middleware.js,https://github.com/lostfnm/whereabouts-trmnl/blob/3c019e9f1f1e331b26c83a8c4f64de1d69b6cd95/src/middleware/auth.middleware.js,fc99ab0004d5cd046c62013fb622e28130a6b147
Bearer Token,"""Bearer "" language:javascript",lakshaykakkar/CMF_AAI,https://github.com/lakshaykakkar/CMF_AAI,AuthContext.jsx,client/src/context/AuthContext.jsx,https://github.com/lakshaykakkar/CMF_AAI/blob/e59293212db411614231bc14c1e3f3c70474185c/client/src/context/AuthContext.jsx,5c731cb3f8bdadb3c04519c4c2e165b3a1e34206
Bearer Token,"""Bearer "" language:javascript",samarth-bhalala/Regional-Airline,https://github.com/samarth-bhalala/Regional-Airline,OpenAIProvider.js,server/services/ai/OpenAIProvider.js,https://github.com/samarth-bhalala/Regional-Airline/blob/607b0900c79b4762e64da8dc3ff38eee1c42b377/server/services/ai/OpenAIProvider.js,e16e578a2e06d99eaa3f12a1d9a2db4eebdd003e
Bearer Token,"""Bearer "" language:javascript",Kashyap234/ACH-project,https://github.com/Kashyap234/ACH-project,AuthContext.jsx,frontend/src/context/AuthContext.jsx,https://github.com/Kashyap234/ACH-project/blob/f877e9fa4677fa8a87a1a674725440ed4a7e7abc/frontend/src/context/AuthContext.jsx,ab6fdabc62c60abac49d44f50c54341fd69b5e2c
Bearer Token,"""Bearer "" language:javascript",Akar1881/Mineshell,https://github.com/Akar1881/Mineshell,AuthContext.jsx,frontend/src/contexts/AuthContext.jsx,https://github.com/Akar1881/Mineshell/blob/1c6083c1472230c3f0fb67087a7a07a38f6cf364/frontend/src/contexts/AuthContext.jsx,d9d476ece892af6f7691948a4a452c481b3eedba
Bearer Token,"""Bearer "" language:javascript",daintegriit/Dshield-Honeypot-Analyzer-using-deterministic-LLM,https://github.com/daintegriit/Dshield-Honeypot-Analyzer-using-deterministic-LLM,ingestController.js,backend/controllers/ingestController.js,https://github.com/daintegriit/Dshield-Honeypot-Analyzer-using-deterministic-LLM/blob/4436cbc8a362de170911224c8202fb923f293ac8/backend/controllers/ingestController.js,a9ccf424c2172182c09ebb7fb7323b1e2a083458
Bearer Token,"""Bearer "" language:javascript",achilles157/lazyrouter,https://github.com/achilles157/lazyrouter,autoclawRewards.js,open-sse/services/autoclawRewards.js,https://github.com/achilles157/lazyrouter/blob/4707221acef7ad3d3c3507834bebcf90bef36f96/open-sse/services/autoclawRewards.js,9b0d28bac17c20f3f2b616a3745a302c87875c80
Bearer Token,"""Bearer "" language:javascript",sjoshua06/SupplyShield,https://github.com/sjoshua06/SupplyShield,ExportButton.jsx,frontend/src/components/ExportButton.jsx,https://github.com/sjoshua06/SupplyShield/blob/7262a637b66651ad02431f12808baef46f2db47d/frontend/src/components/ExportButton.jsx,b6512e0b4e19223adf8994c18c293b6fa7855960
Bearer Token,"""Bearer "" language:javascript",Gaboozc/ATHENEA,https://github.com/Gaboozc/ATHENEA,check-gateway.js,scripts/check-gateway.js,https://github.com/Gaboozc/ATHENEA/blob/30c57bc9d88ccbc79d1ae65f1f741915e798d408/scripts/check-gateway.js,a65090bac816dfeae3446563bce9a5cde2adfda6
Bearer Token,"""Bearer "" language:javascript",last2003/HrExamGui,https://github.com/last2003/HrExamGui,phs_capture_qx.js,phs_capture_qx.js,https://github.com/last2003/HrExamGui/blob/5495f07d0d0ffb52c98bd557474da6daa63677a2/phs_capture_qx.js,5f9e96ea56bedafd78eb72108576b2946356e5ed
Bearer Token,"""Bearer "" language:javascript",AbdelrahmanTarek790/Trucker-Final,https://github.com/AbdelrahmanTarek790/Trucker-Final,explore.jsx,src/Pages/explore.jsx,https://github.com/AbdelrahmanTarek790/Trucker-Final/blob/a80a45c87ecaaed3a623ffc4f371878bf82ad119/src/Pages/explore.jsx,5f5b7d1a5a877679c75d5576a1d9ff814a4140e4
Bearer Token,"""Bearer "" language:javascript",madhaligaze/exCRM-test,https://github.com/madhaligaze/exCRM-test,j18-modes.mjs,.e2e-journeys/j18-modes.mjs,https://github.com/madhaligaze/exCRM-test/blob/96282f00e676714cd1dad16728594c46a1f10d36/.e2e-journeys/j18-modes.mjs,4ffd47080227f1c5fc945032850b52e6697f094a
Bearer Token,"""Bearer "" language:javascript",sborjar/demo_callevo_node,https://github.com/sborjar/demo_callevo_node,post-filetemplate-json.js,src/filetemplates/post-filetemplate-json.js,https://github.com/sborjar/demo_callevo_node/blob/619ddba38a6b08699bcb5d6257a230572aa1b64e/src/filetemplates/post-filetemplate-json.js,5435d4c5132cfa51f65775cc1e1c9d68a15f1328
Bearer Token,"""Bearer "" language:javascript",Induranga-kawishwara/portfolio,https://github.com/Induranga-kawishwara/portfolio,script.js,assets/js/script.js,https://github.com/Induranga-kawishwara/portfolio/blob/6209494f1dc82abd7ac1333bd3df05c14d3b91fc/assets/js/script.js,da92cec2634bc5f8bf3b619991259a9ecfa269de
Bearer Token,"""Bearer "" language:javascript",aatifnehal786/nutrify,https://github.com/aatifnehal786/nutrify,Track.jsx,src/components/Track.jsx,https://github.com/aatifnehal786/nutrify/blob/df96be58ffe324858001c49a697b9460a68ba680/src/components/Track.jsx,e218d50efe4f86ad50043fa8c6d9692ef360012d
Bearer Token,"""Bearer "" language:javascript",narumiruna/herdr-web,https://github.com/narumiruna/herdr-web,smoke-bridge.mjs,apps/ios/scripts/smoke-bridge.mjs,https://github.com/narumiruna/herdr-web/blob/aa4e97b53ab80cfcc0102d981dd6d4bb1a984a66/apps/ios/scripts/smoke-bridge.mjs,0d446cad7bd5a8503fbf772acff3654acd040aa1
Bearer Token,"""Bearer "" language:javascript",abenezer-sisay/Lancers-Hub,https://github.com/abenezer-sisay/Lancers-Hub,Teams.jsx,Door/client/src/Pages/ManagerDashboard/Teams.jsx,https://github.com/abenezer-sisay/Lancers-Hub/blob/7323da97c847faaf4d03a35d63f8ab13cfd0250e/Door/client/src/Pages/ManagerDashboard/Teams.jsx,01ea1a5082b2c4bf3213486f392fe678962eb5bf
Bearer Token,"""Bearer "" language:javascript",softwarecomparereview/thaimassage4u,https://github.com/softwarecomparereview/thaimassage4u,backfill-images.mjs,scripts/backfill-images.mjs,https://github.com/softwarecomparereview/thaimassage4u/blob/a248a3559defc514ece9b072a88038e3167acc30/scripts/backfill-images.mjs,85cb3655d7051f38a63678f38e68669084510ce2
Bearer Token,"""Bearer "" language:javascript",ShahnawazSaddam16/Reelo-Frontend,https://github.com/ShahnawazSaddam16/Reelo-Frontend,AccountType.js,app/components/Settings/AccountType.js,https://github.com/ShahnawazSaddam16/Reelo-Frontend/blob/b46af06642362e03cc1aea440fae1bac4c4dc3a2/app/components/Settings/AccountType.js,37d9240d15d4e44d589f0829016ceee4369ca063
Bearer Token,"""Bearer "" language:javascript",luckaruto/adverMap-officer,https://github.com/luckaruto/adverMap-officer,ReportService.jsx,advermap-ui/src/services/report/ReportService.jsx,https://github.com/luckaruto/adverMap-officer/blob/ac6d0fc148be3b3211c99e5fcd8b313bce815574/advermap-ui/src/services/report/ReportService.jsx,331e62293d627ac2afa0456d44d2645934536342
Bearer Token,"""Bearer "" language:javascript",MicahYap/PetTracker,https://github.com/MicahYap/PetTracker,EditProfile.jsx,src/components/EditProfile.jsx,https://github.com/MicahYap/PetTracker/blob/57ad6b6623faca855e13c2e7a6d93e44e25ee31c/src/components/EditProfile.jsx,e2ef1486d5a0d76f65f316faeb956669af752cdb
Bearer Token,"""Bearer "" language:javascript",hassandev03/expeditehub-backend,https://github.com/hassandev03/expeditehub-backend,authenticate.js,src/middleware/authenticate.js,https://github.com/hassandev03/expeditehub-backend/blob/45439e4d05018c81375fef6448a8e268a5e2cf58/src/middleware/authenticate.js,4ab08ab482f04a08b26a030c47f6927cbca5de85
Bearer Token,"""Bearer "" language:javascript",amayorga7904/coffee-and-chemistry,https://github.com/amayorga7904/coffee-and-chemistry,AllMessagesPage.jsx,src/pages/AllMessagesPage/AllMessagesPage.jsx,https://github.com/amayorga7904/coffee-and-chemistry/blob/d00b06e1a1a5a90e006b4ee593bc0d5e69074f7d/src/pages/AllMessagesPage/AllMessagesPage.jsx,53da3c04fdf2447fe47603a77ef3781b92df72cf
Bearer Token,"""Bearer "" language:javascript",Dhruv2024/MajorProject,https://github.com/Dhruv2024/MajorProject,courseDetailsAPI.jsx,frontend/src/services/operations/courseDetailsAPI.jsx,https://github.com/Dhruv2024/MajorProject/blob/ada78f6516c3091eaf0ee880fd2ae8298ae85f16/frontend/src/services/operations/courseDetailsAPI.jsx,89126967e476b10ed39527843221707928335651
Bearer Token,"""Bearer "" language:javascript",arbinzaman/hospital-management-system-client,https://github.com/arbinzaman/hospital-management-system-client,Appointment.jsx,src/components/Pages/Dashboard/Appointment/Appointment.jsx,https://github.com/arbinzaman/hospital-management-system-client/blob/cfcdb12756a425b53278709519485a10076cdfe2/src/components/Pages/Dashboard/Appointment/Appointment.jsx,f3a11c5701d4c83372e2a2ed46bc37cd43751269
Bearer Token,"""Bearer "" language:javascript",ADHARSHJ/movie-api-backend,https://github.com/ADHARSHJ/movie-api-backend,authorizationPutProfile.js,middleware/authorizationPutProfile.js,https://github.com/ADHARSHJ/movie-api-backend/blob/fb0ef879cd22fdb805e65c810b4add9c4bed31af/middleware/authorizationPutProfile.js,b45982f4d9dbd00e45fdf98330f7fb1514275b3a
Bearer Token,"""Bearer "" language:javascript",TRenggli/MuzzaAPP,https://github.com/TRenggli/MuzzaAPP,carta.js,js/carta.js,https://github.com/TRenggli/MuzzaAPP/blob/55a0e31fbceed9a2191fd2906c33ca6ac930e519/js/carta.js,524cc3c50c2403efa5a4cb6f226e52a6b41fd86c
Bearer Token,"""Bearer "" language:javascript",Hayal27/E-STATION,https://github.com/Hayal27/E-STATION,ViewRepor.jsx,frontend/src/components/teamleader/report/ViewRepor.jsx,https://github.com/Hayal27/E-STATION/blob/c5a363ef5dbc793c2ab4e292b410e9794b50a8c3/frontend/src/components/teamleader/report/ViewRepor.jsx,b853539433749357846f8e87ca46a2bb8ced6ba0
Bearer Token,"""Bearer "" language:javascript",Khanhhuyen03/fe-event-management,https://github.com/Khanhhuyen03/fe-event-management,diadiem.js,client/assets/js/diadiem.js,https://github.com/Khanhhuyen03/fe-event-management/blob/2b7aab26273a5541b35599eaf6c95595256504e7/client/assets/js/diadiem.js,4b03372094aa927e18de2ded595b8003cf82324a
Bearer Token,"""Bearer "" language:javascript",wanghaoheng123-boop/QUANTAN-sector-investment,https://github.com/wanghaoheng123-boop/QUANTAN-sector-investment,workflow-heartbeat.mjs,scripts/ci/workflow-heartbeat.mjs,https://github.com/wanghaoheng123-boop/QUANTAN-sector-investment/blob/d3c878202d56e22699e214b4683caf99461e6e6c/scripts/ci/workflow-heartbeat.mjs,f75290b33a3dbc2c6fec11cd877804a44e0ffe6e
Bearer Token,"""Bearer "" language:javascript",Blueonn33/Mansor17,https://github.com/Blueonn33/Mansor17,TasksComponent.js,Mansor/ClientApp/src/components/TasksComponent/TasksComponent.js,https://github.com/Blueonn33/Mansor17/blob/8629a65a43196a914ae35e2bc2692354da47ad0c/Mansor/ClientApp/src/components/TasksComponent/TasksComponent.js,a039a4517353113136b2ca76000dd8f5b63767a2
Bearer Token,"""Bearer "" language:javascript",nuwanpriyamal/nuinsta,https://github.com/nuwanpriyamal/nuinsta,UserProfile.js,client/src/components/screens/UserProfile.js,https://github.com/nuwanpriyamal/nuinsta/blob/49c5fa0bf0334df1a01a6ad8c1d45272ccdb45ea/client/src/components/screens/UserProfile.js,890e9243dac2b75baeb1b68f7355d5b30ab978ba
Bearer Token,"""Bearer "" language:javascript",mmaskati/FE-Wild-Wonders,https://github.com/mmaskati/FE-Wild-Wonders,RecordList.jsx,src/components/record/RecordList.jsx,https://github.com/mmaskati/FE-Wild-Wonders/blob/acb32ca6caf9bac218b0c79cc606eeb6cb419356/src/components/record/RecordList.jsx,316df4be02caadfbfb9672cfa983b422ed2c3e06
Bearer Token,"""Bearer "" language:javascript",liewyishen/ecoreward-hub,https://github.com/liewyishen/ecoreward-hub,Chatbot.jsx,client/src/components/Chatbot.jsx,https://github.com/liewyishen/ecoreward-hub/blob/6490b29b663e9897c5b8380b9147c041577f107d/client/src/components/Chatbot.jsx,108cf21c6e60d13077eba2510ed11284a395ef21
Bearer Token,"""Bearer "" language:javascript",t-a-nmay/money-ledger-latest,https://github.com/t-a-nmay/money-ledger-latest,axiosInstance.js,frontend/money-ledger/src/utils/axiosInstance.js,https://github.com/t-a-nmay/money-ledger-latest/blob/28ffa950b3baa6fd8951f930d0134802dcec6bc0/frontend/money-ledger/src/utils/axiosInstance.js,a51ce80ad712693d6e5bb5c72cd82222062caa45
Bearer Token,"""Bearer "" language:javascript",shendeyogesh11/TicketBlitz,https://github.com/shendeyogesh11/TicketBlitz,AdminEventForm.jsx,frontend/src/components/AdminEventForm.jsx,https://github.com/shendeyogesh11/TicketBlitz/blob/6a96eeff3ef2ee97059478a466fe083f12e8120b/frontend/src/components/AdminEventForm.jsx,99096820ba442668c0b4c2bae0ab842525b8101f
Bearer Token,"""Bearer "" language:javascript",ahmedsamaka-ops/smart-e-commerce,https://github.com/ahmedsamaka-ops/smart-e-commerce,axios.js,frontend/frontend-ecommerce/src/services/axios.js,https://github.com/ahmedsamaka-ops/smart-e-commerce/blob/0b90a3f22f774ecabefc5b67177c73c6c064c53b/frontend/frontend-ecommerce/src/services/axios.js,506b61b752560f529f8b57b42d1a134a8dd56160
Bearer Token,"""Bearer "" language:javascript",pikacoder44/Inkspire---Book-Review-Platform,https://github.com/pikacoder44/Inkspire---Book-Review-Platform,EditReview.jsx,frontend/components/EditReview.jsx,https://github.com/pikacoder44/Inkspire---Book-Review-Platform/blob/ce88ee79f34a098fe3940bd12f6d26374697f45e/frontend/components/EditReview.jsx,a493d5de1bb74c4343da10c4849e048fcf7b529f
Bearer Token,"""Bearer "" language:javascript",majohernandez80/minerva-test,https://github.com/majohernandez80/minerva-test,viewDepartment.js,public/js/departments/viewDepartment.js,https://github.com/majohernandez80/minerva-test/blob/42e3580d1df3e46b510eb5ea8a7148cb7dadd68e/public/js/departments/viewDepartment.js,8d36f9bb486448dc45ecb9bf54f6afc6235e0797
Bearer Token,"""Bearer "" language:javascript",SuvenSeo/Vehicle-Platform,https://github.com/SuvenSeo/Vehicle-Platform,internal-scrape.js,functions/api/internal-scrape.js,https://github.com/SuvenSeo/Vehicle-Platform/blob/62c6a3176eb77a664062a145812bd162e4cacdbc/functions/api/internal-scrape.js,7ee034387e506f390e775da8098b23957c4f15fd
Bearer Token,"""Bearer "" language:javascript",muskangyanani/csi-nodejs,https://github.com/muskangyanani/csi-nodejs,auth.js,nodejs-blog-platform/middleware/auth.js,https://github.com/muskangyanani/csi-nodejs/blob/fac23615a9e00253661dcfc50605e7e4e542bfc4/nodejs-blog-platform/middleware/auth.js,911840a08bbf4322eca5fdb2d072a163d3a61f4b
Bearer Token,"""Bearer "" language:javascript",jja100/skills,https://github.com/jja100/skills,prAgent.js,pr-agent/prAgent.js,https://github.com/jja100/skills/blob/63efa4d242aab5d40a2e4c45b437dea7265a4f57/pr-agent/prAgent.js,f6fdb93a15353820f6d9eb17a31ff77e076a0efc
Bearer Token,"""Bearer "" language:javascript",RITHVIK11-CODER/build-a-thon,https://github.com/RITHVIK11-CODER/build-a-thon,Students.jsx,frontend/src/pages/Students.jsx,https://github.com/RITHVIK11-CODER/build-a-thon/blob/94f17e80348f17222cf171340c074591b48a9c7f/frontend/src/pages/Students.jsx,7469212dcbe3ad01d5e585d3807d5f85ac76543d
Bearer Token,"""Bearer "" language:javascript",molcurrent/juhao-website,https://github.com/molcurrent/juhao-website,check_launch_health.mjs,scripts/check_launch_health.mjs,https://github.com/molcurrent/juhao-website/blob/e9801851da3578fda3e393b78c23f3b504681e57/scripts/check_launch_health.mjs,bdc5a5cb1cecbe8b0d3e5cb700189e58703c3dec
Bearer Token,"""Bearer "" language:javascript",Kalpak15/Ride-Buddy-Project,https://github.com/Kalpak15/Ride-Buddy-Project,EditProfile.jsx,Carpooling_Frontend/src/pages/EditProfile.jsx,https://github.com/Kalpak15/Ride-Buddy-Project/blob/8e22a1d2c8c39bd09df4dcd7ed691db4ed0cc834/Carpooling_Frontend/src/pages/EditProfile.jsx,4424f246a90c6bf701c344007d86f9b04cedde0c
Bearer Token,"""Bearer "" language:javascript",kibromey23/Crop_disease_detection_system,https://github.com/kibromey23/Crop_disease_detection_system,AuthContext.jsx,frontend/src/context/AuthContext.jsx,https://github.com/kibromey23/Crop_disease_detection_system/blob/2c7da7a1d9d94528c543a457206cf5f56c9e09eb/frontend/src/context/AuthContext.jsx,95e93503173e9fd04f8447db09b631c995b15db9
Bearer Token,"""Bearer "" language:javascript",gordoncrenshaw/google-health-api-test-suite-java,https://github.com/gordoncrenshaw/google-health-api-test-suite-java,app.js,src/main/resources/web/app.js,https://github.com/gordoncrenshaw/google-health-api-test-suite-java/blob/e846c633fc3ca108b04af5646a669177b786d219/src/main/resources/web/app.js,3a41edbc1a95c05a2a8194eb2b98ddef0a76fab6
Bearer Token,"""Bearer "" language:javascript",AyantikaChatt/Job_application_portal,https://github.com/AyantikaChatt/Job_application_portal,MyJobs.js,frontend/src/component/recruiter/MyJobs.js,https://github.com/AyantikaChatt/Job_application_portal/blob/1c3690e211ab9d0c8b1684591581f81e29f7b0a3/frontend/src/component/recruiter/MyJobs.js,ffd79625d80890e1742353eb3eaa5251c3f5b358
Bearer Token,"""Bearer "" language:javascript",jasleenkaur2001/Portal2,https://github.com/jasleenkaur2001/Portal2,MyJobs.js,frontend/src/component/recruiter/MyJobs.js,https://github.com/jasleenkaur2001/Portal2/blob/04decdf6d581be1ea45522cb8453f7fb2cb17ac9/frontend/src/component/recruiter/MyJobs.js,ffd79625d80890e1742353eb3eaa5251c3f5b358
Bearer Token,"""Bearer "" language:javascript",MrGodKai/Ayuda,https://github.com/MrGodKai/Ayuda,PerfilArtista.jsx,frontend/src/components/PerfilArtista.jsx,https://github.com/MrGodKai/Ayuda/blob/3a399f2ac520749ccdfabb0ca23529d04e424d9e/frontend/src/components/PerfilArtista.jsx,19af48d5fed936d6a3b5fc00d18c13e9aa572d5b
Bearer Token,"""Bearer "" language:javascript",kien112/PRN231,https://github.com/kien112/PRN231,create-class.js,ScoreManagementClient/wwwroot/assets/js/classroom/create-class.js,https://github.com/kien112/PRN231/blob/2f566cbdf86e0fb20d9c7dca1b36563ccf9bbf6a/ScoreManagementClient/wwwroot/assets/js/classroom/create-class.js,e1587f3175fb9d1c9d2e0e5fc88c46c28ee564fe
Bearer Token,"""Bearer "" language:javascript",Balajibn64/P-31-OHBS-GROUP-2,https://github.com/Balajibn64/P-31-OHBS-GROUP-2,roomService.js,Admin_Frontend/ohbs-admin/src/services/roomService.js,https://github.com/Balajibn64/P-31-OHBS-GROUP-2/blob/3d62d2c839c860a2998a60f393ee6dc548825736/Admin_Frontend/ohbs-admin/src/services/roomService.js,c0176962f2e65956e44e218490de48382b3a2a33
Bearer Token,"""Bearer "" language:javascript",suraDream/final_project_1,https://github.com/suraDream/final_project_1,page_20250321161348.jsx,.history/frontend/src/app/addtype/page_20250321161348.jsx,https://github.com/suraDream/final_project_1/blob/ed903c1f1b529ee1e52c915bc8aa18ce89fb163a/.history/frontend/src/app/addtype/page_20250321161348.jsx,e1c297604c7a93f5e15f4bd4c3f984bccead3520
Bearer Token,"""Bearer "" language:javascript",jadavkeshav/DevManage,https://github.com/jadavkeshav/DevManage,AddProductModal.jsx,client/src/components/products/AddProductModal.jsx,https://github.com/jadavkeshav/DevManage/blob/0c70e7a55d10b4084dbc25ad536a2ea620a89def/client/src/components/products/AddProductModal.jsx,9108b7f44e77b5b2c1bf38b65061dd286c5507d4
Bearer Token,"""Bearer "" language:javascript",acc235-ua/mtis-backend,https://github.com/acc235-ua/mtis-backend,ApiClient.js,javascript-client-generated/src/ApiClient.js,https://github.com/acc235-ua/mtis-backend/blob/83d81892b90ca62eb430234f3d3478ecebb532ee/javascript-client-generated/src/ApiClient.js,5c2a477f8c304355346f7f6f1a8743f2806d3306
Bearer Token,"""Bearer "" language:javascript",shreyayyyansh/sih-internal,https://github.com/shreyayyyansh/sih-internal,FireResult.jsx,client/src/pages/administration/gee/FireResult.jsx,https://github.com/shreyayyyansh/sih-internal/blob/6c4c88fa94811bd8273f0a55bfd5c95d5fcce718/client/src/pages/administration/gee/FireResult.jsx,befacf8072e79223d0a3dcc6566ea474573ce5b5
Bearer Token,"""Bearer "" language:javascript",guswkdwjddml-del/Project-Peak-nic,https://github.com/guswkdwjddml-del/Project-Peak-nic,AdminNotificationWrite.jsx,frontend/src/components/admin/notification/AdminNotificationWrite.jsx,https://github.com/guswkdwjddml-del/Project-Peak-nic/blob/48ef66a1aa5ec431f8de038340ca82f130bc0072/frontend/src/components/admin/notification/AdminNotificationWrite.jsx,0143395af1fb231fa161ba11580ecbe7ba0e5672
Bearer Token,"""Bearer "" language:javascript",ranasingh1/IncentivesCalculatorFrontendAaptatt,https://github.com/ranasingh1/IncentivesCalculatorFrontendAaptatt,PlacementTable.jsx,src/components/user/modules/userDashboardModule/PlacementTable.jsx,https://github.com/ranasingh1/IncentivesCalculatorFrontendAaptatt/blob/9bdfa8788f9a8e1f56c669b0ecda1a1010a2b302/src/components/user/modules/userDashboardModule/PlacementTable.jsx,4d304aa09ac8f11e4c6ab26e523b4aa988c597c6
Bearer Token,"""Bearer "" language:javascript",SushantaKumarSahoo/ExamEye,https://github.com/SushantaKumarSahoo/ExamEye,page.js,app/admin/live-monitor/[examId]/page.js,https://github.com/SushantaKumarSahoo/ExamEye/blob/15509dc71ef1381e676d046b99f2e4fef0a93407/app/admin/live-monitor/[examId]/page.js,0f421fbe6fad97cf56a315ee5d786098c6e6b1ac
Bearer Token,"""Bearer "" language:javascript",Ponn-Star/My-App,https://github.com/Ponn-Star/My-App,Dashboard_20250606002350.jsx,.history/FrontEnd/src/pages/Admin/Dashboard_20250606002350.jsx,https://github.com/Ponn-Star/My-App/blob/b88da9fd7e8d18fe3bcc1717bc4e40890371ed08/.history/FrontEnd/src/pages/Admin/Dashboard_20250606002350.jsx,e5b1f588a227f962d6bd95cd310f22e5170675e9
Bearer Token,"""Bearer "" language:javascript",MapDev76/FFIIA,https://github.com/MapDev76/FFIIA,AuthMiddleware.js,back/src/middlewares/AuthMiddleware.js,https://github.com/MapDev76/FFIIA/blob/d320fb00383f77310fef21eb8cf44ddb0b9e2967/back/src/middlewares/AuthMiddleware.js,f9c269bdd7ecfaa0c10909a88c2b7a92ef5032b3
Bearer Token,"""Bearer "" language:javascript",TatianaYeremenko/projects,https://github.com/TatianaYeremenko/projects,call.js,vapi-demo/api/call.js,https://github.com/TatianaYeremenko/projects/blob/556258e230c68658ef37edf75d6a8838f27c5631/vapi-demo/api/call.js,b78126f19f8e3db29aabc2ba7a512c8abe9207e1
Bearer Token,"""Bearer "" language:javascript",Salva91/fs0124b-salvatore-giordano,https://github.com/Salva91/fs0124b-salvatore-giordano,create.js,m2/settimana3/progetto/script/create.js,https://github.com/Salva91/fs0124b-salvatore-giordano/blob/2cf8f46e167aa7b89ea474df4f0d73bce911d754/m2/settimana3/progetto/script/create.js,345bb681afb1a6bce822e662401818e8d843e352
Bearer Token,"""Bearer "" language:javascript",sa-de/archived-BP-baclone,https://github.com/sa-de/archived-BP-baclone,mockAnalysis.js,appvision/src/data/mockAnalysis.js,https://github.com/sa-de/archived-BP-baclone/blob/4dbfe0db7c3a92e27da00c15fc942c6216db1f52/appvision/src/data/mockAnalysis.js,0cb0e737a3defd7112ed8b0fca21b24d2301100c
Bearer Token,"""Bearer "" language:javascript",manyichen/MES-System,https://github.com/manyichen/MES-System,generate-defense-code-index.mjs,scripts/generate-defense-code-index.mjs,https://github.com/manyichen/MES-System/blob/a20810e8952d80eb3a5e254e5c5fbe8f3ed7ba43/scripts/generate-defense-code-index.mjs,b4d8de8a214850a78d51cea3ac9f50249c6a56eb
Bearer Token,"""Bearer "" language:javascript",screwdriver-cd/request,https://github.com/screwdriver-cd/request,index.test.js,test/index.test.js,https://github.com/screwdriver-cd/request/blob/b476be96551436935422880f92a54a0d61a77b1a/test/index.test.js,7d24499feb6cbb6d84fae5fe943a9f11ead8fc18
Bearer Token,"""Bearer "" language:javascript",Rerishabh/City_Explorer,https://github.com/Rerishabh/City_Explorer,test_multer.js,backend/test_multer.js,https://github.com/Rerishabh/City_Explorer/blob/239e89152abc1816f051bd5e6ccb27458e0a628c/backend/test_multer.js,43a3cc6803505198209a9f43b260a21d86d18c85
Bearer Token,"""Bearer "" language:javascript",sameer727/City_Explorer,https://github.com/sameer727/City_Explorer,test_multer.js,backend/test_multer.js,https://github.com/sameer727/City_Explorer/blob/358c69f1de48c628fbe9c124beaa43caaa5f4b22/backend/test_multer.js,43a3cc6803505198209a9f43b260a21d86d18c85
Bearer Token,"""Bearer "" language:javascript",CodeByFarman/User_Management_System,https://github.com/CodeByFarman/User_Management_System,user.test.js,backend/tests/user.test.js,https://github.com/CodeByFarman/User_Management_System/blob/343bf87216f1731d269944ab15c6bca7245ce029/backend/tests/user.test.js,86c02080de36168255a19fe9d12d7c28a73834be
Bearer Token,"""Bearer "" language:javascript",NITOPUNK/InstitueERPWeb-5,https://github.com/NITOPUNK/InstitueERPWeb-5,test-trim-spaces.js,backend/test-trim-spaces.js,https://github.com/NITOPUNK/InstitueERPWeb-5/blob/eff4f96052f1d76ef6e84f0df6695cd0eecfe68b/backend/test-trim-spaces.js,08336ab5cf85f91587a57a8885f4ac2a70a576c5
Bearer Token,"""Bearer "" language:javascript",VirtualJoe760/jpsrealtor,https://github.com/VirtualJoe760/jpsrealtor,test-photos-api.js,docs/archive/debug/testing/test-photos-api.js,https://github.com/VirtualJoe760/jpsrealtor/blob/c0dce6013aa6893daaa3000048ff049a7ac30354/docs/archive/debug/testing/test-photos-api.js,b802e6ee19d0a6efbff3aeb2da188590815914e0
Bearer Token,"""Bearer "" language:javascript",bcgov/pay-ui,https://github.com/bcgov/pay-ui,bca-all-fees-test.js,test-automation/k6-load-tests/tests/bca-all-fees-test.js,https://github.com/bcgov/pay-ui/blob/1942f380309006bd381656a7f0263722876d73ba/test-automation/k6-load-tests/tests/bca-all-fees-test.js,d1cad79541fb11220c3e3448bb0f380ef11d0b14
Bearer Token,"""Bearer "" language:javascript",omariomari2/openauth_exploration,https://github.com/omariomari2/openauth_exploration,browser.mjs,test/helpers/browser.mjs,https://github.com/omariomari2/openauth_exploration/blob/35c3fd7494d88831f247da79115afd0e606fdbda/test/helpers/browser.mjs,8b171be54a21f3025c6be9b19710892aca1666eb
Bearer Token,"""Bearer "" language:javascript",DevViniciusAlves/gendaz,https://github.com/DevViniciusAlves/gendaz,messages.test.js,whatsapp-service/test/messages.test.js,https://github.com/DevViniciusAlves/gendaz/blob/88b3864e5f9427f1a7acdf70f5f151b85e6f5fd7/whatsapp-service/test/messages.test.js,db9fcb8d4c7e7d5e1ef25f1186d015a90d60a6f2
Bearer Token,"""Bearer "" language:javascript",safiawidat/ExamApp,https://github.com/safiawidat/ExamApp,studentSubmission.integration.test.js,server/tests/studentSubmission.integration.test.js,https://github.com/safiawidat/ExamApp/blob/55f1545672a03ad0a130e2c61052d5c52fec6c9c/server/tests/studentSubmission.integration.test.js,8aeeaf7c67477280f3be08757dc510a7031493e7
Bearer Token,"""Bearer "" language:javascript",Rmetzg85/StackedWork,https://github.com/Rmetzg85/StackedWork,voice-inapp.js,tests/e2e-local/voice-inapp.js,https://github.com/Rmetzg85/StackedWork/blob/cf4dc14af2f686a054f1f3976fb3a418b18a716c/tests/e2e-local/voice-inapp.js,ccd2fcce8baed3daabd065dc2df9f5820b7c47a7
Bearer Token,"""Bearer "" language:javascript",VitorMRodovalho/ai-pm-research-hub,https://github.com/VitorMRodovalho/ai-pm-research-hub,1619-mcp-untrusted-provenance.test.mjs,tests/contracts/1619-mcp-untrusted-provenance.test.mjs,https://github.com/VitorMRodovalho/ai-pm-research-hub/blob/6beaaebf3ac66ab6143e5e6bca841ae1413aad7a/tests/contracts/1619-mcp-untrusted-provenance.test.mjs,aa247f954296ebf5f0fb8b9c180b41cf680a585d
Bearer Token,"""Bearer "" language:javascript",JKershaw/LinearViewer,https://github.com/JKershaw/LinearViewer,close-out-is-the-persons-relay.test.js,tests/unit/close-out-is-the-persons-relay.test.js,https://github.com/JKershaw/LinearViewer/blob/cc29b7454adc7c8e4f32e09deb53e1623721dcae/tests/unit/close-out-is-the-persons-relay.test.js,5c08315a2f4281458aa44cc149aa4e353f1903ba
Bearer Token,"""Bearer "" language:javascript",bergdev27/sexualsync,https://github.com/bergdev27/sexualsync,_redgifs.js,functions/api/_redgifs.js,https://github.com/bergdev27/sexualsync/blob/4351b7b193518714b6147162f6ef36280003db78/functions/api/_redgifs.js,1c7bec465dd7bb4aa0f70f98d253a7cfe0a9185f
Bearer Token,"""Bearer "" language:javascript",paulohldev/dogs,https://github.com/paulohldev/dogs,api.jsx,src/api.jsx,https://github.com/paulohldev/dogs/blob/ee4dc9d2565f50c995b20b03de6eba7f7ef4d67a/src/api.jsx,2a8e5fdcfdb4792b2afb886883578185b76c85de
Bearer Token,"""Bearer "" language:javascript",shaheersighs/humanai,https://github.com/shaheersighs/humanai,rewrite.js,netlify/functions/rewrite.js,https://github.com/shaheersighs/humanai/blob/9e1036e0837923c08d249b17e34fe2d2863b9cd4/netlify/functions/rewrite.js,e97f99a13d839f03862ec32cc7529a2bd63548ba
Bearer Token,"""Bearer "" language:javascript",waynechandlergomez3-lang/sagipero-backend,https://github.com/waynechandlergomez3-lang/sagipero-backend,smoke_production.js,smoke_production.js,https://github.com/waynechandlergomez3-lang/sagipero-backend/blob/9687841586ea9dfbcd34b89a969dd739cdf64c05/smoke_production.js,6545b83f25fc3be1707a3f5dff4ada3056873030
Bearer Token,"""Bearer "" language:javascript",dibakardharchoudhury/opb-checkin,https://github.com/dibakardharchoudhury/opb-checkin,auth.js,api/auth.js,https://github.com/dibakardharchoudhury/opb-checkin/blob/400df3be064a522ab0d79f7d67c6b11b2fae74b7/api/auth.js,f31b584620244eec0bbc5fa48e59e5aef62f203d
Bearer Token,"""Bearer "" language:javascript",thekyle520/record-collection-app,https://github.com/thekyle520/record-collection-app,graphcms.js,services/graphcms.js,https://github.com/thekyle520/record-collection-app/blob/a5cae6c1fd0883dc74415e1c4abe7ceee5f3d8cf/services/graphcms.js,9157c3160a202371738df4ed5972eb29770eb71d
Bearer Token,"""Bearer "" language:javascript",FiveStackDev/Dev_ResourceHub_FrontEnd,https://github.com/FiveStackDev/Dev_ResourceHub_FrontEnd,authHeader.js,src/utils/authHeader.js,https://github.com/FiveStackDev/Dev_ResourceHub_FrontEnd/blob/0a8351ba906a2e162c66413dda5e77e7ac973ab6/src/utils/authHeader.js,53a7c1e698ac8f7c16f25040c24613084e84ec93
Bearer Token,"""Bearer "" language:javascript",thegivehub/site,https://github.com/thegivehub/site,track_impact.js,src/en/md/examples/track_impact.js,https://github.com/thegivehub/site/blob/bf4ac06858935b26ea30890fa28d56b288cf4ace/src/en/md/examples/track_impact.js,e77442309d4f92d5da7056286610e985d44dd167
Bearer Token,"""Bearer "" language:javascript",YrllanBrandao/barber-shop,https://github.com/YrllanBrandao/barber-shop,userAuth.js,src/middleware/userAuth.js,https://github.com/YrllanBrandao/barber-shop/blob/77cd89481fdbff38603dafe7d6ba2c953c35e388/src/middleware/userAuth.js,382a764aff7dae9d52c008403fae2a0691937ae5
Bearer Token,"""Bearer "" language:javascript",devgarg-2007/fullstack-assignment,https://github.com/devgarg-2007/fullstack-assignment,auth.js,backend/middleware/auth.js,https://github.com/devgarg-2007/fullstack-assignment/blob/eca43ba5bb01768d0b9d5a7c7d22a22e53e930fa/backend/middleware/auth.js,664a18b1bc90cd769c8658342fefd79c46eee166
Bearer Token,"""Bearer "" language:javascript",kampedev/kampehealth,https://github.com/kampedev/kampehealth,main.js,src/main.js,https://github.com/kampedev/kampehealth/blob/96d37cf379b602cc1a51136ff78c486b2499b441/src/main.js,c1520180f0618f68edcd2994d6cb99d6d53c4da0
Bearer Token,"""Bearer "" language:javascript",GerardoGepda/dseg01l_desafio2_frontend,https://github.com/GerardoGepda/dseg01l_desafio2_frontend,page.js,app/createcv/page.js,https://github.com/GerardoGepda/dseg01l_desafio2_frontend/blob/07db1ae03cf7f2cfe83a088459c1189843003836/app/createcv/page.js,d35ec1251ae0a2b54c6ae4faf2e15a1645830368
Bearer Token,"""Bearer "" language:javascript",Sukhdev2002/expense-manager,https://github.com/Sukhdev2002/expense-manager,http-service.js,src/services/http-service.js,https://github.com/Sukhdev2002/expense-manager/blob/d5776e90b4d3e75373f6da05cc0a2d1c02d7e6ee/src/services/http-service.js,308d2a2195073a9e820016c23006efcbd4c1440e
Bearer Token,"""Bearer "" language:javascript",Sysqwerty/goit-neo-react-extra-hw,https://github.com/Sysqwerty/goit-neo-react-extra-hw,operations.js,src/redux/auth/operations.js,https://github.com/Sysqwerty/goit-neo-react-extra-hw/blob/eb515aeb4b1081da66d311da3c23e459ae7b1e82/src/redux/auth/operations.js,2850232fe54f7cc8b4b2bf8404aa43aa5acb49af
Bearer Token,"""Bearer "" language:javascript",chm24601/book-club-dashboard,https://github.com/chm24601/book-club-dashboard,chat.js,api/chat.js,https://github.com/chm24601/book-club-dashboard/blob/04e08b292a0c672217cb83708fb82a8fc9593ed0/api/chat.js,57f84e15e206019fc0aa24be0307c810f9b325fd
Bearer Token,"""Bearer "" language:javascript",PhilPark-geosr/stock-agent,https://github.com/PhilPark-geosr/stock-agent,auth-session.js,desktop-demo/lib/auth-session.js,https://github.com/PhilPark-geosr/stock-agent/blob/12ba6a4766565b3218a146dabf9c7c40a1c912b7/desktop-demo/lib/auth-session.js,c22f591c315b081335a9ae53c88f1ba1403a1a8a
Bearer Token,"""Bearer "" language:javascript",jljakin2/flipflop,https://github.com/jljakin2/flipflop,background.js,background.js,https://github.com/jljakin2/flipflop/blob/04b47b840de67b2399d5e8b99cc55bee508001ea/background.js,afc88872c4ced2be51593f87284c6e98c723cf42
Bearer Token,"""Bearer "" language:javascript",l2xu/borrow_it,https://github.com/l2xu/borrow_it,UserAddItem.js,frontend/src/screens/user/UserAddItem.js,https://github.com/l2xu/borrow_it/blob/e61d93be02d827dc31a4bf4f00e905a73ab8de37/frontend/src/screens/user/UserAddItem.js,aeeede069dd3d3ec0b023f6ac25a090bb15bf7d3
Bearer Token,"""Bearer "" language:javascript",EnTRoPY0120/100xDev,https://github.com/EnTRoPY0120/100xDev,middleware.js,week-8/paytm/backend/middleware.js,https://github.com/EnTRoPY0120/100xDev/blob/296f18388bebea7321f5151a1c42750c05767b08/week-8/paytm/backend/middleware.js,627746d6b608c0f436bddaf5308a4b43bbb476c5
Bearer Token,"""Bearer "" language:javascript",kashif147/ProjectShell-1,https://github.com/kashif147/ProjectShell-1,ProfileSlice.js,src/features/profiles/ProfileSlice.js,https://github.com/kashif147/ProjectShell-1/blob/ba15fdf74a43b4c16e359abca03f9f84e7f4756b/src/features/profiles/ProfileSlice.js,1fef1e4c5fe84ac789c1bf4a6183ae18bd316991
Bearer Token,"""Bearer "" language:javascript",tbantikyan/tachy,https://github.com/tbantikyan/tachy,createTagRequest.js,frontend/src/api/createTagRequest.js,https://github.com/tbantikyan/tachy/blob/18a9f40028247f01eab21371450f34408548a420/frontend/src/api/createTagRequest.js,2a9b3161e1bbefa5e2a81253b0516bf752d9dc1b
Bearer Token,"""Bearer "" language:javascript",EmiTech-globel/MovieLand,https://github.com/EmiTech-globel/MovieLand,App.jsx,src/App.jsx,https://github.com/EmiTech-globel/MovieLand/blob/c512f9e91bcec25993512b2a1ca76fa4fb195d47/src/App.jsx,13d024727ebbbf1815e2f17489f7904387905dfe
Bearer Token,"""Bearer "" language:javascript",azizbelkhouja/CampusLab,https://github.com/azizbelkhouja/CampusLab,Purchase.jsx,client/src/pages/Purchase.jsx,https://github.com/azizbelkhouja/CampusLab/blob/a58ec8c1dba9b91e34e0390f08531605b6b073c7/client/src/pages/Purchase.jsx,992db6b65fdcd3b16e8a7fba4f6074f13877a843
Bearer Token,"""Bearer "" language:javascript",arijitk930/attendly,https://github.com/arijitk930/attendly,onboardingApi.js,src/features/onboarding/onboardingApi.js,https://github.com/arijitk930/attendly/blob/efd53b081ba6c673a48fcfd68db6aebb6a48b6b6/src/features/onboarding/onboardingApi.js,5981d20621a06377fe1bf8ea99f6f67e8e123ce4
Bearer Token,"""Bearer "" language:javascript",GCocs/skill-bridge,https://github.com/GCocs/skill-bridge,auth.js,src/store/auth.js,https://github.com/GCocs/skill-bridge/blob/ce570e46f3eabc4de8f05c6cfbe5d41a7c84057a/src/store/auth.js,f6dad77669c3e9b99df68d568c5687f04f663f02
Bearer Token,"""Bearer "" language:javascript",Codaisseur/student-portfolio-archive,https://github.com/Codaisseur/student-portfolio-archive,practicianAction.js,moranta-35/mentalhub-client/src/store/actions/practicianAction.js,https://github.com/Codaisseur/student-portfolio-archive/blob/b61a016fbfd43ec8df177b246f010568ed7951db/moranta-35/mentalhub-client/src/store/actions/practicianAction.js,d0e1a833595e602517d45b32d6a56d7992302dba
Bearer Token,"""Bearer "" language:javascript",JIbarra1117/frontend-multas,https://github.com/JIbarra1117/frontend-multas,registroMultaAPI.js,src/infrastructure/api/registroMultaAPI.js,https://github.com/JIbarra1117/frontend-multas/blob/d82d903e615573cdaa4eef2894baa217911c470b/src/infrastructure/api/registroMultaAPI.js,b266786b28a795b31024e1228633d9513b29b295
Bearer Token,"""Bearer "" language:javascript",umeralisher/Hotel-managment-system-frontend,https://github.com/umeralisher/Hotel-managment-system-frontend,AllUsers.jsx,src/Pages/Admin/AllUsers.jsx,https://github.com/umeralisher/Hotel-managment-system-frontend/blob/50efe06dc091bdcaad7abcc4b9d23bd8e1ead4e0/src/Pages/Admin/AllUsers.jsx,6b4d3ac140db3590dac93d1cebb0f5add9192311
Bearer Token,"""Bearer "" language:javascript",Naveenpyit/VisitorPass_2.0,https://github.com/Naveenpyit/VisitorPass_2.0,apiSlice.js,frontend/src/store/apiSlice.js,https://github.com/Naveenpyit/VisitorPass_2.0/blob/8f1c9da87ac66c5ecf49d4d89ba7f2a1f4070c6d/frontend/src/store/apiSlice.js,0d74c6af96e82364fd0c0b41b219b6062ebe9d91
Bearer Token,"""Bearer "" language:javascript",eakarsu/AIPlagiarismAIContentDetector,https://github.com/eakarsu/AIPlagiarismAIContentDetector,App.js,web/src/App.js,https://github.com/eakarsu/AIPlagiarismAIContentDetector/blob/c71c685c3d4181aac4e8b1e0ac900192ba3838f7/web/src/App.js,6ef236b022dc07349eb24562b9d9b227bfdb7397
Bearer Token,"""Bearer "" language:javascript",UtkarshSinghal04/UberClone,https://github.com/UtkarshSinghal04/UberClone,CaptainProtectedWrapper.jsx,Frontend/src/Pages/CaptainProtectedWrapper.jsx,https://github.com/UtkarshSinghal04/UberClone/blob/384691e82ed6972674d6b272de8717f3d34b85b6/Frontend/src/Pages/CaptainProtectedWrapper.jsx,99bd6852880a345acca1bc4c9b764624fd27a9c9
Bearer Token,"""Bearer "" language:javascript",PortalSupremoAkashico/portal-consciencia-universal,https://github.com/PortalSupremoAkashico/portal-consciencia-universal,criar-pagamento-pix.js,api/criar-pagamento-pix.js,https://github.com/PortalSupremoAkashico/portal-consciencia-universal/blob/752d5318a02278a093f38e4bdbea17f9816e114c/api/criar-pagamento-pix.js,a347b2304c56eb593a7d6f526fb759c3c39a0458
Bearer Token,"""Bearer "" language:javascript",jairajreddy/Movie-review-system-mswd-project,https://github.com/jairajreddy/Movie-review-system-mswd-project,auth.js,backend/middleware/auth.js,https://github.com/jairajreddy/Movie-review-system-mswd-project/blob/3d2c662939a8a129499812dd8ab8ce74b48605ee/backend/middleware/auth.js,0b1c72d95266f7ccebc25a4b26d712ec2ca5a3c7
Bearer Token,"""Bearer "" language:javascript",silverCareer/silverCareerFrontEnd,https://github.com/silverCareer/silverCareerFrontEnd,cashCharge.js,src/api/charge/cashCharge.js,https://github.com/silverCareer/silverCareerFrontEnd/blob/4749c66cc3cee556e4cb50526cf12be12ea731c5/src/api/charge/cashCharge.js,829bd37ea57298a2ab538eb72be9256a3db5b60f
Bearer Token,"""Bearer "" language:javascript",tahshina01/ToTo-Company,https://github.com/tahshina01/ToTo-Company,page.js,client/app/admin/hotels/page.js,https://github.com/tahshina01/ToTo-Company/blob/3970f61a2843ea08ecd10ef5fc9ea239e457af0f/client/app/admin/hotels/page.js,80d8f5374b7ea8393afb13d8941f5171448e717e
Bearer Token,"""Bearer "" language:javascript",carryonmylegacy/CarryOnLive,https://github.com/carryonmylegacy/CarryOnLive,useECTMedia.js,frontend/src/components/estate-chat/useECTMedia.js,https://github.com/carryonmylegacy/CarryOnLive/blob/6016e2112e0e5b4b449ced102ea233baac312c8e/frontend/src/components/estate-chat/useECTMedia.js,3bb39f05c0d10f717a639d2d6141cf71c1fd6b30
Bearer Token,"""Bearer "" language:javascript",SauravKumar04/Quizify,https://github.com/SauravKumar04/Quizify,authMiddleware.js,backend/middleware/authMiddleware.js,https://github.com/SauravKumar04/Quizify/blob/f6db9001a7ba2708dac2444bf80f204e9a2e9152/backend/middleware/authMiddleware.js,6eaf09e0f9e79f0511ad1a90d891ed82cea8a461
Bearer Token,"""Bearer "" language:javascript",Danu98mapagedara/EduMor-LMS,https://github.com/Danu98mapagedara/EduMor-LMS,MyExams.jsx,frontend/src/Pages/MyExams/MyExams.jsx,https://github.com/Danu98mapagedara/EduMor-LMS/blob/2dc8a5d2894eaefe605d58d8a9598ba71577b7e1/frontend/src/Pages/MyExams/MyExams.jsx,397d5ad55dcfedc2af6003ec909be459fd784a18
Bearer Token,"""Bearer "" language:javascript",xuexiaoran/hotel,https://github.com/xuexiaoran/hotel,HttpInstance.js,web/hotel/src/utils/http/HttpInstance.js,https://github.com/xuexiaoran/hotel/blob/d6517ba9b0f57483848992918a4fd6d441229e2f/web/hotel/src/utils/http/HttpInstance.js,33ac2cc857e48a96dccd1d62569e8cbeee0c74d4
Bearer Token,"""Bearer "" language:javascript",ayon7544/kolacheowl_dashboard,https://github.com/ayon7544/kolacheowl_dashboard,allApi.js,src/services/allApi.js,https://github.com/ayon7544/kolacheowl_dashboard/blob/adca311b2600228db9e966c7431d342a10ba557e/src/services/allApi.js,36f21b636c619f849a137f6d7e24e15f7e80c41e
Bearer Token,"""Bearer "" language:javascript",IamHaiLuu/Route-React,https://github.com/IamHaiLuu/Route-React,auth.middleware.js,src/BackEnd/middleware/auth.middleware.js,https://github.com/IamHaiLuu/Route-React/blob/7bc8f753d37da2076b28c407970be370d353fef2/src/BackEnd/middleware/auth.middleware.js,e52ea1a1baab1ce4a302859c2704abfb9eadd37f
Bearer Token,"""Bearer "" language:javascript",midhu-mhmd/Clinic-Project,https://github.com/midhu-mhmd/Clinic-Project,profile.jsx,src/Pages/profile.jsx,https://github.com/midhu-mhmd/Clinic-Project/blob/ed3d3e13d518cbc3bed6d946216c924f67af7c7a/src/Pages/profile.jsx,2e51ad2759ff9fb7bb8bdc33d6fff6cc5f171d71
Bearer Token,"""Bearer "" language:javascript",deeoloo/gym_app,https://github.com/deeoloo/gym_app,Dashboard.jsx,client/src/components/Dashboard.jsx,https://github.com/deeoloo/gym_app/blob/dc8e51464893af41138a286a1340d6f745daade0/client/src/components/Dashboard.jsx,3147ae319e0438bbf0a5231e2199ed5705ee9d6d
Bearer Token,"""Bearer "" language:javascript",rupesh-github01/chattle,https://github.com/rupesh-github01/chattle,CommentSection.js,src/components/CommentSection.js,https://github.com/rupesh-github01/chattle/blob/ad919db46bb78e4357e1040d1cf352a2a7803949/src/components/CommentSection.js,127a9c4b2803daec958ad5559e99a789ccd42d2c
Bearer Token,"""Bearer "" language:javascript",Mcgini100/certificate-verification-frontend,https://github.com/Mcgini100/certificate-verification-frontend,api.js,src/services/api.js,https://github.com/Mcgini100/certificate-verification-frontend/blob/693fb245c2777cf3108ed18866ff931d8c15435f/src/services/api.js,85f39230b2c571a8ca4022ae9de5878807b4ac8e
Bearer Token,"""Bearer "" language:javascript",binghao9312/dorm-checkin-system-v3-public,https://github.com/binghao9312/dorm-checkin-system-v3-public,reset-residential-data-rest.mjs,scripts/reset-residential-data-rest.mjs,https://github.com/binghao9312/dorm-checkin-system-v3-public/blob/01bd86ad7f8a827d4d22a09d48ad0595ab00644b/scripts/reset-residential-data-rest.mjs,9fbcd903234e17e7b0893e4ef6deeb56acf8e70d
Bearer Token,"""Bearer "" language:javascript",sachin0986/Uber---Imitation,https://github.com/sachin0986/Uber---Imitation,Home.jsx,Frontend/src/pages/Home.jsx,https://github.com/sachin0986/Uber---Imitation/blob/7fc338a6b08e486914f160b6362256009e99ceac/Frontend/src/pages/Home.jsx,f298f86d394a86e865ba0b8931f87f67a8f10848
Bearer Token,"""Bearer "" language:javascript",mferent80-source/crypto,https://github.com/mferent80-source/crypto,proba-v10082.mjs,scripts/proba-v10082.mjs,https://github.com/mferent80-source/crypto/blob/10889bede352dbccfd0bc575f2d9cd42b197466e/scripts/proba-v10082.mjs,59d1c35c50d3f8270f596e114334f4707f0eb9f8
Bearer Token,"""Bearer "" language:javascript",Pratham0741-lab/VIDYASETU,https://github.com/Pratham0741-lab/VIDYASETU,step3.mjs,backend/scripts/proofs/phase9-proof/step3.mjs,https://github.com/Pratham0741-lab/VIDYASETU/blob/09a2e026937a741ec38aefeff01846cbcd4166b7/backend/scripts/proofs/phase9-proof/step3.mjs,3acfd39b0f21c7b52fcea980532d652fc4dcd077
Bearer Token,"""Bearer "" language:javascript",reenusaini/rsaini-c-,https://github.com/reenusaini/rsaini-c-,roadService.js,bytheroad/ByTheRoad/Angular/scripts/roadService.js,https://github.com/reenusaini/rsaini-c-/blob/98aa2126a3c17e59ed04132ec2d5a9bc179e9d44/bytheroad/ByTheRoad/Angular/scripts/roadService.js,575369695240d804b6e8d5b840a5619511dcbca6
Bearer Token,"""Bearer "" language:javascript",Hayal27/E-STATION,https://github.com/Hayal27/E-STATION,detail copy.jsx,frontend/src/components/teamleader/report/view/detail copy.jsx,https://github.com/Hayal27/E-STATION/blob/c5a363ef5dbc793c2ab4e292b410e9794b50a8c3/frontend/src/components/teamleader/report/view/detail copy.jsx,e4c28ae88f473c82a1326161bab3505ba5a981d7
Bearer Token,"""Bearer "" language:javascript",777genius/ar,https://github.com/777genius/ar,run.mjs,scripts/e2e-live-workers/run.mjs,https://github.com/777genius/ar/blob/7086f8918916f7afb109b96587527e33ecef0715/scripts/e2e-live-workers/run.mjs,594eec94848199382d1e6cb839828cca4662905e
Bearer Token,"""Bearer "" language:javascript",edoC-doG/Blogging-App-V2,https://github.com/edoC-doG/Blogging-App-V2,Notifications.jsx,client/src/components/notification/Notifications.jsx,https://github.com/edoC-doG/Blogging-App-V2/blob/6e02c52851dcf2f45eb1c6f434e1353dd618dc47/client/src/components/notification/Notifications.jsx,6c2f0b0d0a65a64d6792456b8e6f233642397a6b
Bearer Token,"""Bearer "" language:javascript",caosos/CAOSCARE.COM,https://github.com/caosos/CAOSCARE.COM,ReportsTab.jsx,frontend/src/pages/ReportsTab.jsx,https://github.com/caosos/CAOSCARE.COM/blob/880d10f07e21a8572eec9a5f68771c42eba0eabe/frontend/src/pages/ReportsTab.jsx,b1f3658c6244130aefbba2f9b8300d5652d022d0
Bearer Token,"""Bearer "" language:javascript",freqitsupp0rt/wins,https://github.com/freqitsupp0rt/wins,route.js,app/api/manual-data/batch/route.js,https://github.com/freqitsupp0rt/wins/blob/245bf0c12b133d21fb86bb1ceb73aa906094e1f1/app/api/manual-data/batch/route.js,bc1935e9eb7c99220f8ee1c62a8d861911ceaa04
Bearer Token,"""Bearer "" language:javascript",FriskyDevelopments/fenrir-unified,https://github.com/FriskyDevelopments/fenrir-unified,neon.js,apps/fenrir-bridge/workers/fenrir-auth/src/neon.js,https://github.com/FriskyDevelopments/fenrir-unified/blob/3a941d49b284f4a759824601854fc913b0073284/apps/fenrir-bridge/workers/fenrir-auth/src/neon.js,9402895f7e3c1172aacf7e4f7d8cedb4c15abd2f
Bearer Token,"""Bearer "" language:javascript",cashme8/PaintAfrica,https://github.com/cashme8/PaintAfrica,app.js,paintafrica-backend/src/app.js,https://github.com/cashme8/PaintAfrica/blob/42a103662d94c5735aab6423c5f6e3e78616dd86/paintafrica-backend/src/app.js,a973085c97639e9b5fb9e299638c15c3f050f1ef
Bearer Token,"""Bearer "" language:javascript",deniciouss/itsecwb,https://github.com/deniciouss/itsecwb,server.js,server.js,https://github.com/deniciouss/itsecwb/blob/60a906b3c87e98d2e4bc1dca0544fd32c75fd74d/server.js,dd83754742ce7a985d6158e8302e319b156e3c8e
Bearer Token,"""Bearer "" language:javascript",calypsoCodex/hubspot-mcp-extended,https://github.com/calypsoCodex/hubspot-mcp-extended,generate-tools-from-spec-enhanced.js,scripts/generate-tools-from-spec-enhanced.js,https://github.com/calypsoCodex/hubspot-mcp-extended/blob/b645fe0ae53775a5d550f76cbe935e0bc3322598/scripts/generate-tools-from-spec-enhanced.js,6f770471c30feba96913cffbe678c5fa1906fb11
Bearer Token,"""Bearer "" language:javascript",AtharvaParwal/SnackStack,https://github.com/AtharvaParwal/SnackStack,VendorFood.js,frontend/src/components/users/VendorFood.js,https://github.com/AtharvaParwal/SnackStack/blob/521693ea5759bd29c3e9edd09efdcdf29280ca4a/frontend/src/components/users/VendorFood.js,b19b508c069facea676d3017e466a365dc164177
Bearer Token,"""Bearer "" language:javascript",Fosten/volto-home-assistant,https://github.com/Fosten/volto-home-assistant,View.jsx,packages/volto-home-assistant/src/components/Blocks/PlantWaterer/View.jsx,https://github.com/Fosten/volto-home-assistant/blob/cc104d7e98f9e510f33092213580a0dabb6de87a/packages/volto-home-assistant/src/components/Blocks/PlantWaterer/View.jsx,7255231ad8569db62bbfe671b1892b998ce7fd9f
Bearer Token,"""Bearer "" language:javascript",ablecloud-team/ablecloud-crm,https://github.com/ablecloud-team/ablecloud-crm,credit-management-page.js,frontend/src/features/credit/components/credit-management-page.js,https://github.com/ablecloud-team/ablecloud-crm/blob/e9fa84249cb519412c1296ec8083129b2a685340/frontend/src/features/credit/components/credit-management-page.js,9cfb5056853f3c20fae00cb6c2dd88929ce25eb5
Bearer Token,"""Bearer "" language:javascript",JAFP1458/FRONTEND2,https://github.com/JAFP1458/FRONTEND2,index.js,src/examples/Navbars/DashboardNavbar/index.js,https://github.com/JAFP1458/FRONTEND2/blob/f40ce450b6a38e0f613012278a8406fbd795347c/src/examples/Navbars/DashboardNavbar/index.js,0673f9e43665edf40527254889e5efc31c970948
Bearer Token,"""Bearer "" language:javascript",przemyslawrutkowski/gradebook,https://github.com/przemyslawrutkowski/gradebook,EditStatusForm.jsx,frontend/src/components/forms/statuses/EditStatusForm.jsx,https://github.com/przemyslawrutkowski/gradebook/blob/70230f96e9f874aac43b3f40d9ed9c63428c4ccb/frontend/src/components/forms/statuses/EditStatusForm.jsx,70196767dc47f3d660e7630d7539b06d59fbf431
Bearer Token,"""Bearer "" language:javascript",Satoshiish/GordonConnect,https://github.com/Satoshiish/GordonConnect,Forum.jsx,client/src/Pages/Forum.jsx,https://github.com/Satoshiish/GordonConnect/blob/55ee799983c068bfc2d93e727f2bdcf605358304/client/src/Pages/Forum.jsx,f8de06ca633542bb2a077e67e9d27105dc76d6c1
Bearer Token,"""Bearer "" language:javascript",febrydjr/netcomp_fe,https://github.com/febrydjr/netcomp_fe,CreateCategory.jsx,src/components/AdminDashboard/Menu/ProductCategory/CreateCategory.jsx,https://github.com/febrydjr/netcomp_fe/blob/f8c3a0e505942253ee23518fe277501d61696026/src/components/AdminDashboard/Menu/ProductCategory/CreateCategory.jsx,d9c48271069d00e3cd08ceb58550cc3216e08a55
Bearer Token,"""Bearer "" language:javascript",Brayanhacker22/renard_oficial,https://github.com/Brayanhacker22/renard_oficial,reservaRenard.js,src/app/assets/js/reservaRenard.js,https://github.com/Brayanhacker22/renard_oficial/blob/6e596a168324248b709722cca7266329e4015ff3/src/app/assets/js/reservaRenard.js,ae5d8a09b3459c57e0936487ec2c1337a154a7c3
Bearer Token,"""Bearer "" language:javascript",JananiS1418/Backend,https://github.com/JananiS1418/Backend,ShowCatogery.jsx,React/Project/react_project/src/components/ShowCatogery.jsx,https://github.com/JananiS1418/Backend/blob/d07057c5e8471255508db32148826c7c0b12a117/React/Project/react_project/src/components/ShowCatogery.jsx,fab84a63df6a9fd7b252a934933bb9e81aa978a0
Bearer Token,"""Bearer "" language:javascript",watthananick1/pet_storyUI,https://github.com/watthananick1/pet_storyUI,Feed_20230812070111.jsx,.history/src/components/feed/Feed_20230812070111.jsx,https://github.com/watthananick1/pet_storyUI/blob/437eca82d954666f4d3b33d08809603fb242b4d8/.history/src/components/feed/Feed_20230812070111.jsx,367958fb3fbec4b19b494eaeaf4f8b618fe7d4be
Bearer Token,"""Bearer "" language:javascript",robinmattern/AIDocs_dev01-robin,https://github.com/robinmattern/AIDocs_dev01-robin,getAPI_u1.04.mjs,client1/c16_aidocs-review-app/utils/FRTs/getAPI_u1.04.mjs,https://github.com/robinmattern/AIDocs_dev01-robin/blob/aaae8fe478e8d6a2905b8b9b11bace98ec99c987/client1/c16_aidocs-review-app/utils/FRTs/getAPI_u1.04.mjs,1f1c1915ea0388f95b388fcd905f53629d41639e
Bearer Token,"""Bearer "" language:javascript",robinmattern/AIDocs_demo1-master,https://github.com/robinmattern/AIDocs_demo1-master,getAPI_u1.04.mjs,client1/c16_aidocs-review-app/utils/FRTs/getAPI_u1.04.mjs,https://github.com/robinmattern/AIDocs_demo1-master/blob/ba6e73e9132746d68bb92ca06d22530a3ef71bd8/client1/c16_aidocs-review-app/utils/FRTs/getAPI_u1.04.mjs,1f1c1915ea0388f95b388fcd905f53629d41639e
Bearer Token,"""Bearer "" language:javascript",blueNSX/AIDocs_Rick-dev01,https://github.com/blueNSX/AIDocs_Rick-dev01,getAPI_u1.04.mjs,client1/c16_aidocs-review-app/utils/FRTs/getAPI_u1.04.mjs,https://github.com/blueNSX/AIDocs_Rick-dev01/blob/75b6694d925f8845a834472c8a9c933152624bb8/client1/c16_aidocs-review-app/utils/FRTs/getAPI_u1.04.mjs,1f1c1915ea0388f95b388fcd905f53629d41639e
Bearer Token,"""Bearer "" language:javascript",robinmattern/AIDocs_test1-robin,https://github.com/robinmattern/AIDocs_test1-robin,getAPI_u1.04.mjs,client1/c16_aidocs-review-app/utils/FRTs/getAPI_u1.04.mjs,https://github.com/robinmattern/AIDocs_test1-robin/blob/a012a055c4fb0033a0322a8351b3bf072831cf5a/client1/c16_aidocs-review-app/utils/FRTs/getAPI_u1.04.mjs,1f1c1915ea0388f95b388fcd905f53629d41639e
Bearer Token,"""Bearer "" language:javascript",robinmattern/AIDocs_testr-master,https://github.com/robinmattern/AIDocs_testr-master,getAPI_u1.04.mjs,client1/c16_aidocs-review-app/utils/FRTs/getAPI_u1.04.mjs,https://github.com/robinmattern/AIDocs_testr-master/blob/4af6b2af6fc68894092a2171d6a6dde7323ec5b3/client1/c16_aidocs-review-app/utils/FRTs/getAPI_u1.04.mjs,1f1c1915ea0388f95b388fcd905f53629d41639e
Bearer Token,"""Bearer "" language:javascript",jiacpr-arch/jia-online,https://github.com/jiacpr-arch/jia-online,Admin.jsx,files/jia-online/src/admin/Admin.jsx,https://github.com/jiacpr-arch/jia-online/blob/ac85162dae82eac80bf41f1bd180ef8efcfec90c/files/jia-online/src/admin/Admin.jsx,2a67d743355550b7b5ce7a3b7fca2af1b5f2deea
Bearer Token,"""Bearer "" language:javascript",amandeeppal0001/career_counselling,https://github.com/amandeeppal0001/career_counselling,ProfileCompletionPopup.jsx,client/src/pages/ProfileCompletionPopup.jsx,https://github.com/amandeeppal0001/career_counselling/blob/7b2844b9fd9a1f5aebd99032066c7364a5ced48e/client/src/pages/ProfileCompletionPopup.jsx,b03eb016d00999905008a817b284c8cb97d67c7d
Bearer Token,"""Bearer "" language:javascript",Chran19/GreenBasket,https://github.com/Chran19/GreenBasket,auth.js,middleware/auth.js,https://github.com/Chran19/GreenBasket/blob/c478a37c047846e3be677ba8f731c57718546d52/middleware/auth.js,d4f51661c778e7f06b2912487eb2c7fc169603a2
Bearer Token,"""Bearer "" language:javascript",watthananick1/pet_storyUI,https://github.com/watthananick1/pet_storyUI,TopBar_20230816184233.js,.history/src/components/dashboard/TopBar_20230816184233.js,https://github.com/watthananick1/pet_storyUI/blob/437eca82d954666f4d3b33d08809603fb242b4d8/.history/src/components/dashboard/TopBar_20230816184233.js,c4f8d5cde134a5c0c01f4c6d52cbeef64f482f8c
Bearer Token,"""Bearer "" language:javascript",Chakrapani95/git-repo1,https://github.com/Chakrapani95/git-repo1,ManualCheque.jsx,frontend/src/screens/Admin/Reports/DonationReport/ManualCheque/ManualCheque.jsx,https://github.com/Chakrapani95/git-repo1/blob/e2a2df273e5ebd80ae3d06fbcb76c160d6049772/frontend/src/screens/Admin/Reports/DonationReport/ManualCheque/ManualCheque.jsx,30ce545fd7dcf580e4d7485645b45c3a282de2cb
Bearer Token,"""Bearer "" language:javascript",Skelptin/kundalpurFE,https://github.com/Skelptin/kundalpurFE,ManualCheque.jsx,frontend/src/screens/Admin/Reports/DonationReport/ManualCheque/ManualCheque.jsx,https://github.com/Skelptin/kundalpurFE/blob/7e6a3e851df63c4bce78e3f2ec1473386eaa39a3/frontend/src/screens/Admin/Reports/DonationReport/ManualCheque/ManualCheque.jsx,30ce545fd7dcf580e4d7485645b45c3a282de2cb
Bearer Token,"""Bearer "" language:javascript",syed-arif-ali/Academic-Coursework-and-Projects,https://github.com/syed-arif-ali/Academic-Coursework-and-Projects,authMiddleware.js,DevOps Coursework/F21AO - Coursework Dev Phase - Dubai PG Group 2/TCH-PIS-main/TCH-PIS-main/services/patient-registration/src/middlewares/authMiddleware.js,https://github.com/syed-arif-ali/Academic-Coursework-and-Projects/blob/1b4b0abe5ba07af19f02b391ddc66ae18527d2f2/DevOps Coursework/F21AO - Coursework Dev Phase - Dubai PG Group 2/TCH-PIS-main/TCH-PIS-main/services/patient-registration/src/middlewares/authMiddleware.js,507280a51eae29f137032026fb52b7ec0dea7391
Bearer Token,"""Bearer "" language:javascript",faddahy/faddahy-savings-grok,https://github.com/faddahy/faddahy-savings-grok,server-DNUaL9_F.mjs,app-files/.vercel/output/functions/__server.func/_ssr/server-DNUaL9_F.mjs,https://github.com/faddahy/faddahy-savings-grok/blob/b41e56836e7ce6118c052a46e357453172c75871/app-files/.vercel/output/functions/__server.func/_ssr/server-DNUaL9_F.mjs,16c1b5a29022277d274014d9e3e89641d1c14dc3
Bearer Token,"""Bearer "" language:javascript",Shadowfit/init,https://github.com/Shadowfit/init,catalog.mjs,docs/usecase/catalog.mjs,https://github.com/Shadowfit/init/blob/4c195c379c1953327c8c9615ad385b5ddc4a8664/docs/usecase/catalog.mjs,1936e53f074879c535b024781c0d60d1416c6947
Bearer Token,"""Bearer "" language:javascript",Kiranmai0415/NAAC,https://github.com/Kiranmai0415/NAAC,c11.js,app/containers/Affiliated/Authorize HOD/ViewHOD/CriteriaView-1/cV11/c11.js,https://github.com/Kiranmai0415/NAAC/blob/aa33383d4175028b7d4725cda1734b6233bf587f/app/containers/Affiliated/Authorize HOD/ViewHOD/CriteriaView-1/cV11/c11.js,d5bd9a9cf21343f4582ab064a9812e6f1b09e718
Bearer Token,"""Bearer "" language:javascript",dinalperaketiya/Devquest,https://github.com/dinalperaketiya/Devquest,challenge14.test.js,tests/challenge14.test.js,https://github.com/dinalperaketiya/Devquest/blob/60a438aa43a118384a6307b8472e7aa37b022b22/tests/challenge14.test.js,d21d45891ff1617d62f9aaca6b5d515dfff2a219
Bearer Token,"""Bearer "" language:javascript",antonLukshman/DevQuest,https://github.com/antonLukshman/DevQuest,challenge14.test.js,tests/challenge14.test.js,https://github.com/antonLukshman/DevQuest/blob/6e493624d0f00db9656b49a37badd4d7098da145/tests/challenge14.test.js,d21d45891ff1617d62f9aaca6b5d515dfff2a219
Bearer Token,"""Bearer "" language:javascript",rubybear-lgtm/leetcode-buddy,https://github.com/rubybear-lgtm/leetcode-buddy,api.test.js,server/__tests__/api.test.js,https://github.com/rubybear-lgtm/leetcode-buddy/blob/aa7cbcc19beade70964abc1084df7a6c8d659f57/server/__tests__/api.test.js,3780b2fa800e7c02798968c4371ab792caabcca1
Bearer Token,"""Bearer "" language:javascript",0rdox/Share-A-Meal-P4,https://github.com/0rdox/Share-A-Meal-P4,meal.test.js,test/integration/meal.test.js,https://github.com/0rdox/Share-A-Meal-P4/blob/7d7ab34ab3a70aa7fd99d5766ee2c2552f0fd757/test/integration/meal.test.js,474134cff0f9b61ec8405ba88f393f4ad99eefe5
Bearer Token,"""Bearer "" language:javascript",VirajithaDilsh/playnest,https://github.com/VirajithaDilsh/playnest,factories.js,apps/api/tests/helpers/factories.js,https://github.com/VirajithaDilsh/playnest/blob/6b1a2188b89ea3f2d8ca370e92eafddf0f08a0d6/apps/api/tests/helpers/factories.js,1cbbbd735946f774f1882346d4d4f22374ce1a67
Bearer Token,"""Bearer "" language:javascript",Offrix/Swedish-ERP,https://github.com/Offrix/Swedish-ERP,phase4-route-hardening-api.test.mjs,tests/integration/phase4-route-hardening-api.test.mjs,https://github.com/Offrix/Swedish-ERP/blob/08a0131fd377a07869ba54ca1ccf308cec445973/tests/integration/phase4-route-hardening-api.test.mjs,6312913a2e4093f80f6632aada74ec541d844af2
Bearer Token,"""Bearer "" language:javascript",chadvoegele/matrix-acp-bridge,https://github.com/chadvoegele/matrix-acp-bridge,steering-raw-wire.mjs,agent_tests/e2e-support/steering-raw-wire.mjs,https://github.com/chadvoegele/matrix-acp-bridge/blob/0fd70cfd9d4a1914dc70ade1e2687878459b4367/agent_tests/e2e-support/steering-raw-wire.mjs,4a66d665512c2229d145a6864dffa77deae49680
Bearer Token,"""Bearer "" language:javascript",Harshupadhyay9719/Email-Sender,https://github.com/Harshupadhyay9719/Email-Sender,test_query.js,backend/test_query.js,https://github.com/Harshupadhyay9719/Email-Sender/blob/c1488018db0156b8aea84ef788c88700ffc7abe5/backend/test_query.js,959a5900138c41744ed0a6df4b83001af318afef
Bearer Token,"""Bearer "" language:javascript",FoldedOdin/AquaChain,https://github.com/FoldedOdin/AquaChain,test-both-fixes.js,scripts/testing/test-both-fixes.js,https://github.com/FoldedOdin/AquaChain/blob/8867db38c5292ba70f76fcf5d5cf67f9c7dba1b6/scripts/testing/test-both-fixes.js,425478c4cb56d8f84bfc6ed7843f8311a62be294
Bearer Token,"""Bearer "" language:javascript",suonatorefelice/GLTSegnaletica,https://github.com/suonatorefelice/GLTSegnaletica,TC-118_integration_concurrent_api_calls.test.js,GLT-BACKEND-master/tests/security/TC-118_integration_concurrent_api_calls.test.js,https://github.com/suonatorefelice/GLTSegnaletica/blob/c7ca32ebcfd7954a3d34cb8aa027c8dae21360a2/GLT-BACKEND-master/tests/security/TC-118_integration_concurrent_api_calls.test.js,9b946843e5be9bd42f2e5df0e572977b5721051e
Bearer Token,"""Bearer "" language:javascript",parallelvisionberlin/parallelvisionberlin.github.io,https://github.com/parallelvisionberlin/parallelvisionberlin.github.io,lab-seedance.test.mjs,tests/lab-seedance.test.mjs,https://github.com/parallelvisionberlin/parallelvisionberlin.github.io/blob/f4f5b0de3c3d7498f161f1d8d6220bf93c80d1c8/tests/lab-seedance.test.mjs,6fd6625e331c966bd9aa8f718fe9a2e87b883873
Bearer Token,"""Bearer "" language:javascript",SaurabhKumarPatel-sudo/Taskify,https://github.com/SaurabhKumarPatel-sudo/Taskify,test-tasks.js,backend/test-tasks.js,https://github.com/SaurabhKumarPatel-sudo/Taskify/blob/1658d346e08d4bc8cbaf9dba8e313ffef0a91a78/backend/test-tasks.js,51edd0fd270d566d651ffdb3a0b979d8121c2e6c
Bearer Token,"""Bearer "" language:javascript",aliassar/job-swiper,https://github.com/aliassar/job-swiper,api-download.spec.js,tests/api-download.spec.js,https://github.com/aliassar/job-swiper/blob/b65ff243abdd217019b42e3a61e1f8a1245b3373/tests/api-download.spec.js,ff58d6f1af285f399c445684f62bff3d10eb3fce
Bearer Token,"""Bearer "" language:javascript",wilfison/ai-usagebar,https://github.com/wilfison/ai-usagebar,main.test.js,tests/lib/vendors/custom/main.test.js,https://github.com/wilfison/ai-usagebar/blob/a391c3c45796d6d04aa1a8ae2f5c9bf43372ed76/tests/lib/vendors/custom/main.test.js,343bb50443190efa0426926fceef2e593b294ac9
Bearer Token,"""Bearer "" language:javascript",yuvarajan-s-16/Simple-stock-investment-platform,https://github.com/yuvarajan-s-16/Simple-stock-investment-platform,api.js,Frontend-React/src/Api/api.js,https://github.com/yuvarajan-s-16/Simple-stock-investment-platform/blob/1fecb952b8517d20fded94b7bef7ea431f40ec4c/Frontend-React/src/Api/api.js,9286e1deb314d06baec778f9d161e8e0029cb091
Bearer Token,"""Bearer "" language:javascript",mslfh/EasyMassageFrontend,https://github.com/mslfh/EasyMassageFrontend,axios.js,src/boot/axios.js,https://github.com/mslfh/EasyMassageFrontend/blob/dc7b18e4e71683cf737ed93b3db339538ad1141d/src/boot/axios.js,127e7e4ae12e00f6cc7a5355bfc0724636d70f41
Bearer Token,"""Bearer "" language:javascript",thekyle520/training_app,https://github.com/thekyle520/training_app,graphcms.js,services/graphcms.js,https://github.com/thekyle520/training_app/blob/52066ff65254af63360df8a4d4160bb8bf8c635b/services/graphcms.js,9157c3160a202371738df4ed5972eb29770eb71d
Bearer Token,"""Bearer "" language:javascript",kkarakas-averest/learnfinity-spark,https://github.com/kkarakas-averest/learnfinity-spark,groq-client.js,api/lib/groq-client.js,https://github.com/kkarakas-averest/learnfinity-spark/blob/4a08c5a810b3a5208e5cb026f3be0a25fa9e0301/api/lib/groq-client.js,6688ceb3c988cb9fee5ed4ce967abe343a3923fe
Bearer Token,"""Bearer "" language:javascript",nikhil935/spotify-clone-React,https://github.com/nikhil935/spotify-clone-React,Playlist.jsx,src/components/Playlist.jsx,https://github.com/nikhil935/spotify-clone-React/blob/8b1289a8d2e3f2994a78084e7dc1eb1064924d79/src/components/Playlist.jsx,0ae7c837af8319b742cbc1d3c9b80843847f9849
Bearer Token,"""Bearer "" language:javascript",vishnucyblnk/project-fair-mern,https://github.com/vishnucyblnk/project-fair-mern,MyProjects.jsx,src/Components/MyProjects.jsx,https://github.com/vishnucyblnk/project-fair-mern/blob/90fa5182eac012171fafe463386be0f9dbdc6db9/src/Components/MyProjects.jsx,760579c51a224d514f29abee0513f131987cb5e3
Bearer Token,"""Bearer "" language:javascript",TanvirFahimBD/beautify-me-client,https://github.com/TanvirFahimBD/beautify-me-client,ManageBarber.js,src/pages/Dashboard/ManageBarber.js,https://github.com/TanvirFahimBD/beautify-me-client/blob/7459fce819170a771d531ddc7df93c4c7c9c7d63/src/pages/Dashboard/ManageBarber.js,4e09b5bd6e67cd61dcbad3b631fa7209a5ba3680
Bearer Token,"""Bearer "" language:javascript",Mohitveeru/Moviereviewsystem,https://github.com/Mohitveeru/Moviereviewsystem,auth.js,backend/middleware/auth.js,https://github.com/Mohitveeru/Moviereviewsystem/blob/66219fc0edd0daf75c73ead46108757ac9b18ae6/backend/middleware/auth.js,0b1c72d95266f7ccebc25a4b26d712ec2ca5a3c7
Bearer Token,"""Bearer "" language:javascript",erintee/clothesline,https://github.com/erintee/clothesline,ClosetPage.jsx,src/pages/ClosetPage/ClosetPage.jsx,https://github.com/erintee/clothesline/blob/1c433e84d593e6dbb17dc723f20fd0299516d71b/src/pages/ClosetPage/ClosetPage.jsx,c994d8496db88d7ca7dc0e118b5e538cb129c662
Bearer Token,"""Bearer "" language:javascript",AHLJvanderPlas/justfit,https://github.com/AHLJvanderPlas/justfit,push-dispatch.js,functions/api/push-dispatch.js,https://github.com/AHLJvanderPlas/justfit/blob/d784f43eadbb80c22ded11c90de60764a5f8fa74/functions/api/push-dispatch.js,2c36c92dc5e0d740f6d0eb1ff96c7bb60b498c01
Bearer Token,"""Bearer "" language:javascript",chrishannaby/redirectsTest,https://github.com/chrishannaby/redirectsTest,axios.js,components/utils/axios.js,https://github.com/chrishannaby/redirectsTest/blob/d9d700a14b7b72853787d91000454d11d452a74d/components/utils/axios.js,b02d31e731bc6ec4b27ed0fe8c3945ecd5c9b915
Bearer Token,"""Bearer "" language:javascript",sansjaindev/multiNeeds,https://github.com/sansjaindev/multiNeeds,routes.js,routes.js,https://github.com/sansjaindev/multiNeeds/blob/9f3b73b4f57086d6298226bc11944fb715dc5273/routes.js,d55d289a2465847091c0ffdf0f94846f6a1454b5
Bearer Token,"""Bearer "" language:javascript",themaxhook/electron44,https://github.com/themaxhook/electron44,solve.js,api/solve.js,https://github.com/themaxhook/electron44/blob/b686a200701107f45b337bc82ea97ac300a42f90/api/solve.js,f6c9149a6ae6f89d0efe82af947951746b186274
Bearer Token,"""Bearer "" language:javascript",Ahmed-Ehab-601/HomeMate,https://github.com/Ahmed-Ehab-601/HomeMate,axiosClient.js,homemate-frontend/src/admin/api/axiosClient.js,https://github.com/Ahmed-Ehab-601/HomeMate/blob/6e3d0208f0a96db828720436bd91ad308164f815/homemate-frontend/src/admin/api/axiosClient.js,346554ca5997d7cf939ef3cd368fc1759f257be2
Bearer Token,"""Bearer "" language:javascript",jeromyevans/node-oauth2-jwt-example,https://github.com/jeromyevans/node-oauth2-jwt-example,model.js,model.js,https://github.com/jeromyevans/node-oauth2-jwt-example/blob/64289608d8db5d69632dae7f6e38eaca0e632cfd/model.js,ca2027a5cbd4ecd0bdbe61fe2e9f62d271f01f53
Bearer Token,"""Bearer "" language:javascript",PluvioXO/uninear,https://github.com/PluvioXO/uninear,App.js,mobile/App.js,https://github.com/PluvioXO/uninear/blob/e7e2a20f5544ca4bdaa5351f00cb2e91736e3f4f/mobile/App.js,b9a1e59945202bd7fea5726eaaa60092ca66443f
Bearer Token,"""Bearer "" language:javascript",VPA2103/DoAnMonHoc-React-frontend,https://github.com/VPA2103/DoAnMonHoc-React-frontend,QuanLyNguyenLieu.jsx,src/pages/Admin/QuanLyNguyenLieu/QuanLyNguyenLieu.jsx,https://github.com/VPA2103/DoAnMonHoc-React-frontend/blob/7ce9b5ac1006ea81fe4653f20f277e968bbb4fb7/src/pages/Admin/QuanLyNguyenLieu/QuanLyNguyenLieu.jsx,24ed1f1ab09245244fb1c3946f3c6a4655781247
Bearer Token,"""Bearer "" language:javascript",Prottasha0212/LMSProject,https://github.com/Prottasha0212/LMSProject,AppContext.jsx,client/src/context/AppContext.jsx,https://github.com/Prottasha0212/LMSProject/blob/01b79e7aa7637c7d3af1cac51d93e4ccd9e49cae/client/src/context/AppContext.jsx,c2b6d55998665d2d4678e834037b217adadc9fa4
Bearer Token,"""Bearer "" language:javascript",simmonekelly/simmone-kelly-capstone-lastsetbestset,https://github.com/simmonekelly/simmone-kelly-capstone-lastsetbestset,Dashboard.js,client/src/pages/Dashboard/Dashboard.js,https://github.com/simmonekelly/simmone-kelly-capstone-lastsetbestset/blob/70696301fc90b397d0df33ad8a4c40bba82082a4/client/src/pages/Dashboard/Dashboard.js,973544f5100c5c5c0311661fa2e3bec82374346c
Bearer Token,"""Bearer "" language:javascript",Facundo-Barbera/Pulso,https://github.com/Facundo-Barbera/Pulso,asc.mjs,apps/ios/asc.mjs,https://github.com/Facundo-Barbera/Pulso/blob/eeba848e8e432af563f167e682ff524caa79fbb4/apps/ios/asc.mjs,93817fecc90883b943e188a7dd621d04b645965f
Bearer Token,"""Bearer "" language:javascript",artemmelnychuk/config,https://github.com/artemmelnychuk/config,credentialed.js,homepage/src/utils/proxy/handlers/credentialed.js,https://github.com/artemmelnychuk/config/blob/d4f07f1f5a7aeefbc9f238a366eb3d257acc33ff/homepage/src/utils/proxy/handlers/credentialed.js,42522802328ec60fe6816fb63e0da33df5a00680
Bearer Token,"""Bearer "" language:javascript",net-specter/machine_learning_face_recognition,https://github.com/net-specter/machine_learning_face_recognition,taskController.js,backend/task-service/src/controllers/taskController.js,https://github.com/net-specter/machine_learning_face_recognition/blob/dfa836d0da67d5e80507e93d56c37d414b3e49ad/backend/task-service/src/controllers/taskController.js,fa62d280d49bb9c0173918a6c2d8257e448770c5
Bearer Token,"""Bearer "" language:javascript",lebronejames2323/frontend_latest,https://github.com/lebronejames2323/frontend_latest,AccountPage.jsx,src/Pages/AccountPage.jsx,https://github.com/lebronejames2323/frontend_latest/blob/cb94557450d972c3fa651b85c8866c98c0994282/src/Pages/AccountPage.jsx,56ce45dee9e55d4dd10c508ae1a2e5971cf0c539
Bearer Token,"""Bearer "" language:javascript",Khadidja02/e-commerce-website,https://github.com/Khadidja02/e-commerce-website,ChangePassword.js,React/hello-world/src/ChangePassword.js,https://github.com/Khadidja02/e-commerce-website/blob/42ce03802ee5581b81225e2b1d65a84d987e33ac/React/hello-world/src/ChangePassword.js,dae89afa2cfe81f69ad928e475f0faa325236ee2
Bearer Token,"""Bearer "" language:javascript",monkrus/ap2-expense-agent,https://github.com/monkrus/ap2-expense-agent,apiHelpers.js,frontend/src/services/apiHelpers.js,https://github.com/monkrus/ap2-expense-agent/blob/b5754ec77193f9844f4cb38adcdcd1a3e39ab517/frontend/src/services/apiHelpers.js,cf50f4c94758721a76b63def755fad64735a6ea2
Bearer Token,"""Bearer "" language:javascript",thekensai/rpdata,https://github.com/thekensai/rpdata,property.controller.js,app/controllers/property.controller.js,https://github.com/thekensai/rpdata/blob/75e43213b3a231a0366be6a6335ec36df732d545/app/controllers/property.controller.js,736259d66ad279f8fc25e85cfa6fa633cab46a7a
Bearer Token,"""Bearer "" language:javascript",AhmadOsama9/coding-sensai-frontend,https://github.com/AhmadOsama9/coding-sensai-frontend,LoggingService.js,frontend/src/services/LoggingService.js,https://github.com/AhmadOsama9/coding-sensai-frontend/blob/0eae03ef9b5f4f1b7f3cb9e4128f0d694371fe8f/frontend/src/services/LoggingService.js,75aaa54d8b827e7c155dd02078a998392aab40f1
Bearer Token,"""Bearer "" language:javascript",selcoool/real_project,https://github.com/selcoool/real_project,user.js,back/services/user.js,https://github.com/selcoool/real_project/blob/7f18f1ee3bedc1660f0ec154d6fc5cd0617d4bc7/back/services/user.js,9c43310dc91f7baaf146c6a56413e81a4861da1d
Bearer Token,"""Bearer "" language:javascript",LukaPortnoi/ProyectoVeterinaria,https://github.com/LukaPortnoi/ProyectoVeterinaria,authMiddleware.js,server/vet/middlewares/authMiddleware.js,https://github.com/LukaPortnoi/ProyectoVeterinaria/blob/d8ef827723f0f7eeb1c6c3d48cac184ba5640ed8/server/vet/middlewares/authMiddleware.js,db899540df12235b735fdc812ac6c7d4752bacc3
Bearer Token,"""Bearer "" language:javascript",NeoDiuZ/alibaba,https://github.com/NeoDiuZ/alibaba,documentProcessing.js,app/utils/documentProcessing.js,https://github.com/NeoDiuZ/alibaba/blob/befd0ec79360c8cdcf6672b09d58f5c0f4533c8f/app/utils/documentProcessing.js,886ae3715e6461321c11d08ffa730eda4cb9f94d
Bearer Token,"""Bearer "" language:javascript",Tixoraa/Tixoraa-team,https://github.com/Tixoraa/Tixoraa-team,perplexity-sample.js,perplexity-sample.js,https://github.com/Tixoraa/Tixoraa-team/blob/b3b376f272220c4e5317635baa255ff98c9ff701/perplexity-sample.js,efdb5ad8d4cefc80371039f980d6f9678f2facbd
Bearer Token,"""Bearer "" language:javascript",NiksRat/EMSapp,https://github.com/NiksRat/EMSapp,AdminSummary.jsx,frontend/src/components/dashboard/AdminSummary.jsx,https://github.com/NiksRat/EMSapp/blob/276cc11b0bc2ef1a9ca591d36ec6ecdd71732e23/frontend/src/components/dashboard/AdminSummary.jsx,14880b223672789a7c495932b9fd36519c461c85
Bearer Token,"""Bearer "" language:javascript",AshutoshYadav08/FullStack,https://github.com/AshutoshYadav08/FullStack,UserCreditsContext.jsx,Experiment7/src/context/UserCreditsContext.jsx,https://github.com/AshutoshYadav08/FullStack/blob/34bff07efbaa677cc526edaf2ef46d8513ef2a40/Experiment7/src/context/UserCreditsContext.jsx,0646990e1ba81cc4e236cfce6f668f18eb52ab82
Bearer Token,"""Bearer "" language:javascript",RichardLi-1/learning-tool,https://github.com/RichardLi-1/learning-tool,research-report.js,src/analysis/research-report.js,https://github.com/RichardLi-1/learning-tool/blob/d414962bb32a784672752cea3220b6fdf2301c1a/src/analysis/research-report.js,c9618da76197dc1a00292951e3fb5e660b79d35f
Bearer Token,"""Bearer "" language:javascript",oddessentials/agent-guild-3d,https://github.com/oddessentials/agent-guild-3d,capture.mjs,docs/capture/capture.mjs,https://github.com/oddessentials/agent-guild-3d/blob/15bc3dec7fdfb86a933c76a8118c031b0ab097da/docs/capture/capture.mjs,9af4e016de39b71cd6c21729950e17dc1c125238
Bearer Token,"""Bearer "" language:javascript",Avverma9/jobAddah,https://github.com/Avverma9/jobAddah,auth.middleware.mjs,server/server/src/middlewares/auth.middleware.mjs,https://github.com/Avverma9/jobAddah/blob/aa580fded8233074b852246af6484c600b921ea9/server/server/src/middlewares/auth.middleware.mjs,f5a99342dda7b18f840230a78d641a76edc609f4
Bearer Token,"""Bearer "" language:javascript",Lucas1479/TaskMasters,https://github.com/Lucas1479/TaskMasters,Navbar.js,client/src/components/navbar/Navbar.js,https://github.com/Lucas1479/TaskMasters/blob/1a2b59ae19db0b896fc5351ea89d4652fd1d6cc9/client/src/components/navbar/Navbar.js,f6faf6df6c06100e40349c2a0d99b224e82f5ec1
Bearer Token,"""Bearer "" language:javascript",bautimassenzio/por-mas-tango-ecommerce,https://github.com/bautimassenzio/por-mas-tango-ecommerce,pedidos.js,public/admin/js/pedidos.js,https://github.com/bautimassenzio/por-mas-tango-ecommerce/blob/e34af17283c838008863cd4ed737874caa4adf71/public/admin/js/pedidos.js,3b470e7a291c754d828227dfaeda21545b24c8e5
Bearer Token,"""Bearer "" language:javascript",AbdallahSharkawy/AI-Violence-Detection-System,https://github.com/AbdallahSharkawy/AI-Violence-Detection-System,UsersTable.js,frontend/src/components/UsersTable.js,https://github.com/AbdallahSharkawy/AI-Violence-Detection-System/blob/e7c9c28e5d1bb2bd10a6012fb08cd11e7f6b4d30/frontend/src/components/UsersTable.js,b871792a965ebb8418278e1b8145b1eb9e5f090e
Bearer Token,"""Bearer "" language:javascript",devang668/fastp-pages,https://github.com/devang668/fastp-pages,index.js,_html/xl/Edge-TTS/index.js,https://github.com/devang668/fastp-pages/blob/111946d6118fd0db08dd66c4dca753b08c0bd0a3/_html/xl/Edge-TTS/index.js,7c98f1dd385134e22149b4b5b0d25574ef6e4e71
Bearer Token,"""Bearer "" language:javascript",letsgogreen/legitbodyfix,https://github.com/letsgogreen/legitbodyfix,cloudflare-stream.js,legacy-site/lib/cloudflare-stream.js,https://github.com/letsgogreen/legitbodyfix/blob/4e96e582dd7f4969795e49b61dc90b3f304b6a24/legacy-site/lib/cloudflare-stream.js,038d62d6d4820345413bff6de62a7f2afa56f7fc
Bearer Token,"""Bearer "" language:javascript",andrewl15/student-code,https://github.com/andrewl15/student-code,LoginView.jsx,module-3/13_Sharing_Data_Deeply/exercise/src/views/LoginView/LoginView.jsx,https://github.com/andrewl15/student-code/blob/1158be1e7e8433a2c45631a7327743c7c3720ff9/module-3/13_Sharing_Data_Deeply/exercise/src/views/LoginView/LoginView.jsx,b141842658d43885b1638125bb55cefc21d9e3f0
Bearer Token,"""Bearer "" language:javascript",hesnotsoharry/writing,https://github.com/hesnotsoharry/writing,w48-cache-smoke.mjs,marketing/scripts/w48-cache-smoke.mjs,https://github.com/hesnotsoharry/writing/blob/316aca6518f632de88135e6e128a456273b93f21/marketing/scripts/w48-cache-smoke.mjs,37eb5acb4588b7c0bc64ed6a3e038492f2c87778
Bearer Token,"""Bearer "" language:javascript",RichardDKlein/short-url-cypress-tests,https://github.com/RichardDKlein/short-url-cypress-tests,requests.js,cypress/e2e/reservations/reserve-any-short-url/requests.js,https://github.com/RichardDKlein/short-url-cypress-tests/blob/fc74a9dc158c7c1cf3f1008ea3066e09eb7ab70b/cypress/e2e/reservations/reserve-any-short-url/requests.js,9dec46730d9aa70b302e03d18cc948a1cc454d88
Bearer Token,"""Bearer "" language:javascript",joelblessed/apaxt,https://github.com/joelblessed/apaxt,App_20250321171046.js,.history/src/App_20250321171046.js,https://github.com/joelblessed/apaxt/blob/06b518cde10a29919c3709252f8dfd01bd709f27/.history/src/App_20250321171046.js,c9ed4a77403c8bbeba971e0e1790d0c6f356f39a
Bearer Token,"""Bearer "" language:javascript",sanrinawakes/yutakasa-tapping-coach,https://github.com/sanrinawakes/yutakasa-tapping-coach,ai-repair-independent-review.mjs,scripts/automation/ai-repair-independent-review.mjs,https://github.com/sanrinawakes/yutakasa-tapping-coach/blob/976c02593a1d4b43bda2d94ff5691fad990cf86d/scripts/automation/ai-repair-independent-review.mjs,257b3924598ee7ddf57608a24c233b0063042de3
Bearer Token,"""Bearer "" language:javascript",prem30488/realestate-template,https://github.com/prem30488/realestate-template,LocalitiesManager.jsx,frontend/src/components/admin/LocalitiesManager.jsx,https://github.com/prem30488/realestate-template/blob/793f23fa7c1bc5f4e407a373811a7295f3571953/frontend/src/components/admin/LocalitiesManager.jsx,c02516f88d1aeb5f92a68810c3753846754b7c87
Bearer Token,"""Bearer "" language:javascript",FayceMOTIV/fastgross-pro,https://github.com/FayceMOTIV/fastgross-pro,slackScraper.js,functions/src/intentHunter/pro/scrapers/slackScraper.js,https://github.com/FayceMOTIV/fastgross-pro/blob/2d50418edb50f904d1a6244c80b92619087ada78/functions/src/intentHunter/pro/scrapers/slackScraper.js,d51b11f6ac9450d3c2dcfedf7d057970df38f593
Bearer Token,"""Bearer "" language:javascript",AdminSparklores/FrontendSparklores,https://github.com/AdminSparklores/FrontendSparklores,final_checkout.jsx,src/components/Checkout/final_checkout.jsx,https://github.com/AdminSparklores/FrontendSparklores/blob/db6fcb85376837ab34c466cf312e7b8ec7d0c220/src/components/Checkout/final_checkout.jsx,69b38ef7366448fe071655833614d17bb1b61948
Bearer Token,"""Bearer "" language:javascript",brenoaraujo/lp-builder,https://github.com/brenoaraujo/lp-builder,OnboardingWizard.jsx,src/onboarding/OnboardingWizard.jsx,https://github.com/brenoaraujo/lp-builder/blob/aefab5a79c14f080927b305b8692b745610d9e77/src/onboarding/OnboardingWizard.jsx,a0bd383e13afeaad01df3b4d340905adf8d379f1
Bearer Token,"""Bearer "" language:javascript",mcgillChen/Restify,https://github.com/mcgillChen/Restify,ReservationsListGuest.jsx,P3/frontend/src/components/Reservations/ReservationsListGuest.jsx,https://github.com/mcgillChen/Restify/blob/45cfcdccd6d8850a539e95e384a0fac1ec47401b/P3/frontend/src/components/Reservations/ReservationsListGuest.jsx,a914e2e823ef2defd43807d3104527472f088b05
Bearer Token,"""Bearer "" language:javascript",AilaVarun/BookMyShow,https://github.com/AilaVarun/BookMyShow,SeatLayout.jsx,src/client/src/pages/SeatLayout.jsx,https://github.com/AilaVarun/BookMyShow/blob/a74c35fad5aae3c20f76dc9d4096e0cfbbdd9c92/src/client/src/pages/SeatLayout.jsx,b7848db90dfc1b375f30b5942c8c80af250c33d5
Bearer Token,"""Bearer "" language:javascript",Vamsi-Raju-Oleti/CodeAlpha_tasks,https://github.com/Vamsi-Raju-Oleti/CodeAlpha_tasks,script.js,CodeAlpha_Social Media/frontend/script.js,https://github.com/Vamsi-Raju-Oleti/CodeAlpha_tasks/blob/6badf8c14e3eb788c63b2c774357dd12e324c0da/CodeAlpha_Social Media/frontend/script.js,0e9cac86f9d0e973ac889e7eb12bfcd0c6ba10ca
Bearer Token,"""Bearer "" language:javascript",roy-corentin/EpitechBundle,https://github.com/roy-corentin/EpitechBundle,CreateForm.jsx,B-DEV-500-BDX-5-1-area/front/src/Pages/CreateForm.jsx,https://github.com/roy-corentin/EpitechBundle/blob/b47099044bea8f123ad28d0c64fe4931c7178f6c/B-DEV-500-BDX-5-1-area/front/src/Pages/CreateForm.jsx,a38de4d030a48b9f8ac9b720e42bbef2880b61be
Bearer Token,"""Bearer "" language:javascript",Alecap07/Sistema_de_Gestion_Comercial,https://github.com/Alecap07/Sistema_de_Gestion_Comercial,PerfilConfiguracion.jsx,Sistema_Gestion_Usuarios/frontend/src/pages/PerfilConfiguracion.jsx,https://github.com/Alecap07/Sistema_de_Gestion_Comercial/blob/243d7be31ef1eb25e43fee0cfd26ef0bf5f6eb8e/Sistema_Gestion_Usuarios/frontend/src/pages/PerfilConfiguracion.jsx,44d42e546c9c9d61f35f485a137f9b970e2b43c8
Bearer Token,"""Bearer "" language:javascript",EquipoGimnasioApp/ProyectoGestorGimnasio,https://github.com/EquipoGimnasioApp/ProyectoGestorGimnasio,AbmUsuarios.jsx,gestor-gimnasio-app/src/components/abm-usuarios/AbmUsuarios.jsx,https://github.com/EquipoGimnasioApp/ProyectoGestorGimnasio/blob/21ac75b9cdcb92d985be3bdf619d15308a29bd7a/gestor-gimnasio-app/src/components/abm-usuarios/AbmUsuarios.jsx,9e8b4813a926a98beec05d866ec9af2dfaa26b09
Bearer Token,"""Bearer "" language:javascript",Emekabest/Hafrik-pro,https://github.com/Emekabest/Hafrik-pro,pollcontent.jsx,src/pages/home/feeds/feedcardproperties/pollcontent.jsx,https://github.com/Emekabest/Hafrik-pro/blob/a8a03e82782c07c8e3f9aa62dc5cd4aeb45b7e84/src/pages/home/feeds/feedcardproperties/pollcontent.jsx,f885e94739959a4c8171167084a5b9233083a6cc
Bearer Token,"""Bearer "" language:javascript",dungPtitt/vltg-be,https://github.com/dungPtitt/vltg-be,don_20230523165240.js,.history/Base365/controllers/timviec/don_20230523165240.js,https://github.com/dungPtitt/vltg-be/blob/ab726b5b151f68d085643292374330b4ab7356b1/.history/Base365/controllers/timviec/don_20230523165240.js,9dd4bc826e58bbf9b0d19aecb9b6d7e4cdf7739d
Bearer Token,"""Bearer "" language:javascript",vuhoanganh1102/ApiDGNL_365,https://github.com/vuhoanganh1102/ApiDGNL_365,don_20230523165240.js,.history/Base365/controllers/timviec/don_20230523165240.js,https://github.com/vuhoanganh1102/ApiDGNL_365/blob/5e18a22fa6750790084b1d14dce11d20ab43f034/.history/Base365/controllers/timviec/don_20230523165240.js,9dd4bc826e58bbf9b0d19aecb9b6d7e4cdf7739d
Bearer Token,"""Bearer "" language:javascript",tuandh111/GraduationThesisFE,https://github.com/tuandh111/GraduationThesisFE,adminDentalStaffController_20240620213128.js,.history/assets/js/app/adminDentalStaffController_20240620213128.js,https://github.com/tuandh111/GraduationThesisFE/blob/0f281906d0866772899b5232e78dc69880e38eb7/.history/assets/js/app/adminDentalStaffController_20240620213128.js,03fe9e9e4488546c831cb77f77d0133cf0421d54
Bearer Token,"""Bearer "" language:javascript",egyjs/expose-files-mcp,https://github.com/egyjs/expose-files-mcp,expose-files-mcp.js,bin/expose-files-mcp.js,https://github.com/egyjs/expose-files-mcp/blob/556f891937c6ffcaff44df1ebb921dda068183f8/bin/expose-files-mcp.js,1d1a9fde1dbdec0362db8050e947bed933e354d0
Bearer Token,"""Bearer "" language:javascript",CleanCodeRo/ELearningPlatform_Frontend,https://github.com/CleanCodeRo/ELearningPlatform_Frontend,katas.js,src/populate/katas.js,https://github.com/CleanCodeRo/ELearningPlatform_Frontend/blob/4c15ccf35e84b2a4630f5b4caf0a3465b2c66b97/src/populate/katas.js,988551a185f60aa8259964f26a05ba4d0c86559c
Bearer Token,"""Bearer "" language:javascript",sawal123/pos-mobile,https://github.com/sawal123/pos-mobile,syncBootstrapService.js,src/services/sync/syncBootstrapService.js,https://github.com/sawal123/pos-mobile/blob/771abe8024fc437c9f1051b71abd0a7a5018186d/src/services/sync/syncBootstrapService.js,6175947edcf14736bf4a3bd7242f6ab01920da24
Bearer Token,"""Bearer "" language:javascript",Anurag-Sonawane/Claritas,https://github.com/Anurag-Sonawane/Claritas,auth_rbac.test.js,tests/auth_rbac.test.js,https://github.com/Anurag-Sonawane/Claritas/blob/4b0cb07386e742c8ca09fd50229b6157a934a136/tests/auth_rbac.test.js,22587e36a7404fd8759fb423cbaf3b82385c9223
Bearer Token,"""Bearer "" language:javascript",EnderAdam/NWEN304-Group-Project,https://github.com/EnderAdam/NWEN304-Group-Project,PUT Product.js,tests/responseTime/PUT Product.js,https://github.com/EnderAdam/NWEN304-Group-Project/blob/cdb414d1aaf29b07ee4a2d46f78cb7b2fe969e0b/tests/responseTime/PUT Product.js,10cd7dcc5fe8e9da7d35c105e0baf8d68b24cd43
Bearer Token,"""Bearer "" language:javascript",pekoe09/eqma,https://github.com/pekoe09/eqma,assetTransactions.test.js,server/tests/assetTransactions.test.js,https://github.com/pekoe09/eqma/blob/4b0e1635f3f5c897c6e590524c5b5f0e9715ecd7/server/tests/assetTransactions.test.js,b5803cdb70d27ca3028cb724f6f2026ad44e136a
Bearer Token,"""Bearer "" language:javascript",DiegoOliveiraz/FastWork.github.io,https://github.com/DiegoOliveiraz/FastWork.github.io,fastwork.test.js,test/fastwork.test.js,https://github.com/DiegoOliveiraz/FastWork.github.io/blob/abde18f6b81e4fd5dba9c77dc13bd098adf2c3da/test/fastwork.test.js,c762179091c21399f5671830caf8a1c5bf5b1c11
Bearer Token,"""Bearer "" language:javascript",chandreshkkhatri/vibe-jam,https://github.com/chandreshkkhatri/vibe-jam,smoke.test.js,src/003 simple-blogging-platform/tests/smoke.test.js,https://github.com/chandreshkkhatri/vibe-jam/blob/26ebc8d2f150659f9fc6c745533e1b299b4fc857/src/003 simple-blogging-platform/tests/smoke.test.js,9214f72b82c7555e8f2d0a14420645b4b97cf2ed
Bearer Token,"""Bearer "" language:javascript",TheDevil79/Hack-tober-Fest,https://github.com/TheDevil79/Hack-tober-Fest,intelligence.test.js,server/tests/intelligence.test.js,https://github.com/TheDevil79/Hack-tober-Fest/blob/6601502275f74838c62d1e553451012354e00a96/server/tests/intelligence.test.js,124bf4cbdfde05b8a97b0791a908990fc1d35897
Bearer Token,"""Bearer "" language:javascript",DEFRA/fg-gas-backend,https://github.com/DEFRA/fg-gas-backend,resolve-endpoint-service-url.test.js,src/agreements/services/integrations/resolve-endpoint-service-url.test.js,https://github.com/DEFRA/fg-gas-backend/blob/606ceabecdd08c6ef231bdacde79559f7681521d/src/agreements/services/integrations/resolve-endpoint-service-url.test.js,cf197fd6a03d8ca7db3ee90e9027fdb3848c5c35
Bearer Token,"""Bearer "" language:javascript",urbanbreach/agent-harness,https://github.com/urbanbreach/agent-harness,security-hardening.test.mjs,scripts/qa/security-hardening.test.mjs,https://github.com/urbanbreach/agent-harness/blob/63e2c4980c7470acc49aaff176bac8de43582359/scripts/qa/security-hardening.test.mjs,0db150a1131a394729ce8cd8ce42425e3f0f3a1f
Bearer Token,"""Bearer "" language:javascript",Knightplayzz/clash-of-clans,https://github.com/Knightplayzz/clash-of-clans,getClanMembers.test.js,test/clans/getClanMembers.test.js,https://github.com/Knightplayzz/clash-of-clans/blob/069d8d15eff8b08efc1b8e7875a46347db989b6e/test/clans/getClanMembers.test.js,7ca586b6142c216399329c11da24eb0ff6f86e50
Bearer Token,"""Bearer "" language:javascript",DattaKaligotla/Barcable-LoadTesting,https://github.com/DattaKaligotla/Barcable-LoadTesting,test-webhooks-clean.js,test-webhooks-clean.js,https://github.com/DattaKaligotla/Barcable-LoadTesting/blob/3349407bc84d0dd3be3dc9885357ada3aac2ed9e/test-webhooks-clean.js,c71e250eb11fac1766e81767341cc8843b000438
Bearer Token,"""Bearer "" language:javascript",NinjaEde/mcp-chat,https://github.com/NinjaEde/mcp-chat,ai-connections-update.test.js,backend/tests/ai-connections-update.test.js,https://github.com/NinjaEde/mcp-chat/blob/731eacc313427a20355d143563eb825656e3a049/backend/tests/ai-connections-update.test.js,755daa7cc7f1661cd843f2d01b82f9610acf6367
Bearer Token,"""Bearer "" language:javascript",tanmayjoddar/HelathTracker1,https://github.com/tanmayjoddar/HelathTracker1,auth.js,src/services/auth.js,https://github.com/tanmayjoddar/HelathTracker1/blob/caccfb7cfbb5e2a801656805f85fe24f42477762/src/services/auth.js,0c8456b636f65fe6d0a62b668622ce04128d4beb
Bearer Token,"""Bearer "" language:javascript",shataev/wanna-track-client,https://github.com/shataev/wanna-track-client,auth.utils.js,src/utils/auth.utils.js,https://github.com/shataev/wanna-track-client/blob/9014bd761c884b596f172b1806f7b2b2b9d7af07/src/utils/auth.utils.js,2a279d045787d48d85424664037d8ad4a91a3e36
Bearer Token,"""Bearer "" language:javascript",01hardi/Trading-AI-ChatBot-Application,https://github.com/01hardi/Trading-AI-ChatBot-Application,api.js,Frontend-React/src/Api/api.js,https://github.com/01hardi/Trading-AI-ChatBot-Application/blob/f8cae773355643b78b2e254e3d67356e34e05ef7/Frontend-React/src/Api/api.js,9286e1deb314d06baec778f9d161e8e0029cb091
Bearer Token,"""Bearer "" language:javascript",UDDITwork/Trading-SYSTEM-in-SPRINGBOOT,https://github.com/UDDITwork/Trading-SYSTEM-in-SPRINGBOOT,api.js,Frontend-React/src/Api/api.js,https://github.com/UDDITwork/Trading-SYSTEM-in-SPRINGBOOT/blob/691ed9c5e4c2a96eea5d554183243891342bc377/Frontend-React/src/Api/api.js,9286e1deb314d06baec778f9d161e8e0029cb091
Bearer Token,"""Bearer "" language:javascript",Rishitkesharwani/Crypto-Treading-Platform,https://github.com/Rishitkesharwani/Crypto-Treading-Platform,api.js,Frontend-React/src/Api/api.js,https://github.com/Rishitkesharwani/Crypto-Treading-Platform/blob/01118062d71008b2eb3f49afbc38fb7833c81c92/Frontend-React/src/Api/api.js,9286e1deb314d06baec778f9d161e8e0029cb091
Bearer Token,"""Bearer "" language:javascript",Luixls/FE2-EA2.1-FRONT,https://github.com/Luixls/FE2-EA2.1-FRONT,AuthContext.jsx,src/context/AuthContext.jsx,https://github.com/Luixls/FE2-EA2.1-FRONT/blob/f95ad3ac087522f0ad7b12d526162a0edb73b39b/src/context/AuthContext.jsx,0a3dbb9157cdd1cd45357f2ad90e54c7a112a984
Bearer Token,"""Bearer "" language:javascript",ZhyvotivskyiOleksii/sellerbot-ai,https://github.com/ZhyvotivskyiOleksii/sellerbot-ai,ChatBox.jsx,frontend/components/ChatBox.jsx,https://github.com/ZhyvotivskyiOleksii/sellerbot-ai/blob/018c94984d76b4a5d1d52e3bf6905bd83ee03c68/frontend/components/ChatBox.jsx,de2c9266a410a1db188c93c42dc949949cdf3ef8
Bearer Token,"""Bearer "" language:javascript",PriyanshuTarsauliya/Source-Code,https://github.com/PriyanshuTarsauliya/Source-Code,api.js,Frontend-React/src/Api/api.js,https://github.com/PriyanshuTarsauliya/Source-Code/blob/cac42e7f50cabf41f2ffdf05a7f1df24aae03d1c/Frontend-React/src/Api/api.js,9286e1deb314d06baec778f9d161e8e0029cb091
Bearer Token,"""Bearer "" language:javascript",lei-xy24/onchain-flow-visualizer,https://github.com/lei-xy24/onchain-flow-visualizer,refresh-market-input.mjs,scripts/refresh-market-input.mjs,https://github.com/lei-xy24/onchain-flow-visualizer/blob/6ca7b152bf93c23bae15963491ba56ab10052564/scripts/refresh-market-input.mjs,7e3d2a0b532f59f0875e0cd183db7a5f41db964e
Bearer Token,"""Bearer "" language:javascript",SANAL-C-T/EmployeeManagMT,https://github.com/SANAL-C-T/EmployeeManagMT,AdminGetUserToEditAction.js,Clientside/src/Actions/AdminAction/AdminGetUserToEditAction.js,https://github.com/SANAL-C-T/EmployeeManagMT/blob/cdcb3b1a34078f6852033536cbefa4c82a89015f/Clientside/src/Actions/AdminAction/AdminGetUserToEditAction.js,b30da32dc1d804dcc6b4e4b902022ac1b3019f57
Bearer Token,"""Bearer "" language:javascript",d-barletta/open-broccoli,https://github.com/d-barletta/open-broccoli,firestoreService.js,src/services/firestoreService.js,https://github.com/d-barletta/open-broccoli/blob/35fad76acf03945c5254590aaabf82c09f0fa4d6/src/services/firestoreService.js,0e089eab6f64364e2e98b803cb64f892d968462b
Bearer Token,"""Bearer "" language:javascript",dimasalimon44-hash/SiteCrypto,https://github.com/dimasalimon44-hash/SiteCrypto,dashboard.js,static/js/dashboard.js,https://github.com/dimasalimon44-hash/SiteCrypto/blob/7ae8634d45145628750ebbc9fbb1fa186054996b/static/js/dashboard.js,bd7a06c8e98c6af06651eb6f95e0b126a5823023
Bearer Token,"""Bearer "" language:javascript",Revaldyhfz/fibonacci,https://github.com/Revaldyhfz/fibonacci,AdminPage.jsx,frontend/src/pages/AdminPage.jsx,https://github.com/Revaldyhfz/fibonacci/blob/7bc637dbded3370fba6f97f682524c5ad3808bf1/frontend/src/pages/AdminPage.jsx,b08ca13a1437311088902e8802076f9d5bb4d0f9
Bearer Token,"""Bearer "" language:javascript",ifaiz21/Fundify,https://github.com/ifaiz21/Fundify,Feedbacks.jsx,src/Pages/AdminSide/Feedbacks.jsx,https://github.com/ifaiz21/Fundify/blob/0b71c365a207ae5d697eecad2bf609bb5ea592cd/src/Pages/AdminSide/Feedbacks.jsx,a5f2695496ad220223e5dfd45602447611bc9939
Bearer Token,"""Bearer "" language:javascript",Fishing-Booker/fishing-booker,https://github.com/Fishing-Booker/fishing-booker,instructorReservations.js,fishing-booker-front/src/components/instructor/instructorReservations.js,https://github.com/Fishing-Booker/fishing-booker/blob/31f0b080d19cb4cfa8b83af2db10549e9f5d954b/fishing-booker-front/src/components/instructor/instructorReservations.js,909203d40f517619e79742fb89371854825b393f
Bearer Token,"""Bearer "" language:javascript",01talhaa/ecom,https://github.com/01talhaa/ecom,page.js,app/admin/branches/page.js,https://github.com/01talhaa/ecom/blob/88d155cc9c750ef289a3141d63ebad221e29e7ac/app/admin/branches/page.js,f97a64995d4cd1fdeb4e4eb7d945b7ffc86c474d
Bearer Token,"""Bearer "" language:javascript",hridoy-islam-111/Sharemeal,https://github.com/hridoy-islam-111/Sharemeal,PasswordResetRequestModal.jsx,client/src/components/common/PasswordResetRequestModal.jsx,https://github.com/hridoy-islam-111/Sharemeal/blob/58ac61a76f0b299d21969d74cdd6e49a29526d52/client/src/components/common/PasswordResetRequestModal.jsx,4fe2cae9162e0ad485bfcd4f9a1958ebc1c0542a
Bearer Token,"""Bearer "" language:javascript",Nitinjainn/HackZen,https://github.com/Nitinjainn/HackZen,Create-hackathon.jsx,Frontend/src/pages/mainDashboard/organizerDashboard/Create-hackathon.jsx,https://github.com/Nitinjainn/HackZen/blob/0eef9570f7618ecea1d2414e0e1313dc833eaa82/Frontend/src/pages/mainDashboard/organizerDashboard/Create-hackathon.jsx,05ad058237a3ca30401e149ab1cda26b883d2fec
Bearer Token,"""Bearer "" language:javascript",Subrat053/lucohire_v2,https://github.com/Subrat053/lucohire_v2,SourceConnector.js,backend/legacy-mongoose-models/SourceConnector.js,https://github.com/Subrat053/lucohire_v2/blob/7a59ab040dce206a78f560eeeee46433196276c7/backend/legacy-mongoose-models/SourceConnector.js,7bef6f4d7ef37985e8f990f4d200b8b64c8d14b0
Bearer Token,"""Bearer "" language:javascript",Suiveurtag/monochrome-homelab,https://github.com/Suiveurtag/monochrome-homelab,live-server.mjs,.agents/skills/impeccable/scripts/live-server.mjs,https://github.com/Suiveurtag/monochrome-homelab/blob/627734e5e7f06761d283db185a71375f51a8458e/.agents/skills/impeccable/scripts/live-server.mjs,0a7c20ea165a36f4dc4a3673faa82bea27754e1c
Bearer Token,"""Bearer "" language:javascript",Jacobo4/mirandaz-frontend,https://github.com/Jacobo4/mirandaz-frontend,index_20221129203027.jsx,.history/pages/eventCenter/[idEventCenter]/index_20221129203027.jsx,https://github.com/Jacobo4/mirandaz-frontend/blob/342b6c92301f3115e52889ce2e680ce4f79ffd76/.history/pages/eventCenter/[idEventCenter]/index_20221129203027.jsx,635671a6bd0a2c41b1992576e8267e1190893067
